Data;Hora UTC;PRECIPITAÇÃO TOTAL, HORÁRIO (mm);PRESSAO ATMOSFERICA AO NIVEL DA ESTACAO, HORARIA (mB);PRESSÃO ATMOSFERICA MAX.NA HORA ANT. (AUT) (mB);PRESSÃO ATMOSFERICA MIN. NA HORA ANT. (AUT) (mB);RADIACAO GLOBAL (Kj/m²);TEMPERATURA DO AR - BULBO SECO, HORARIA (°C);TEMPERATURA DO PONTO DE ORVALHO (°C);TEMPERATURA MÁXIMA NA HORA ANT. (AUT) (°C);TEMPERATURA MÍNIMA NA HORA ANT. (AUT) (°C);TEMPERATURA ORVALHO MAX. NA HORA ANT. (AUT) (°C);TEMPERATURA ORVALHO MIN. NA HORA ANT. (AUT) (°C);UMIDADE REL. MAX. NA HORA ANT. (AUT) (%);UMIDADE REL. MIN. NA HORA ANT. (AUT) (%);UMIDADE RELATIVA DO AR, HORARIA (%);VENTO, DIREÇÃO HORARIA (gr) (° (gr));VENTO, RAJADA MAXIMA (m/s);VENTO, VELOCIDADE HORARIA (m/s)
2022/12/08;0000 UTC;;;;;;;;;;;;;;;;;
2022/12/08;0100 UTC;;;;;;;;;;;;;;;;;
2022/12/08;0200 UTC;;;;;;;;;;;;;;;;;
2022/12/08;0300 UTC;;;;;;;;;;;;;;;;;
2022/12/08;0400 UTC;;;;;;;;;;;;;;;;;
2022/12/08;0500 UTC;;;;;;;;;;;;;;;;;
2022/12/08;0600 UTC;;;;;;;;;;;;;;;;;
2022/12/08;0700 UTC;;;;;;;;;;;;;;;;;
2022/12/08;0800 UTC;;;;;;;;;;;;;;;;;
2022/12/08;0900 UTC;;;;;;;;;;;;;;;;;
2022/12/08;1000 UTC;;;;;;;;;;;;;;;;;
2022/12/08;1100 UTC;;;;;;;;;;;;;;;;;
2022/12/08;1200 UTC;;;;;;;;;;;;;;;;;
2022/12/08;1300 UTC;;;;;;;;;;;;;;;;;
2022/12/08;1400 UTC;;;;;;;;;;;;;;;;;
2022/12/08;1500 UTC;;;;;;;;;;;;;;;;;
2022/12/08;1600 UTC;;;;;;;;;;;;;;;;;
2022/12/08;1700 UTC;;;;;;;;;;;;;;;;;
2022/12/08;1800 UTC;;;;;;;;;;;;;;;;;
2022/12/08;1900 UTC;2.8;1003.5;1003.5;1003.4;1667.4;31.1;21.4;33.3;31.1;21.9;20.7;56.0;47.0;56.0;149.0;;5.6
2022/12/08;2000 UTC;;;;;;;;;;;;;;;;;
2022/12/08;2100 UTC;0.0;1004.0;1004.0;1003.6;919.6;28.9;20.9;30.1;28.9;21.9;20.8;64.0;59.0;62.0;92.0;8.6;2.9
2022/12/08;2200 UTC;0.0;1004.4;1004.4;1004.0;192.9;27.2;20.6;28.9;27.2;20.9;20.5;68.0;62.0;67.0;85.0;5.7;2.3
2022/12/08;2300 UTC;0.0;1005.0;1005.0;1004.4;11.0;26.0;19.7;27.4;26.0;20.6;19.6;68.0;65.0;68.0;63.0;4.3;1.5
2022/12/09;0000 UTC;0.0;1005.3;1005.4;1005.0;0.0;24.8;19.6;26.0;24.6;20.4;19.5;76.0;68.0;73.0;46.0;3.6;1.3
2022/12/09;0100 UTC;0.0;1005.8;1005.8;1005.3;0.0;23.8;19.8;24.9;23.8;20.1;19.4;79.0;72.0;79.0;28.0;3.6;1.5
2022/12/09;0200 UTC;0.0;1006.5;1006.5;1005.8;0.0;21.4;19.0;23.8;21.4;19.9;19.0;87.0;79.0;86.0;354.0;3.1;0.4
2022/12/09;0300 UTC;0.0;1006.4;1006.6;1006.4;0.0;20.3;18.9;21.4;20.3;19.7;18.9;92.0;86.0;92.0;93.0;1.0;0.6
2022/12/09;0400 UTC;0.0;1006.0;1006.5;1006.0;0.0;19.9;19.0;20.5;19.7;19.6;18.7;96.0;92.0;95.0;54.0;1.5;0.9
2022/12/09;0500 UTC;0.0;1005.6;1006.0;1005.6;0.0;19.0;17.5;20.3;19.0;19.4;17.5;96.0;91.0;91.0;35.0;2.1;0.6
2022/12/09;0600 UTC;0.0;1005.8;1005.8;1005.6;0.0;19.0;18.4;19.1;18.2;18.5;17.1;97.0;91.0;96.0;37.0;2.0;1.1
2022/12/09;0700 UTC;0.0;1006.4;1006.4;1005.8;0.0;17.9;17.4;19.0;17.7;18.4;17.1;97.0;94.0;97.0;38.0;2.1;1.2
2022/12/09;0800 UTC;0.0;1006.7;1006.7;1006.4;0.0;17.9;17.4;18.0;17.4;17.6;16.8;97.0;95.0;97.0;73.0;1.6;1.0
2022/12/09;0900 UTC;0.0;1007.4;1007.4;1006.7;58.1;19.5;19.1;19.5;17.9;19.1;17.4;98.0;96.0;98.0;28.0;1.5;0.7
2022/12/09;1000 UTC;0.0;1008.4;1008.4;1007.4;413.0;19.4;19.1;19.6;19.0;19.2;18.7;98.0;98.0;98.0;46.0;3.0;1.6
2022/12/09;1100 UTC;0.0;1009.0;1009.0;1008.4;1002.5;22.4;20.7;22.4;19.4;21.1;19.0;98.0;90.0;90.0;47.0;3.1;1.5
2022/12/09;1200 UTC;0.0;1009.2;1009.3;1009.0;2245.7;24.9;21.3;24.9;22.4;21.4;19.9;91.0;79.0;80.0;42.0;4.3;2.2
2022/12/09;1300 UTC;0.0;1008.8;1009.2;1008.8;3055.0;27.7;21.2;27.7;24.6;21.6;20.3;80.0;67.0;67.0;117.0;3.8;1.6
2022/12/09;1400 UTC;0.0;1008.8;1008.9;1008.8;3562.6;27.5;21.8;30.1;27.2;22.4;16.8;73.0;47.0;71.0;200.0;6.2;4.1
2022/12/09;1500 UTC;0.0;1008.8;1009.0;1008.8;3844.6;29.3;19.9;29.8;27.2;22.6;19.9;73.0;57.0;57.0;208.0;6.8;4.3
2022/12/09;1600 UTC;0.0;1008.4;1008.8;1008.4;3827.3;30.3;20.6;31.0;29.2;21.9;18.7;60.0;51.0;56.0;172.0;7.5;3.9
2022/12/09;1700 UTC;0.0;1007.6;1008.4;1007.5;3742.6;31.3;19.8;31.9;30.0;21.8;19.1;58.0;49.0;51.0;151.0;8.3;4.8
2022/12/09;1800 UTC;0.0;1006.9;1007.6;1006.9;3348.4;31.5;20.4;32.2;30.7;21.0;18.6;52.0;47.0;52.0;130.0;9.4;4.4
2022/12/09;1900 UTC;0.0;1006.5;1006.9;1006.5;2756.8;31.4;20.6;32.3;31.2;21.6;19.0;56.0;47.0;53.0;99.0;7.8;4.3
2022/12/09;2000 UTC;0.0;1006.4;1006.5;1006.3;2037.7;30.4;17.8;31.5;30.4;20.7;17.8;53.0;46.0;47.0;87.0;7.1;4.5
2022/12/09;2100 UTC;0.0;1006.2;1006.4;1006.2;1229.3;28.7;18.2;30.4;28.7;18.7;17.0;53.0;46.0;53.0;107.0;7.1;4.5
2022/12/09;2200 UTC;0.0;1006.6;1006.6;1006.2;420.0;26.2;19.8;28.7;26.2;19.8;18.2;68.0;53.0;68.0;101.0;7.8;3.3
2022/12/09;2300 UTC;0.0;1007.2;1007.2;1006.5;11.2;24.1;20.4;26.2;23.8;20.4;19.6;80.0;68.0;80.0;96.0;6.5;2.6
2022/12/10;0000 UTC;0.0;1007.2;1007.5;1007.2;0.0;23.3;20.3;24.2;23.1;20.6;20.0;83.0;80.0;83.0;78.0;4.9;1.5
2022/12/10;0100 UTC;0.0;1006.8;1007.2;1006.6;0.0;23.0;19.9;23.5;22.6;20.2;19.7;84.0;80.0;83.0;31.0;6.8;1.4
2022/12/10;0200 UTC;0.0;1007.8;1007.9;1006.8;0.0;21.0;19.5;23.1;21.0;20.3;18.9;91.0;82.0;91.0;329.0;3.7;0.4
2022/12/10;0300 UTC;0.0;1007.1;1007.8;1007.0;0.0;20.5;19.7;21.2;19.9;19.9;18.4;95.0;89.0;95.0;284.0;1.3;0.4
2022/12/10;0400 UTC;0.0;1006.6;1007.1;1006.5;0.0;19.8;18.5;20.5;19.8;19.7;18.3;96.0;90.0;92.0;297.0;1.0;0.6
2022/12/10;0500 UTC;0.0;1006.8;1006.8;1006.4;0.0;19.5;18.9;20.0;19.1;19.3;18.0;97.0;92.0;96.0;338.0;1.0;0.5
2022/12/10;0600 UTC;0.0;1006.6;1006.8;1006.4;0.0;18.8;18.0;19.5;18.3;18.9;16.7;97.0;88.0;95.0;288.0;1.2;0.2
2022/12/10;0700 UTC;0.0;1006.9;1006.9;1006.4;0.0;19.7;19.3;19.7;18.6;19.3;17.9;98.0;95.0;98.0;347.0;1.6;0.4
2022/12/10;0800 UTC;0.0;1007.4;1007.4;1006.9;0.0;19.6;19.3;19.7;19.2;19.4;18.9;98.0;98.0;98.0;61.0;1.4;0.7
2022/12/10;0900 UTC;0.0;1007.9;1007.9;1007.4;104.5;19.8;19.5;19.8;19.1;19.5;18.7;98.0;98.0;98.0;61.0;1.5;0.5
2022/12/10;1000 UTC;0.0;1008.3;1008.4;1007.9;721.4;22.6;20.8;22.6;19.8;20.8;19.5;98.0;88.0;89.0;29.0;1.6;0.9
2022/12/10;1100 UTC;0.0;1008.5;1008.8;1008.3;1446.4;25.5;20.7;25.5;22.5;21.3;20.3;89.0;75.0;75.0;192.0;1.8;0.7
2022/12/10;1200 UTC;0.0;1008.5;1008.7;1008.5;2328.0;26.7;21.3;27.0;25.5;22.0;19.3;77.0;64.0;73.0;224.0;3.9;2.2
2022/12/10;1300 UTC;0.0;1008.2;1008.5;1008.2;2928.7;28.2;21.6;28.4;26.5;23.0;21.4;78.0;67.0;68.0;185.0;5.1;2.5
2022/12/10;1400 UTC;0.0;1007.9;1008.2;1007.9;2503.5;28.8;21.1;29.3;27.6;22.2;19.3;70.0;60.0;63.0;183.0;5.0;3.4
2022/12/10;1500 UTC;0.0;1008.6;1008.6;1007.9;3416.7;29.0;22.0;30.1;28.6;22.8;19.7;70.0;55.0;66.0;179.0;7.0;4.0
2022/12/10;1600 UTC;0.0;1008.3;1008.6;1008.2;2905.5;29.0;22.6;29.9;28.5;23.2;21.4;69.0;63.0;68.0;154.0;7.4;4.6
2022/12/10;1700 UTC;0.0;1008.0;1008.6;1008.0;2667.7;28.6;22.7;29.5;28.4;23.4;21.7;72.0;65.0;70.0;154.0;7.5;4.3
2022/12/10;1800 UTC;0.0;1007.9;1008.0;1007.8;2643.2;28.8;22.8;29.2;28.3;23.3;22.3;73.0;68.0;70.0;170.0;8.3;5.2
2022/12/10;1900 UTC;0.0;1007.7;1007.8;1007.5;1929.9;27.5;21.1;29.3;27.5;23.0;20.7;70.0;64.0;68.0;162.0;9.5;5.2
2022/12/10;2000 UTC;0.0;1008.1;1008.1;1007.5;1456.4;27.8;22.4;28.3;27.3;22.6;21.2;72.0;67.0;72.0;166.0;8.2;4.3
2022/12/10;2100 UTC;0.0;1008.3;1008.4;1008.1;692.5;27.4;23.1;27.8;27.2;23.4;22.3;79.0;72.0;77.0;139.0;7.5;3.3
2022/12/10;2200 UTC;0.0;1009.0;1009.0;1008.2;218.0;26.2;22.4;27.4;26.2;23.0;22.3;79.0;76.0;79.0;104.0;6.5;3.0
2022/12/10;2300 UTC;0.0;1009.5;1009.5;1009.0;10.7;24.9;21.9;26.3;24.9;22.3;21.9;83.0;78.0;83.0;98.0;6.4;3.2
2022/12/11;0000 UTC;0.0;1009.8;1009.8;1009.3;0.0;24.0;21.3;25.0;24.0;21.9;21.3;86.0;83.0;85.0;144.0;7.4;1.8
2022/12/11;0100 UTC;0.0;1010.0;1010.0;1009.7;0.0;23.4;20.9;24.0;23.2;21.4;20.7;87.0;84.0;86.0;143.0;3.8;1.1
2022/12/11;0200 UTC;0.0;1010.6;1010.7;1010.0;0.0;24.0;20.9;24.1;23.3;21.0;20.7;86.0;82.0;83.0;99.0;4.4;2.5
2022/12/11;0300 UTC;0.0;1010.7;1010.8;1010.6;0.0;23.9;20.8;24.2;23.8;21.0;20.6;84.0;80.0;83.0;100.0;4.6;1.8
2022/12/11;0400 UTC;0.0;1010.2;1010.8;1010.2;0.0;23.8;20.9;23.9;23.7;21.0;20.8;85.0;83.0;84.0;119.0;3.4;1.5
2022/12/11;0500 UTC;0.0;1009.9;1010.2;1009.9;0.0;23.7;20.8;23.8;23.6;21.0;20.7;85.0;83.0;84.0;124.0;3.8;2.1
2022/12/11;0600 UTC;0.0;1009.7;1009.9;1009.6;0.0;23.5;21.3;23.8;23.4;21.3;20.7;87.0;83.0;87.0;117.0;5.1;2.3
2022/12/11;0700 UTC;0.0;1009.6;1009.8;1009.6;0.0;23.6;21.4;23.6;23.4;21.4;21.2;88.0;87.0;88.0;106.0;4.4;2.4
2022/12/11;0800 UTC;0.0;1009.7;1009.8;1009.6;0.0;23.1;21.2;23.5;23.1;21.4;21.2;89.0;88.0;89.0;100.0;5.5;2.7
2022/12/11;0900 UTC;0.0;1009.8;1009.9;1009.6;83.7;23.0;21.3;23.2;22.7;21.3;21.0;91.0;89.0;90.0;96.0;4.6;2.4
2022/12/11;1000 UTC;0.0;1010.5;1010.5;1009.8;450.7;24.4;21.2;24.4;23.0;21.8;20.9;90.0;82.0;83.0;88.0;4.1;1.6
2022/12/11;1100 UTC;0.0;1010.7;1011.0;1010.5;1377.8;25.7;20.3;26.4;24.4;21.6;20.3;83.0;72.0;72.0;94.0;5.2;2.2
2022/12/11;1200 UTC;0.0;1010.0;1010.7;1010.0;2114.4;26.3;20.3;27.0;25.6;21.1;20.1;75.0;67.0;70.0;69.0;5.6;2.2
2022/12/11;1300 UTC;0.0;1010.0;1010.0;1009.9;1570.1;27.9;20.3;28.3;26.3;21.1;20.1;72.0;63.0;63.0;57.0;4.0;1.3
2022/12/11;1400 UTC;0.0;1009.1;1010.0;1009.1;2749.7;28.8;21.8;29.7;27.5;21.8;19.6;66.0;56.0;66.0;212.0;6.1;3.3
2022/12/11;1500 UTC;0.0;1008.0;1009.1;1008.0;3628.7;28.8;22.4;29.1;27.5;22.5;20.5;70.0;62.0;68.0;196.0;6.8;4.6
2022/12/11;1600 UTC;0.0;1007.4;1008.0;1007.4;3831.3;29.8;21.7;30.2;28.4;22.6;21.0;69.0;60.0;62.0;205.0;6.8;4.1
2022/12/11;1700 UTC;0.0;1006.7;1007.4;1006.6;3660.6;30.7;21.8;31.0;29.4;22.9;21.5;64.0;59.0;59.0;176.0;8.0;4.1
2022/12/11;1800 UTC;0.0;1005.7;1006.7;1005.7;3316.1;30.8;22.0;30.9;30.1;22.4;21.3;61.0;58.0;60.0;178.0;8.4;5.0
2022/12/11;1900 UTC;0.0;1004.3;1005.7;1004.3;2719.2;31.0;22.3;31.4;30.3;22.8;21.8;62.0;59.0;60.0;155.0;8.6;5.2
2022/12/11;2000 UTC;0.0;1003.3;1004.3;1003.3;1983.1;31.4;21.8;31.8;30.5;22.5;21.2;61.0;54.0;57.0;100.0;9.4;4.0
2022/12/11;2100 UTC;0.0;1003.4;1003.4;1003.2;1178.8;29.7;20.7;31.4;29.7;21.8;20.7;60.0;56.0;59.0;91.0;7.1;4.1
2022/12/11;2200 UTC;0.0;1003.5;1003.6;1003.4;402.4;27.4;20.9;29.7;27.4;21.0;20.5;68.0;59.0;68.0;66.0;6.8;2.7
2022/12/11;2300 UTC;0.0;1004.2;1004.2;1003.5;11.7;25.6;20.9;27.4;25.6;21.1;20.8;76.0;68.0;76.0;54.0;7.4;1.8
2022/12/12;0000 UTC;0.0;1004.3;1004.4;1004.0;0.0;24.3;21.3;25.6;24.3;21.3;20.9;83.0;76.0;83.0;26.0;4.7;2.6
2022/12/12;0100 UTC;0.0;1004.1;1004.4;1004.0;0.0;23.3;21.2;24.3;23.3;21.3;21.1;88.0;83.0;88.0;355.0;4.6;0.8
2022/12/12;0200 UTC;0.0;1003.9;1004.3;1003.9;0.0;21.9;20.8;23.3;21.3;21.2;19.9;94.0;87.0;93.0;355.0;2.1;1.0
2022/12/12;0300 UTC;0.0;1002.6;1003.9;1002.6;0.0;21.8;20.7;22.3;21.6;21.0;20.4;94.0;91.0;93.0;37.0;3.0;1.6
2022/12/12;0400 UTC;0.0;1002.7;1002.9;1002.6;0.0;20.9;20.3;21.8;20.6;20.7;19.7;97.0;92.0;96.0;32.0;3.0;0.6
2022/12/12;0500 UTC;0.0;1002.1;1002.7;1001.8;0.0;20.3;19.7;20.9;20.2;20.2;19.6;97.0;95.0;96.0;75.0;2.1;0.6
2022/12/12;0600 UTC;0.0;1001.6;1002.1;1001.6;0.0;20.0;19.5;20.4;19.9;19.8;19.3;97.0;96.0;96.0;27.0;1.8;0.9
2022/12/12;0700 UTC;0.0;1001.1;1001.6;1001.1;0.0;20.6;19.7;20.7;20.0;19.9;19.4;97.0;94.0;94.0;8.0;3.5;1.3
2022/12/12;0800 UTC;0.0;1001.4;1001.4;1001.0;0.0;20.3;19.8;20.7;19.9;19.9;19.2;97.0;94.0;97.0;73.0;2.6;0.9
2022/12/12;0900 UTC;0.0;1001.5;1001.6;1001.4;128.3;22.1;20.5;22.2;20.1;20.7;19.3;97.0;90.0;91.0;59.0;3.0;0.6
2022/12/12;1000 UTC;0.0;1001.9;1001.9;1001.5;790.4;25.9;21.4;25.9;22.0;21.7;20.5;93.0;76.0;76.0;333.0;5.0;1.4
2022/12/12;1100 UTC;0.0;1001.7;1002.1;1001.7;1604.0;27.7;21.8;27.7;25.7;22.1;20.9;79.0;68.0;70.0;328.0;5.7;1.8
2022/12/12;1200 UTC;0.0;1001.3;1001.7;1001.2;2307.7;29.1;20.6;29.5;27.7;22.1;20.2;70.0;59.0;60.0;298.0;8.7;4.6
2022/12/12;1300 UTC;0.0;1001.5;1001.5;1001.2;2968.3;31.2;20.1;31.3;29.1;21.2;20.1;60.0;52.0;52.0;289.0;9.9;4.0
2022/12/12;1400 UTC;0.0;1001.3;1001.6;1001.2;3458.2;33.6;20.2;34.2;31.2;21.2;19.7;52.0;45.0;46.0;288.0;9.8;4.3
2022/12/12;1500 UTC;0.0;1000.5;1001.3;1000.5;3759.2;35.0;19.6;35.5;33.4;21.4;19.0;47.0;40.0;41.0;286.0;10.4;4.2
2022/12/12;1600 UTC;0.0;999.3;1000.5;999.2;3826.1;36.8;19.7;37.0;35.0;20.6;19.1;41.0;36.0;37.0;285.0;10.2;3.7
2022/12/12;1700 UTC;0.0;1000.2;1001.0;999.3;2325.4;28.2;21.5;37.3;27.3;23.6;19.3;75.0;36.0;67.0;157.0;16.5;8.1
2022/12/12;1800 UTC;0.0;1001.9;1001.9;1000.1;2773.4;26.7;20.9;28.7;26.7;21.9;20.3;71.0;63.0;71.0;179.0;16.5;6.7
2022/12/12;1900 UTC;0.2;1001.7;1002.3;1000.5;224.3;24.8;21.5;26.7;24.5;22.2;20.9;86.0;71.0;82.0;133.0;11.3;2.2
2022/12/12;2000 UTC;0.4;1003.2;1003.2;1000.3;251.1;23.5;16.2;24.8;23.5;22.2;16.2;88.0;63.0;64.0;182.0;15.0;7.3
2022/12/12;2100 UTC;0.0;1003.9;1004.2;1002.8;107.5;20.6;17.1;23.9;20.6;17.8;15.7;82.0;60.0;80.0;148.0;16.9;5.8
2022/12/12;2200 UTC;3.0;1004.0;1005.2;1003.9;2.5;19.1;15.9;20.6;19.0;17.2;15.9;88.0;79.0;82.0;126.0;9.1;4.0
2022/12/12;2300 UTC;0.4;1004.8;1004.8;1003.6;3.5;19.5;16.6;19.5;18.7;16.6;15.3;84.0;80.0;83.0;139.0;8.5;1.2
2022/12/13;0000 UTC;2.6;1007.0;1007.2;1004.8;0.0;18.2;17.1;20.3;17.9;17.5;14.3;94.0;69.0;93.0;20.0;5.2;1.0
2022/12/13;0100 UTC;0.0;1007.4;1007.5;1006.5;0.0;18.2;17.3;18.4;17.9;17.4;16.5;95.0;90.0;95.0;346.0;2.7;1.4
2022/12/13;0200 UTC;0.0;1008.0;1008.2;1007.3;0.0;18.1;17.2;18.3;18.1;17.5;16.7;95.0;91.0;94.0;79.0;2.5;0.9
2022/12/13;0300 UTC;0.0;1008.0;1009.0;1007.3;0.0;18.9;17.1;18.9;18.0;17.5;17.0;95.0;90.0;90.0;318.0;3.3;1.1
2022/12/13;0400 UTC;0.2;1006.9;1008.2;1006.9;0.0;19.0;17.8;19.2;18.5;17.8;17.2;95.0;90.0;92.0;7.0;3.1;1.3
2022/12/13;0500 UTC;0.0;1006.8;1007.2;1006.7;0.0;18.8;17.5;19.1;18.7;18.2;17.5;95.0;91.0;92.0;34.0;2.5;0.8
2022/12/13;0600 UTC;0.0;1006.5;1006.9;1006.5;0.0;17.6;16.1;20.1;17.6;17.7;15.8;95.0;76.0;91.0;260.0;4.5;0.5
2022/12/13;0700 UTC;0.0;1006.4;1006.6;1006.4;0.0;18.9;13.7;19.2;17.6;16.4;13.7;92.0;72.0;72.0;234.0;6.0;2.7
2022/12/13;0800 UTC;0.0;1006.9;1006.9;1006.4;0.0;18.8;14.4;19.2;18.6;14.5;13.6;77.0;71.0;75.0;210.0;9.1;5.3
2022/12/13;0900 UTC;0.0;1007.6;1007.7;1006.9;92.5;18.9;13.9;18.9;18.4;14.6;13.8;78.0;72.0;73.0;215.0;8.9;5.8
2022/12/13;1000 UTC;0.0;1008.4;1008.4;1007.6;717.2;19.5;13.7;19.6;18.8;14.1;13.6;74.0;69.0;69.0;217.0;8.9;5.2
2022/12/13;1100 UTC;0.0;1009.4;1009.4;1008.4;1546.0;20.2;13.2;20.7;19.5;14.2;12.8;71.0;62.0;64.0;220.0;8.9;4.6
2022/12/13;1200 UTC;0.0;1009.9;1010.0;1009.4;2320.4;21.6;13.8;22.3;20.1;15.5;13.4;67.0;60.0;61.0;206.0;8.3;4.3
2022/12/13;1300 UTC;0.0;1010.2;1010.2;1009.9;3008.3;22.7;12.3;23.3;21.3;14.9;12.3;64.0;52.0;52.0;208.0;9.1;5.0
2022/12/13;1400 UTC;0.0;1010.5;1010.5;1010.1;3379.8;23.9;13.8;23.9;22.7;14.2;10.7;57.0;45.0;53.0;194.0;9.4;4.5
2022/12/13;1500 UTC;0.0;1010.7;1010.8;1010.4;3877.3;24.3;14.8;24.7;22.7;14.9;11.6;57.0;47.0;55.0;177.0;9.3;5.5
2022/12/13;1600 UTC;0.0;1010.8;1010.8;1010.6;3977.6;25.0;14.1;25.3;23.6;14.8;12.3;55.0;48.0;51.0;171.0;9.8;5.7
2022/12/13;1700 UTC;0.0;1010.7;1010.9;1010.5;3857.3;24.3;12.8;25.2;23.7;14.4;11.8;53.0;47.0;49.0;153.0;10.1;5.8
2022/12/13;1800 UTC;0.0;1010.8;1010.8;1010.5;3467.8;23.9;11.0;24.8;23.7;13.7;10.8;51.0;43.0;44.0;176.0;9.7;5.4
2022/12/13;1900 UTC;0.0;1010.4;1010.8;1010.4;2886.4;23.9;12.4;24.7;23.6;13.7;11.1;51.0;44.0;48.0;170.0;9.1;4.9
2022/12/13;2000 UTC;0.0;1010.3;1010.5;1010.2;2117.8;23.5;12.8;24.5;23.4;14.3;12.3;54.0;49.0;51.0;169.0;8.8;4.8
2022/12/13;2100 UTC;0.0;1010.4;1010.4;1010.3;1233.3;23.2;13.3;23.8;23.2;14.1;12.5;56.0;51.0;54.0;159.0;7.6;3.8
2022/12/13;2200 UTC;0.0;1011.1;1011.1;1010.4;474.1;22.4;13.0;23.3;22.4;13.7;12.5;56.0;51.0;55.0;146.0;7.0;3.1
2022/12/13;2300 UTC;0.0;1011.7;1011.7;1011.1;27.4;21.9;13.2;22.4;21.9;14.1;13.1;61.0;55.0;58.0;140.0;6.3;2.9
2022/12/14;0000 UTC;0.0;1011.9;1011.9;1011.7;0.0;20.7;14.2;21.9;20.6;14.3;13.1;67.0;58.0;67.0;99.0;5.1;3.2
2022/12/14;0100 UTC;0.0;1012.5;1012.5;1011.9;0.0;19.1;14.3;20.7;19.1;14.4;14.2;74.0;67.0;74.0;84.0;5.4;2.0
2022/12/14;0200 UTC;0.0;1012.7;1012.7;1012.5;0.0;18.5;14.3;19.2;18.4;14.5;14.2;78.0;74.0;77.0;56.0;3.0;1.5
2022/12/14;0300 UTC;0.0;1012.8;1012.8;1012.7;0.0;17.0;14.5;18.5;17.0;14.6;14.2;85.0;76.0;85.0;25.0;2.4;0.8
2022/12/14;0400 UTC;0.0;1012.7;1012.8;1012.7;0.0;15.6;14.1;17.0;15.6;14.6;14.1;91.0;84.0;91.0;65.0;1.3;0.4
2022/12/14;0500 UTC;0.0;1012.9;1013.0;1012.7;0.0;15.2;14.0;15.7;15.2;14.5;13.9;94.0;91.0;93.0;24.0;2.1;1.2
2022/12/14;0600 UTC;0.0;1012.9;1012.9;1012.8;0.0;14.9;13.6;15.2;14.8;14.0;13.3;93.0;91.0;92.0;45.0;2.1;0.8
2022/12/14;0700 UTC;0.0;1013.0;1013.0;1012.9;0.0;14.6;13.4;14.9;14.6;13.6;13.4;94.0;92.0;93.0;32.0;2.4;1.3
2022/12/14;0800 UTC;0.0;1012.9;1013.0;1012.8;0.0;14.8;13.4;14.8;14.1;13.6;12.9;95.0;91.0;91.0;29.0;2.9;1.7
2022/12/14;0900 UTC;0.0;1013.2;1013.2;1012.9;126.5;15.1;13.8;15.1;14.1;13.8;13.1;95.0;91.0;92.0;21.0;2.3;0.7
2022/12/14;1000 UTC;0.0;1013.6;1013.6;1013.2;871.0;18.4;14.4;18.4;15.1;15.1;13.7;92.0;76.0;78.0;36.0;2.1;1.0
2022/12/14;1100 UTC;0.0;1013.9;1013.9;1013.6;1613.9;21.6;13.1;21.9;18.4;15.4;13.1;79.0;58.0;58.0;17.0;2.8;1.4
2022/12/14;1200 UTC;0.0;1013.8;1013.9;1013.7;2363.7;23.5;12.4;23.7;21.6;14.0;11.7;60.0;47.0;50.0;84.0;4.8;2.6
2022/12/14;1300 UTC;0.0;1013.6;1013.8;1013.6;3062.8;24.3;12.3;24.7;23.4;13.2;10.5;50.0;44.0;47.0;114.0;4.9;2.1
2022/12/14;1400 UTC;0.0;1013.1;1013.6;1013.1;3565.6;25.6;13.1;25.7;24.2;13.4;11.2;49.0;42.0;46.0;13.0;5.6;2.0
2022/12/14;1500 UTC;0.0;1012.4;1013.2;1012.4;3824.2;26.8;9.7;27.2;25.1;13.6;9.6;46.0;34.0;34.0;26.0;5.6;2.1
2022/12/14;1600 UTC;0.0;1011.7;1012.4;1011.7;3842.7;27.6;15.9;27.6;25.7;15.9;9.1;53.0;33.0;49.0;170.0;8.3;3.4
2022/12/14;1700 UTC;0.0;1011.1;1011.8;1011.1;3816.3;27.6;14.7;27.9;26.3;16.1;13.1;52.0;42.0;45.0;145.0;8.3;4.7
2022/12/14;1800 UTC;0.0;1010.6;1011.1;1010.6;3415.0;27.8;13.3;27.9;26.5;15.2;11.7;48.0;38.0;41.0;146.0;9.7;5.5
2022/12/14;1900 UTC;0.0;1010.3;1010.6;1010.2;2826.6;27.5;13.6;28.3;27.2;15.1;10.8;46.0;34.0;43.0;106.0;9.7;6.4
2022/12/14;2000 UTC;0.0;1010.1;1010.3;1010.1;2084.6;26.2;11.2;27.6;26.1;14.2;10.9;44.0;38.0;39.0;105.0;9.8;6.7
2022/12/14;2100 UTC;0.0;1010.4;1010.5;1010.1;1270.6;25.1;12.3;26.4;25.0;12.4;10.8;45.0;38.0;45.0;97.0;9.8;5.6
2022/12/14;2200 UTC;0.0;1010.8;1010.8;1010.4;456.5;22.9;13.2;25.1;22.9;13.2;11.5;54.0;44.0;54.0;84.0;9.5;4.6
2022/12/14;2300 UTC;0.0;1011.2;1011.2;1010.7;15.5;21.3;13.2;23.0;21.0;13.3;12.9;61.0;53.0;60.0;83.0;8.9;3.0
2022/12/15;0000 UTC;0.0;1011.2;1011.3;1011.2;0.0;20.9;13.7;21.6;20.7;13.7;13.2;64.0;59.0;64.0;86.0;6.5;3.0
2022/12/15;0100 UTC;0.0;1011.4;1011.4;1011.2;0.0;20.5;14.4;21.0;20.3;14.4;13.7;68.0;64.0;68.0;70.0;6.9;2.3
2022/12/15;0200 UTC;0.0;1011.0;1011.4;1011.0;0.0;20.3;15.3;20.7;20.2;15.3;14.4;73.0;68.0;73.0;75.0;8.1;3.6
2022/12/15;0300 UTC;0.0;1010.7;1011.0;1010.7;0.0;19.8;15.8;20.5;19.8;15.8;15.3;78.0;73.0;77.0;82.0;7.2;2.6
2022/12/15;0400 UTC;0.0;1009.9;1010.7;1009.9;0.0;18.3;15.5;19.9;18.3;15.9;15.3;84.0;77.0;84.0;303.0;4.4;0.6
2022/12/15;0500 UTC;0.0;1009.0;1009.9;1009.0;0.0;17.0;15.7;18.3;16.5;15.7;14.9;92.0;84.0;92.0;16.0;2.4;0.7
2022/12/15;0600 UTC;0.0;1008.8;1009.0;1008.7;0.0;17.2;15.1;17.8;17.0;15.8;15.1;92.0;86.0;87.0;16.0;2.5;0.5
2022/12/15;0700 UTC;0.0;1009.1;1009.1;1008.8;0.0;15.5;14.3;17.2;15.5;15.3;14.0;94.0;87.0;92.0;146.0;1.5;0.5
2022/12/15;0800 UTC;0.0;1009.2;1009.2;1009.0;0.0;16.1;15.2;16.1;15.4;15.2;14.2;95.0;91.0;94.0;74.0;1.4;0.8
2022/12/15;0900 UTC;0.0;1010.2;1010.2;1009.2;123.5;16.7;14.9;16.7;15.7;15.2;14.5;95.0;89.0;89.0;91.0;1.5;0.7
2022/12/15;1000 UTC;0.0;1010.9;1010.9;1010.2;791.1;21.1;15.8;21.1;16.7;16.4;15.0;90.0;71.0;72.0;33.0;2.5;1.2
2022/12/15;1100 UTC;0.0;1010.9;1011.0;1010.8;1491.9;24.2;16.1;24.2;21.1;16.5;15.2;73.0;59.0;61.0;350.0;2.5;1.1
2022/12/15;1200 UTC;0.0;1011.5;1011.5;1010.8;2286.6;25.5;14.8;26.1;24.2;16.6;14.4;61.0;50.0;51.0;316.0;6.8;2.8
2022/12/15;1300 UTC;0.0;1011.1;1011.6;1011.1;2902.6;27.3;15.7;27.3;25.5;16.2;14.8;54.0;48.0;49.0;308.0;6.8;2.1
2022/12/15;1400 UTC;0.0;1010.2;1011.1;1010.2;3249.5;27.7;16.3;28.4;27.1;17.1;15.1;52.0;46.0;50.0;353.0;5.6;2.1
2022/12/15;1500 UTC;0.0;1010.1;1010.5;1010.1;3625.4;27.9;16.8;28.9;27.6;17.7;16.0;53.0;47.0;51.0;301.0;7.1;2.6
2022/12/15;1600 UTC;0.0;1009.3;1010.1;1009.3;3469.1;29.1;17.0;29.9;27.9;18.7;16.8;53.0;48.0;48.0;278.0;6.0;2.0
2022/12/15;1700 UTC;0.0;1008.6;1009.3;1008.6;2976.7;30.3;17.3;31.5;29.0;18.8;17.0;50.0;44.0;46.0;318.0;5.4;1.8
2022/12/15;1800 UTC;0.0;1007.9;1008.6;1007.9;2900.7;31.3;16.5;32.1;30.1;18.5;16.3;48.0;40.0;41.0;264.0;5.2;2.1
2022/12/15;1900 UTC;0.0;1008.0;1008.0;1007.7;2131.1;27.9;19.3;32.6;27.9;20.1;16.4;61.0;40.0;60.0;153.0;8.4;5.5
2022/12/15;2000 UTC;0.0;1007.5;1008.0;1007.5;806.4;27.3;19.3;28.0;27.1;19.8;18.4;62.0;58.0;62.0;148.0;8.4;3.7
2022/12/15;2100 UTC;0.0;1008.4;1008.4;1007.4;377.0;26.3;17.8;27.3;26.3;19.6;17.8;65.0;59.0;59.0;165.0;8.2;3.9
2022/12/15;2200 UTC;0.0;1008.9;1008.9;1007.9;179.9;25.5;17.0;26.3;25.5;18.1;15.9;61.0;54.0;59.0;164.0;7.5;2.6
2022/12/15;2300 UTC;0.0;1009.4;1009.4;1008.9;15.7;24.9;16.8;25.6;24.9;17.0;16.2;61.0;56.0;61.0;171.0;6.4;2.2
2022/12/16;0000 UTC;0.0;1009.5;1009.8;1009.4;0.0;24.8;15.9;25.0;24.6;17.0;14.8;63.0;53.0;58.0;174.0;7.9;4.8
2022/12/16;0100 UTC;0.0;1010.0;1010.0;1009.5;0.0;23.8;15.3;24.8;23.8;17.0;15.2;63.0;58.0;59.0;170.0;10.3;3.9
2022/12/16;0200 UTC;0.0;1010.1;1010.2;1010.0;0.0;23.1;17.3;23.8;23.1;17.3;15.3;70.0;59.0;70.0;183.0;8.4;4.2
2022/12/16;0300 UTC;0.0;1009.8;1010.2;1009.8;0.0;22.9;18.0;23.4;22.7;18.0;17.2;74.0;69.0;73.0;185.0;8.4;4.5
2022/12/16;0400 UTC;0.0;1009.5;1009.8;1009.4;0.0;22.9;17.8;23.0;22.8;18.2;17.5;75.0;71.0;73.0;174.0;9.4;3.8
2022/12/16;0500 UTC;0.0;1009.1;1009.5;1009.0;0.0;22.1;19.2;23.0;22.0;19.2;17.3;84.0;71.0;83.0;220.0;7.5;4.1
2022/12/16;0600 UTC;0.0;1008.8;1009.1;1008.8;0.0;21.5;18.7;22.3;21.5;19.2;18.6;84.0;80.0;84.0;214.0;7.8;3.9
2022/12/16;0700 UTC;0.0;1009.2;1009.2;1008.8;0.0;20.7;17.3;21.6;20.7;18.8;17.3;85.0;81.0;81.0;216.0;9.5;5.7
2022/12/16;0800 UTC;0.0;1009.8;1009.8;1009.2;0.0;20.2;17.3;20.7;20.0;17.5;17.2;84.0;81.0;83.0;216.0;9.2;4.2
2022/12/16;0900 UTC;0.0;1010.3;1010.3;1009.7;71.5;20.1;17.3;20.2;19.9;17.3;16.9;84.0;83.0;84.0;224.0;9.5;5.0
2022/12/16;1000 UTC;0.0;1010.7;1010.8;1010.3;692.5;20.7;17.2;20.9;20.1;17.5;16.9;84.0;80.0;80.0;216.0;8.3;5.2
2022/12/16;1100 UTC;0.0;1011.2;1011.3;1010.7;1263.3;22.3;17.4;22.3;20.7;17.8;16.9;80.0;74.0;74.0;220.0;10.1;5.6
2022/12/16;1200 UTC;0.0;1011.5;1011.6;1011.2;2233.3;23.4;17.3;23.6;22.0;18.1;16.8;75.0;68.0;68.0;202.0;8.9;4.9
2022/12/16;1300 UTC;0.0;1011.8;1011.8;1011.5;1644.8;22.5;16.8;24.7;22.4;18.1;16.4;73.0;63.0;70.0;203.0;8.6;4.4
2022/12/16;1400 UTC;0.0;1011.7;1011.9;1011.7;2937.3;24.6;16.8;25.1;22.3;17.7;15.5;71.0;56.0;62.0;175.0;8.6;4.6
2022/12/16;1500 UTC;0.0;1012.4;1012.4;1011.7;2163.0;21.7;17.2;24.6;21.6;18.0;15.9;76.0;61.0;75.0;179.0;12.0;7.0
2022/12/16;1600 UTC;0.0;1012.3;1012.4;1012.1;2943.1;23.1;16.0;23.8;21.8;17.9;15.1;76.0;62.0;64.0;166.0;13.0;6.4
2022/12/16;1700 UTC;0.0;1011.7;1012.4;1011.6;3729.1;23.7;13.2;24.0;22.4;16.9;12.7;67.0;51.0;52.0;168.0;12.8;7.0
2022/12/16;1800 UTC;0.0;1010.9;1011.7;1010.9;3398.7;24.3;12.5;24.9;23.3;13.4;11.2;52.0;43.0;48.0;160.0;11.9;6.3
2022/12/16;1900 UTC;0.0;1010.7;1011.0;1010.6;2847.2;24.5;11.6;25.3;24.0;13.5;11.5;49.0;44.0;44.0;165.0;11.0;5.3
2022/12/16;2000 UTC;0.0;1010.6;1010.7;1010.5;2099.3;23.9;11.8;25.0;23.6;13.1;11.7;50.0;44.0;47.0;150.0;11.6;6.5
2022/12/16;2100 UTC;0.0;1011.0;1011.0;1010.6;1187.2;23.3;13.5;23.9;23.1;13.5;11.3;54.0;46.0;54.0;170.0;9.9;4.6
2022/12/16;2200 UTC;0.0;1011.4;1011.4;1011.0;485.5;22.1;13.7;23.3;22.1;14.7;13.3;60.0;54.0;59.0;173.0;10.2;5.3
2022/12/16;2300 UTC;0.0;1011.7;1011.8;1011.3;24.3;21.2;12.9;22.1;21.2;13.8;12.4;60.0;57.0;59.0;152.0;9.9;4.2
2022/12/17;0000 UTC;0.0;1012.1;1012.1;1011.7;0.0;21.2;13.2;21.4;21.0;13.7;12.4;63.0;57.0;61.0;134.0;8.3;4.5
2022/12/17;0100 UTC;0.0;1012.4;1012.5;1012.1;0.0;20.5;14.1;21.2;20.4;14.1;13.2;67.0;60.0;67.0;129.0;8.3;3.5
2022/12/17;0200 UTC;0.0;1012.3;1012.4;1012.2;0.0;20.0;13.7;20.7;19.8;14.1;13.4;67.0;64.0;67.0;103.0;7.0;2.7
2022/12/17;0300 UTC;0.0;1011.8;1012.3;1011.8;0.0;19.2;13.9;20.1;19.0;14.0;13.5;72.0;66.0;72.0;100.0;5.9;1.7
2022/12/17;0400 UTC;0.0;1011.2;1011.8;1011.2;0.0;17.9;14.0;19.4;17.9;14.1;13.8;79.0;70.0;78.0;21.0;2.9;1.0
2022/12/17;0500 UTC;0.0;1010.6;1011.2;1010.6;0.0;16.6;14.0;17.9;16.6;14.2;13.8;85.0;78.0;85.0;59.0;2.6;1.3
2022/12/17;0600 UTC;0.0;1010.3;1010.6;1010.3;0.0;15.9;13.7;17.0;15.9;14.2;13.7;88.0;81.0;87.0;52.0;2.3;0.5
2022/12/17;0700 UTC;0.0;1010.4;1010.4;1010.3;0.0;15.2;13.4;16.3;15.2;14.1;13.4;90.0;85.0;89.0;44.0;1.9;0.4
2022/12/17;0800 UTC;0.0;1010.6;1010.7;1010.4;0.0;14.5;12.9;15.2;14.5;13.6;12.8;92.0;88.0;90.0;48.0;2.0;1.0
2022/12/17;0900 UTC;0.0;1011.2;1011.2;1010.7;110.9;15.1;13.1;15.1;14.4;13.1;12.4;91.0;87.0;88.0;74.0;2.1;0.9
2022/12/17;1000 UTC;0.0;1011.9;1011.9;1011.2;756.6;19.8;13.2;19.8;15.1;14.6;13.1;88.0;66.0;66.0;75.0;1.5;0.6
2022/12/17;1100 UTC;0.0;1012.4;1012.4;1011.9;1514.9;22.2;12.6;22.3;19.9;13.8;12.3;65.0;54.0;55.0;75.0;4.5;1.8
2022/12/17;1200 UTC;0.0;1012.7;1012.7;1012.4;2115.9;22.5;12.5;23.4;22.0;13.4;12.2;56.0;51.0;53.0;77.0;5.9;1.9
2022/12/17;1300 UTC;0.0;1012.1;1012.7;1012.1;2893.4;24.3;11.9;25.0;22.4;13.8;11.3;55.0;43.0;46.0;77.0;5.4;2.8
2022/12/17;1400 UTC;0.0;1012.0;1012.1;1012.0;3153.5;25.5;12.5;25.8;23.3;13.0;10.6;50.0;40.0;44.0;90.0;5.5;2.2
2022/12/17;1500 UTC;0.0;1011.8;1012.2;1011.7;2601.3;25.1;13.9;25.6;24.0;15.1;11.3;53.0;41.0;50.0;139.0;7.7;3.8
2022/12/17;1600 UTC;0.0;1011.7;1011.8;1011.5;3009.5;23.1;15.3;25.8;22.9;17.0;13.5;65.0;49.0;62.0;153.0;11.9;7.3
2022/12/17;1700 UTC;0.0;1011.3;1011.7;1011.2;3861.5;24.8;15.7;24.8;23.1;16.0;14.5;62.0;54.0;57.0;132.0;12.0;6.2
2022/12/17;1800 UTC;0.0;1011.3;1011.4;1011.1;3187.6;25.8;14.6;25.8;24.3;15.7;13.7;57.0;49.0;50.0;109.0;11.3;5.6
2022/12/17;1900 UTC;0.0;1011.2;1011.3;1011.1;2334.6;23.7;14.6;25.9;23.7;15.0;13.4;57.0;47.0;57.0;112.0;12.1;5.7
2022/12/17;2000 UTC;0.0;1011.0;1011.3;1010.9;1763.5;23.5;14.3;24.8;23.4;15.3;14.1;57.0;54.0;56.0;110.0;12.8;6.9
2022/12/17;2100 UTC;0.0;1011.2;1011.3;1010.8;910.7;22.5;14.3;23.5;22.5;14.6;14.0;60.0;56.0;60.0;106.0;13.6;7.2
2022/12/17;2200 UTC;0.0;1011.8;1011.8;1011.2;282.0;21.3;14.1;22.5;21.2;14.4;14.0;64.0;60.0;64.0;105.0;12.3;5.9
2022/12/17;2300 UTC;0.0;1012.3;1012.3;1011.7;14.6;20.1;14.0;21.3;20.1;14.1;14.0;68.0;63.0;68.0;103.0;10.5;3.5
2022/12/18;0000 UTC;0.0;1012.9;1012.9;1012.3;0.0;19.5;14.0;20.4;19.5;14.1;14.0;71.0;67.0;70.0;108.0;9.4;2.9
2022/12/18;0100 UTC;0.0;1013.4;1013.4;1012.9;0.0;19.2;14.3;19.8;19.0;14.3;14.0;74.0;70.0;73.0;111.0;5.0;2.9
2022/12/18;0200 UTC;0.0;1013.7;1013.7;1013.4;0.0;18.8;14.6;19.2;18.5;14.6;14.2;77.0;73.0;77.0;117.0;4.6;2.1
2022/12/18;0300 UTC;0.0;1013.8;1013.9;1013.6;0.0;19.1;14.8;19.1;18.6;14.8;14.6;78.0;76.0;76.0;118.0;4.4;2.3
2022/12/18;0400 UTC;0.0;1013.1;1013.8;1013.1;0.0;19.3;14.8;19.3;18.9;14.9;14.8;77.0;75.0;75.0;108.0;4.9;3.2
2022/12/18;0500 UTC;0.0;1012.6;1013.1;1012.6;0.0;19.6;15.2;19.6;19.2;15.2;14.8;77.0;75.0;75.0;114.0;5.1;3.4
2022/12/18;0600 UTC;0.0;1012.4;1012.7;1012.4;0.0;20.3;15.3;20.3;19.4;15.3;15.2;77.0;73.0;73.0;95.0;6.5;3.5
2022/12/18;0700 UTC;0.0;1012.3;1012.5;1012.2;0.0;19.7;15.6;20.3;19.5;15.6;15.3;78.0;73.0;77.0;96.0;7.3;3.3
2022/12/18;0800 UTC;0.0;1012.7;1012.7;1012.3;0.0;20.6;15.5;20.6;19.7;15.6;15.4;77.0;72.0;72.0;89.0;8.0;4.1
2022/12/18;0900 UTC;0.0;1013.4;1013.4;1012.6;19.1;20.8;15.2;20.8;20.3;15.6;15.0;75.0;69.0;70.0;86.0;9.0;4.6
2022/12/18;1000 UTC;0.0;1014.8;1014.8;1013.4;50.4;20.5;15.8;20.9;20.4;15.8;15.2;75.0;70.0;75.0;101.0;9.0;3.6
2022/12/18;1100 UTC;0.0;1014.8;1014.9;1014.6;333.6;20.6;16.6;20.6;19.8;16.9;15.9;83.0;75.0;78.0;96.0;6.9;3.6
2022/12/18;1200 UTC;0.0;1014.8;1014.8;1014.6;590.2;21.4;16.6;21.5;20.6;16.7;16.2;78.0;72.0;74.0;85.0;9.9;5.0
2022/12/18;1300 UTC;0.0;1014.5;1014.8;1014.5;1047.0;22.3;17.3;22.3;21.4;17.5;16.5;76.0;72.0;74.0;89.0;10.3;5.2
2022/12/18;1400 UTC;0.0;1014.8;1014.9;1014.5;1339.9;22.3;16.7;23.0;22.3;17.5;16.4;74.0;68.0;70.0;82.0;10.9;5.0
2022/12/18;1500 UTC;0.0;1014.8;1014.9;1014.7;1295.0;23.2;17.4;23.3;22.2;17.7;16.5;72.0;68.0;70.0;85.0;9.4;5.1
2022/12/18;1600 UTC;0.0;1014.6;1014.9;1014.6;1214.0;22.9;16.9;23.2;22.4;17.7;16.9;72.0;68.0;69.0;94.0;11.2;6.4
2022/12/18;1700 UTC;0.0;1014.1;1014.6;1014.1;1421.7;23.0;16.8;23.5;22.7;17.5;16.8;70.0;67.0;68.0;89.0;11.9;4.7
2022/12/18;1800 UTC;0.0;1014.2;1014.2;1014.0;727.1;22.1;16.8;23.0;22.0;17.2;16.5;72.0;68.0;72.0;82.0;12.8;6.0
2022/12/18;1900 UTC;0.0;1013.9;1014.3;1013.8;989.9;22.1;17.1;22.2;21.8;17.1;16.6;74.0;71.0;73.0;79.0;12.8;5.6
2022/12/18;2000 UTC;0.0;1013.6;1014.0;1013.5;1095.1;22.6;16.6;22.8;22.1;17.1;16.4;73.0;69.0;69.0;95.0;12.3;7.3
2022/12/18;2100 UTC;0.0;1014.2;1014.2;1013.6;713.0;22.1;16.9;23.1;22.1;17.0;16.2;72.0;67.0;72.0;86.0;12.8;5.4
2022/12/18;2200 UTC;0.0;1014.4;1014.5;1014.2;158.1;21.3;16.0;22.1;21.2;16.9;16.0;73.0;71.0;72.0;83.0;12.3;5.2
2022/12/18;2300 UTC;0.0;1015.0;1015.0;1014.4;14.7;20.7;16.5;21.3;20.7;16.5;15.8;77.0;71.0;77.0;81.0;12.6;6.0
2022/12/19;0000 UTC;0.0;1015.7;1015.7;1015.0;0.0;20.2;15.3;20.7;20.1;16.8;15.2;79.0;73.0;74.0;76.0;12.0;5.1
2022/12/19;0100 UTC;0.0;1016.1;1016.1;1015.7;0.0;19.9;16.2;20.2;19.8;16.2;15.4;79.0;74.0;79.0;79.0;9.4;4.0
2022/12/19;0200 UTC;0.0;1016.4;1016.5;1016.0;0.0;19.4;16.1;20.0;19.4;16.5;16.1;83.0;78.0;81.0;78.0;10.6;4.2
2022/12/19;0300 UTC;0.0;1016.2;1016.5;1016.2;0.0;19.9;15.2;20.0;19.4;16.0;14.9;81.0;73.0;74.0;77.0;10.8;4.2
2022/12/19;0400 UTC;1.2;1015.7;1016.3;1015.7;0.0;19.2;16.7;20.0;18.8;16.9;15.2;88.0;74.0;86.0;98.0;10.1;4.9
2022/12/19;0500 UTC;0.0;1015.3;1015.7;1015.3;0.0;19.1;16.8;19.3;18.8;16.9;16.6;88.0;84.0;87.0;141.0;8.7;2.6
2022/12/19;0600 UTC;0.8;1015.0;1015.3;1015.0;0.0;18.9;16.9;19.2;18.9;16.9;16.6;89.0;85.0;89.0;135.0;5.1;2.1
2022/12/19;0700 UTC;0.0;1015.0;1015.1;1014.9;0.0;19.5;17.3;19.5;18.8;17.3;16.9;90.0;87.0;87.0;109.0;7.7;3.0
2022/12/19;0800 UTC;0.2;1015.5;1015.5;1015.0;0.0;19.4;17.3;19.6;19.2;17.6;17.2;89.0;87.0;88.0;76.0;7.7;3.3
2022/12/19;0900 UTC;1.2;1015.9;1015.9;1015.5;6.9;18.7;16.5;19.4;18.6;17.5;16.5;91.0;87.0;87.0;88.0;7.9;4.2
2022/12/19;1000 UTC;0.8;1016.3;1016.4;1015.9;67.3;18.2;16.8;18.7;18.1;16.9;16.3;92.0;86.0;92.0;84.0;10.9;5.8
2022/12/19;1100 UTC;0.6;1017.0;1017.0;1016.3;239.3;18.4;16.1;18.5;18.1;16.9;15.5;92.0;85.0;86.0;80.0;13.3;5.6
2022/12/19;1200 UTC;0.0;1017.0;1017.2;1016.9;425.3;19.2;15.3;19.2;18.4;16.3;15.3;86.0;78.0;78.0;79.0;10.7;5.6
2022/12/19;1300 UTC;0.2;1017.3;1017.4;1017.0;524.2;19.0;15.7;19.4;18.8;15.8;15.1;82.0;76.0;81.0;107.0;13.3;3.0
2022/12/19;1400 UTC;0.0;1017.1;1017.4;1017.1;603.3;20.2;16.0;20.2;18.9;17.0;15.6;86.0;76.0;77.0;108.0;7.2;3.9
2022/12/19;1500 UTC;0.0;1016.5;1017.2;1016.5;1224.6;20.6;16.8;21.0;20.0;17.7;15.9;82.0;76.0;79.0;116.0;7.4;4.0
2022/12/19;1600 UTC;0.0;1015.7;1016.6;1015.7;2371.7;22.8;18.2;23.2;20.4;18.6;16.6;81.0;72.0;76.0;98.0;8.4;4.6
2022/12/19;1700 UTC;0.0;1015.2;1015.7;1015.1;3125.1;23.3;18.2;24.9;22.6;19.2;17.5;77.0;67.0;73.0;88.0;11.2;6.0
2022/12/19;1800 UTC;0.0;1014.4;1015.2;1014.3;1961.4;23.4;18.9;23.6;22.5;18.9;17.5;77.0;71.0;76.0;94.0;12.8;5.0
2022/12/19;1900 UTC;0.0;1013.8;1014.4;1013.7;1171.5;23.0;18.1;23.6;22.7;18.8;17.9;76.0;73.0;74.0;90.0;12.2;5.5
2022/12/19;2000 UTC;0.0;1013.5;1013.9;1013.4;1071.6;22.8;17.5;23.2;22.3;18.5;17.3;76.0;71.0;72.0;79.0;13.2;5.9
2022/12/19;2100 UTC;0.0;1013.4;1013.6;1013.3;780.1;22.1;17.1;22.8;22.1;17.8;17.0;74.0;72.0;73.0;78.0;14.3;7.1
2022/12/19;2200 UTC;0.0;1013.7;1013.7;1013.3;242.6;21.5;16.1;22.1;21.5;17.1;16.1;74.0;71.0;71.0;81.0;16.7;5.4
2022/12/19;2300 UTC;0.0;1013.6;1013.9;1013.6;24.0;20.8;15.9;21.5;20.7;16.4;15.9;74.0;71.0;73.0;74.0;14.4;6.7
2022/12/20;0000 UTC;0.0;1013.9;1014.0;1013.6;0.0;20.8;16.0;20.9;20.6;16.1;15.4;75.0;71.0;74.0;67.0;16.0;6.1
2022/12/20;0100 UTC;0.0;1014.6;1014.6;1013.9;0.0;21.1;16.0;21.2;20.8;16.5;16.0;76.0;72.0;72.0;58.0;14.3;4.3
2022/12/20;0200 UTC;0.0;1014.4;1014.6;1014.3;0.0;21.1;15.7;21.3;21.1;16.0;15.5;72.0;69.0;71.0;72.0;14.4;5.3
2022/12/20;0300 UTC;0.0;1014.4;1014.6;1014.4;0.0;20.6;16.0;21.2;20.6;16.0;15.4;75.0;70.0;75.0;86.0;9.0;2.9
2022/12/20;0400 UTC;0.0;1013.9;1014.3;1013.9;0.0;20.2;16.7;20.7;20.2;16.7;16.0;80.0;74.0;80.0;95.0;7.8;3.9
2022/12/20;0500 UTC;0.0;1013.6;1014.0;1013.6;0.0;19.9;16.8;20.3;19.9;16.9;16.6;83.0;80.0;82.0;90.0;7.2;2.7
2022/12/20;0600 UTC;0.0;1013.0;1013.6;1013.0;0.0;19.8;16.8;20.0;19.7;16.9;16.7;83.0;82.0;83.0;79.0;8.2;4.6
2022/12/20;0700 UTC;0.0;1013.1;1013.1;1012.9;0.0;19.9;17.0;20.0;19.7;17.0;16.8;84.0;82.0;84.0;80.0;8.2;3.0
2022/12/20;0800 UTC;0.0;1013.4;1013.6;1013.1;0.0;20.2;17.4;20.3;19.8;17.4;17.0;84.0;83.0;84.0;80.0;6.1;3.6
2022/12/20;0900 UTC;0.0;1014.0;1014.0;1013.4;74.7;20.3;17.8;20.4;19.9;17.8;17.4;86.0;83.0;86.0;107.0;7.2;2.7
2022/12/20;1000 UTC;0.0;1014.5;1014.5;1013.9;295.7;21.0;18.4;21.0;20.3;18.4;17.9;87.0;85.0;85.0;98.0;6.4;3.6
2022/12/20;1100 UTC;0.0;1015.1;1015.1;1014.5;563.7;22.2;17.9;22.5;21.0;18.6;17.7;85.0;74.0;77.0;120.0;6.0;3.3
2022/12/20;1200 UTC;0.0;1015.3;1015.3;1015.0;1157.3;24.1;17.7;24.1;22.2;18.3;17.3;78.0;66.0;67.0;86.0;6.9;3.5
2022/12/20;1300 UTC;0.0;1015.2;1015.3;1015.1;2997.0;26.0;18.5;26.0;24.1;18.8;17.3;69.0;62.0;64.0;93.0;7.3;4.3
2022/12/20;1400 UTC;0.0;1015.3;1015.3;1015.1;2796.7;25.4;17.9;26.4;25.1;19.0;17.4;66.0;61.0;63.0;97.0;8.0;4.5
2022/12/20;1500 UTC;0.0;1015.2;1015.3;1015.0;2366.0;25.9;18.6;26.5;25.1;19.2;17.5;67.0;61.0;64.0;113.0;7.2;4.3
2022/12/20;1600 UTC;0.0;1014.7;1015.2;1014.7;3291.0;26.7;18.8;27.9;25.8;19.8;17.9;64.0;58.0;62.0;104.0;8.0;5.4
2022/12/20;1700 UTC;0.0;1014.1;1014.7;1014.1;3349.9;26.9;17.4;27.6;26.0;19.8;17.3;64.0;56.0;56.0;104.0;8.8;5.9
2022/12/20;1800 UTC;0.0;1013.8;1014.2;1013.8;2889.9;27.1;18.6;27.6;25.6;19.3;17.4;64.0;56.0;60.0;111.0;10.2;5.7
2022/12/20;1900 UTC;0.0;1013.4;1013.8;1013.4;2219.0;26.3;18.8;27.3;25.4;20.0;17.8;66.0;59.0;63.0;102.0;10.1;5.3
2022/12/20;2000 UTC;0.0;1013.5;1013.6;1013.3;1966.4;24.5;18.3;26.3;24.2;19.1;17.9;69.0;61.0;68.0;97.0;10.9;6.9
2022/12/20;2100 UTC;0.0;1014.0;1014.0;1013.5;901.4;24.2;17.0;24.6;23.9;18.4;17.0;69.0;64.0;64.0;99.0;11.4;5.6
2022/12/20;2200 UTC;0.0;1014.4;1014.4;1013.9;506.2;23.1;16.6;24.3;23.1;17.2;16.3;67.0;63.0;67.0;93.0;12.1;5.5
2022/12/20;2300 UTC;0.0;1014.7;1014.7;1014.4;23.9;21.9;16.7;23.1;21.8;17.0;16.6;74.0;67.0;73.0;89.0;10.6;3.6
2022/12/21;0000 UTC;0.0;1014.9;1014.9;1014.7;0.0;21.2;17.7;22.0;21.1;17.7;16.7;80.0;72.0;80.0;88.0;8.0;4.6
2022/12/21;0100 UTC;0.0;1015.5;1015.5;1014.9;0.0;20.6;17.7;21.2;20.6;17.9;17.6;84.0;80.0;84.0;98.0;8.0;3.6
2022/12/21;0200 UTC;0.0;1015.7;1015.8;1015.5;0.0;20.9;17.4;20.9;20.3;17.8;17.4;84.0;81.0;81.0;91.0;6.9;3.8
2022/12/21;0300 UTC;0.0;1015.3;1015.7;1015.3;0.0;20.9;17.6;21.1;20.7;17.6;17.1;82.0;79.0;82.0;83.0;8.9;3.9
2022/12/21;0400 UTC;0.0;1014.8;1015.3;1014.8;0.0;20.6;17.7;20.9;20.6;17.8;17.5;84.0;82.0;84.0;69.0;7.3;2.8
2022/12/21;0500 UTC;0.0;1014.1;1014.8;1014.1;0.0;20.2;17.4;20.7;20.2;17.8;17.4;85.0;83.0;84.0;99.0;7.1;3.0
2022/12/21;0600 UTC;0.0;1014.0;1014.1;1014.0;0.0;19.7;17.5;20.5;19.7;17.6;17.4;87.0;83.0;87.0;104.0;7.1;3.4
2022/12/21;0700 UTC;0.0;1014.3;1014.3;1014.0;0.0;19.2;17.1;19.8;19.2;17.5;17.1;88.0;86.0;88.0;87.0;5.1;2.1
2022/12/21;0800 UTC;0.0;1014.7;1014.7;1014.3;0.0;19.3;16.2;19.8;18.6;17.2;16.2;90.0;80.0;82.0;88.0;4.9;3.2
2022/12/21;0900 UTC;0.0;1015.6;1015.6;1014.7;79.2;19.5;17.3;19.5;19.0;17.3;16.2;90.0;82.0;87.0;105.0;5.4;3.2
2022/12/21;1000 UTC;0.0;1016.1;1016.1;1015.6;643.5;21.9;17.4;21.9;19.5;18.0;17.3;87.0;76.0;76.0;89.0;5.9;3.7
2022/12/21;1100 UTC;0.0;1016.5;1016.6;1016.1;1533.6;24.0;17.1;24.0;21.9;17.7;16.8;76.0;66.0;66.0;83.0;8.6;4.5
2022/12/21;1200 UTC;0.0;1016.5;1016.6;1016.4;2259.2;24.8;17.2;24.8;23.8;17.6;16.5;66.0;61.0;63.0;79.0;9.9;4.9
2022/12/21;1300 UTC;0.0;1016.6;1016.7;1016.4;2588.1;24.4;16.3;25.7;24.1;17.4;15.7;64.0;57.0;60.0;76.0;10.0;4.8
2022/12/21;1400 UTC;0.0;1016.5;1016.7;1016.5;2940.0;26.0;16.5;27.1;24.3;17.7;15.5;61.0;53.0;56.0;94.0;9.5;3.4
2022/12/21;1500 UTC;0.0;1016.1;1016.5;1016.0;3222.2;25.8;16.0;27.6;25.3;17.7;15.8;59.0;51.0;55.0;110.0;9.1;5.1
2022/12/21;1600 UTC;0.0;1015.9;1016.1;1015.8;2696.8;26.7;16.0;27.6;25.7;17.3;15.1;57.0;48.0;52.0;110.0;9.7;5.2
2022/12/21;1700 UTC;0.0;1015.4;1015.9;1015.3;2487.5;26.9;15.0;28.8;26.1;16.9;14.6;54.0;45.0;48.0;113.0;9.5;5.8
2022/12/21;1800 UTC;0.0;1015.1;1015.4;1014.9;3416.7;27.5;15.0;28.6;26.8;16.5;14.0;50.0;44.0;46.0;109.0;10.0;5.7
2022/12/21;1900 UTC;0.0;1014.8;1015.1;1014.6;2623.7;26.8;15.4;28.1;26.0;16.5;14.5;52.0;46.0;50.0;122.0;10.0;5.8
2022/12/21;2000 UTC;0.0;1014.9;1015.0;1014.7;2094.2;24.8;16.6;27.4;24.8;17.7;15.1;60.0;48.0;60.0;113.0;11.5;6.4
2022/12/21;2100 UTC;0.0;1015.1;1015.1;1014.8;1354.9;24.8;16.3;25.6;24.7;16.9;16.0;60.0;56.0;59.0;97.0;10.2;5.9
2022/12/21;2200 UTC;0.0;1015.4;1015.4;1015.1;535.8;23.1;16.3;24.8;23.1;16.7;16.1;66.0;59.0;66.0;104.0;10.1;5.3
2022/12/21;2300 UTC;0.0;1015.6;1015.6;1015.3;25.0;21.8;16.9;23.1;21.7;16.9;16.3;74.0;66.0;74.0;92.0;8.8;3.7
2022/12/22;0000 UTC;0.0;1015.8;1015.8;1015.6;0.0;20.9;16.7;21.8;20.8;17.1;16.7;78.0;74.0;77.0;90.0;6.9;3.4
2022/12/22;0100 UTC;0.0;1016.0;1016.1;1015.8;0.0;21.0;16.9;21.3;20.9;17.0;16.5;78.0;75.0;77.0;85.0;8.3;3.8
2022/12/22;0200 UTC;0.0;1016.1;1016.2;1016.0;0.0;20.7;16.9;21.1;20.6;16.9;16.7;79.0;76.0;79.0;78.0;6.9;3.2
2022/12/22;0300 UTC;0.0;1015.8;1016.1;1015.8;0.0;20.4;16.9;20.9;20.3;17.1;16.9;81.0;79.0;80.0;72.0;9.2;3.5
2022/12/22;0400 UTC;0.0;1015.1;1015.8;1015.0;0.0;20.4;16.2;20.5;20.2;16.8;16.2;80.0;77.0;77.0;68.0;7.6;3.9
2022/12/22;0500 UTC;0.0;1014.3;1015.1;1014.3;0.0;19.6;16.1;20.5;19.6;16.3;16.0;80.0;77.0;80.0;75.0;8.6;3.6
2022/12/22;0600 UTC;0.0;1014.0;1014.3;1014.0;0.0;19.7;16.1;19.8;19.4;16.3;16.0;82.0;79.0;80.0;82.0;7.5;3.3
2022/12/22;0700 UTC;0.0;1013.9;1014.0;1013.6;0.0;19.9;16.4;20.0;19.6;16.5;16.0;82.0;78.0;81.0;87.0;9.1;5.0
2022/12/22;0800 UTC;0.0;1014.6;1014.7;1013.9;0.0;19.8;16.5;20.1;19.7;16.6;16.4;82.0;80.0;81.0;92.0;10.3;4.7
2022/12/22;0900 UTC;0.0;1015.6;1015.6;1014.6;78.8;20.4;16.2;20.4;19.8;16.6;16.2;81.0;77.0;77.0;90.0;9.9;4.2
2022/12/22;1000 UTC;0.0;1016.8;1016.8;1015.6;634.3;21.6;15.8;21.6;20.4;16.2;15.7;77.0;70.0;70.0;80.0;8.7;4.3
2022/12/22;1100 UTC;0.0;1017.1;1017.1;1016.8;1482.7;23.1;15.7;23.1;21.6;16.2;15.2;70.0;63.0;63.0;75.0;9.9;5.5
2022/12/22;1200 UTC;0.0;1017.1;1017.3;1017.0;2328.4;24.3;15.9;24.3;23.0;16.2;15.2;63.0;59.0;60.0;71.0;9.7;4.7
2022/12/22;1300 UTC;0.0;1016.5;1017.1;1016.5;2665.6;25.7;15.6;26.0;23.5;16.5;15.0;62.0;52.0;54.0;65.0;8.2;3.5
2022/12/22;1400 UTC;0.0;1015.9;1016.6;1015.8;2399.3;25.7;15.2;26.4;24.6;16.0;14.6;55.0;51.0;53.0;86.0;7.3;4.0
2022/12/22;1500 UTC;0.0;1015.3;1016.0;1015.3;3670.9;27.0;14.4;28.4;25.2;16.3;14.4;55.0;45.0;46.0;95.0;7.6;4.2
2022/12/22;1600 UTC;0.0;1014.4;1015.3;1014.4;3541.5;27.7;15.0;28.7;26.4;16.7;14.1;51.0;43.0;46.0;80.0;7.9;3.6
2022/12/22;1700 UTC;0.0;1013.6;1014.4;1013.6;2991.2;27.5;15.2;28.6;26.6;16.1;14.4;49.0;43.0;47.0;90.0;9.2;4.3
2022/12/22;1800 UTC;0.0;1013.3;1013.6;1013.2;3470.1;27.6;15.6;28.9;26.9;16.1;14.5;49.0;43.0;48.0;83.0;9.3;5.1
2022/12/22;1900 UTC;0.0;1013.0;1013.4;1012.8;2674.6;26.6;15.1;28.3;25.9;16.3;14.9;52.0;47.0;49.0;107.0;11.3;6.9
2022/12/22;2000 UTC;0.0;1012.9;1013.0;1012.8;2159.4;25.9;14.5;27.2;25.9;15.6;14.4;50.0;47.0;49.0;106.0;11.4;5.5
2022/12/22;2100 UTC;0.0;1012.7;1013.0;1012.6;1338.8;24.5;14.5;26.0;24.5;15.1;14.3;54.0;49.0;54.0;99.0;10.3;6.5
2022/12/22;2200 UTC;0.0;1012.9;1012.9;1012.7;496.6;22.9;14.5;24.5;22.9;15.0;14.2;59.0;54.0;59.0;91.0;10.2;4.9
2022/12/22;2300 UTC;0.0;1013.2;1013.2;1012.8;23.9;21.5;14.8;22.8;21.5;14.9;14.5;66.0;59.0;66.0;90.0;9.2;3.8
2022/12/23;0000 UTC;0.0;1013.4;1013.4;1013.1;0.0;20.8;15.2;21.5;20.7;15.2;14.9;70.0;66.0;70.0;78.0;7.2;3.0
2022/12/23;0100 UTC;0.0;1013.3;1013.6;1013.2;0.0;20.7;15.3;20.9;20.3;15.5;15.1;73.0;70.0;71.0;85.0;7.9;4.5
2022/12/23;0200 UTC;0.0;1012.9;1013.3;1012.9;0.0;20.5;15.8;20.7;20.3;15.8;15.3;75.0;71.0;74.0;69.0;9.2;3.9
2022/12/23;0300 UTC;0.0;1012.8;1013.0;1012.8;0.0;20.2;16.2;20.6;20.1;16.2;15.7;78.0;74.0;78.0;79.0;8.1;3.9
2022/12/23;0400 UTC;0.0;1012.6;1012.8;1012.6;0.0;19.9;16.4;20.3;19.6;16.5;16.2;81.0;78.0;80.0;77.0;8.0;3.0
2022/12/23;0500 UTC;0.0;1011.9;1012.6;1011.9;0.0;19.7;16.3;20.0;19.4;16.5;16.2;82.0;80.0;81.0;77.0;5.8;2.7
2022/12/23;0600 UTC;0.0;1011.5;1011.9;1011.5;0.0;19.4;16.4;19.9;19.4;16.5;16.3;83.0;80.0;83.0;65.0;4.3;0.8
2022/12/23;0700 UTC;0.0;1011.4;1011.5;1011.3;0.0;18.5;16.4;19.4;18.2;16.6;15.9;89.0;82.0;88.0;65.0;2.9;1.1
2022/12/23;0800 UTC;0.0;1011.8;1011.8;1011.4;0.0;18.4;16.3;18.5;18.2;16.4;16.2;88.0;87.0;88.0;43.0;3.2;1.5
2022/12/23;0900 UTC;0.0;1012.4;1012.4;1011.7;83.9;19.0;16.5;19.0;18.3;16.5;16.2;88.0;85.0;85.0;37.0;3.7;1.9
2022/12/23;1000 UTC;0.0;1013.2;1013.2;1012.4;611.3;20.9;17.0;20.9;19.0;17.1;16.5;85.0;78.0;78.0;30.0;4.0;1.7
2022/12/23;1100 UTC;0.0;1014.0;1014.0;1013.2;1445.0;23.7;16.6;23.8;20.9;17.3;16.4;78.0;64.0;64.0;43.0;4.0;1.8
2022/12/23;1200 UTC;0.0;1013.9;1014.1;1013.9;2259.6;26.0;16.3;26.0;23.7;17.1;15.9;65.0;55.0;55.0;130.0;4.1;1.1
2022/12/23;1300 UTC;0.0;1013.4;1013.9;1013.4;2969.5;26.4;16.9;26.4;25.3;17.0;15.7;58.0;54.0;56.0;208.0;4.3;2.5
2022/12/23;1400 UTC;0.0;1013.1;1013.4;1013.1;3485.4;26.5;16.4;27.4;26.1;17.7;15.8;57.0;52.0;54.0;224.0;5.6;2.7
2022/12/23;1500 UTC;0.0;1012.7;1013.1;1012.7;3797.1;27.4;17.4;27.9;26.0;18.0;16.2;58.0;53.0;54.0;254.0;6.7;3.7
2022/12/23;1600 UTC;0.0;1011.9;1012.7;1011.9;3745.2;28.4;18.2;29.1;27.3;19.2;17.3;57.0;53.0;54.0;204.0;7.1;4.5
2022/12/23;1700 UTC;0.0;1011.0;1011.9;1010.9;3613.3;30.6;16.8;32.1;28.4;19.6;15.1;55.0;37.0;43.0;85.0;7.3;4.0
2022/12/23;1800 UTC;0.0;1010.8;1011.0;1010.7;3450.7;30.9;16.2;32.1;30.7;17.9;16.0;44.0;40.0;41.0;76.0;9.8;5.8
2022/12/23;1900 UTC;0.0;1010.1;1010.8;1010.0;2849.7;30.6;16.3;31.4;29.9;16.7;15.3;43.0;39.0;42.0;89.0;10.9;5.6
2022/12/23;2000 UTC;0.0;1009.6;1010.1;1009.5;2117.5;28.1;16.3;30.8;28.1;17.2;15.8;49.0;41.0;49.0;77.0;9.8;6.6
2022/12/23;2100 UTC;0.0;1009.3;1009.7;1009.3;1307.6;26.6;17.7;28.4;26.5;17.7;16.6;58.0;49.0;58.0;66.0;11.0;4.5
2022/12/23;2200 UTC;0.0;1009.9;1009.9;1009.3;501.8;24.1;17.4;26.6;24.1;17.7;17.2;66.0;57.0;66.0;73.0;9.9;4.3
2022/12/23;2300 UTC;0.0;1010.4;1010.4;1009.9;17.8;22.6;17.3;24.1;22.6;17.5;17.3;72.0;66.0;72.0;72.0;9.6;3.9
2022/12/24;0000 UTC;0.0;1010.7;1010.7;1010.3;0.0;22.2;17.3;22.6;22.2;17.4;17.2;74.0;72.0;74.0;56.0;8.6;3.1
2022/12/24;0100 UTC;0.0;1010.8;1010.9;1010.7;0.0;21.7;17.3;22.3;21.6;17.3;17.1;76.0;73.0;76.0;74.0;6.9;1.9
2022/12/24;0200 UTC;0.0;1011.1;1011.1;1010.7;0.0;20.3;17.1;21.8;20.3;17.4;17.0;82.0;76.0;82.0;309.0;3.9;0.7
2022/12/24;0300 UTC;0.0;1010.8;1011.1;1010.8;0.0;19.3;17.2;20.4;18.9;17.6;16.2;88.0;82.0;88.0;276.0;1.8;0.6
2022/12/24;0400 UTC;0.0;1010.1;1010.8;1010.1;0.0;18.0;16.3;19.3;18.0;17.3;16.2;91.0;86.0;90.0;272.0;1.5;0.6
2022/12/24;0500 UTC;0.0;1009.7;1010.1;1009.6;0.0;19.3;17.2;19.5;17.8;17.4;16.1;92.0;87.0;88.0;5.0;2.9;0.8
2022/12/24;0600 UTC;0.0;1009.7;1009.8;1009.4;0.0;17.9;16.3;19.4;17.7;17.5;16.0;91.0;86.0;91.0;213.0;3.3;0.7
2022/12/24;0700 UTC;0.0;1010.4;1010.5;1009.7;0.0;17.4;16.3;18.1;17.3;17.1;15.8;94.0;90.0;94.0;79.0;1.3;0.8
2022/12/24;0800 UTC;0.0;1011.0;1011.0;1010.4;0.0;17.8;16.7;18.0;17.2;17.2;16.2;96.0;93.0;93.0;49.0;2.3;1.1
2022/12/24;0900 UTC;0.0;1011.5;1011.5;1011.0;105.9;18.1;17.1;18.1;17.1;17.2;16.1;96.0;93.0;94.0;37.0;2.8;1.5
2022/12/24;1000 UTC;0.0;1012.1;1012.1;1011.5;635.2;21.9;18.0;21.9;18.1;18.2;17.1;94.0;78.0;79.0;36.0;2.8;0.8
2022/12/24;1100 UTC;0.0;1012.2;1012.2;1012.0;1471.9;25.8;15.0;25.8;21.9;18.0;14.3;79.0;50.0;51.0;355.0;4.8;2.1
2022/12/24;1200 UTC;0.0;1012.6;1012.7;1012.2;2296.1;27.0;13.8;27.5;25.7;15.1;13.8;51.0;44.0;44.0;349.0;4.8;1.9
2022/12/24;1300 UTC;0.0;1012.3;1012.6;1012.3;2985.9;28.4;14.0;28.9;27.0;15.4;13.2;46.0;40.0;41.0;337.0;6.5;2.5
2022/12/24;1400 UTC;0.0;1012.0;1012.3;1012.0;3512.1;30.4;14.3;30.4;28.4;15.1;13.1;42.0;35.0;38.0;17.0;6.0;2.7
2022/12/24;1500 UTC;0.0;1011.4;1012.0;1011.4;3822.3;30.9;15.0;32.3;30.0;15.8;12.2;40.0;31.0;38.0;273.0;6.0;2.3
2022/12/24;1600 UTC;0.0;1010.9;1011.4;1010.8;3884.4;30.9;15.4;32.2;30.5;16.0;13.7;40.0;33.0;39.0;210.0;6.6;3.7
2022/12/24;1700 UTC;0.0;1011.0;1011.0;1010.8;3774.3;31.5;14.6;32.1;30.4;16.5;13.9;42.0;34.0;36.0;152.0;6.6;3.7
2022/12/24;1800 UTC;0.0;1010.5;1011.0;1010.5;3409.4;31.9;16.9;32.5;31.3;17.7;14.3;42.0;35.0;41.0;169.0;6.5;3.9
2022/12/24;1900 UTC;0.0;1009.9;1010.6;1009.9;2815.1;31.3;19.0;32.6;31.3;19.3;15.4;48.0;36.0;48.0;145.0;6.9;4.7
2022/12/24;2000 UTC;0.0;1009.7;1009.9;1009.7;1974.5;30.9;18.0;32.2;30.7;19.8;17.5;50.0;44.0;46.0;111.0;9.1;4.8
2022/12/24;2100 UTC;0.0;1009.7;1009.8;1009.5;1090.4;29.6;17.6;30.9;29.6;18.2;17.3;49.0;45.0;49.0;78.0;8.4;4.1
2022/12/24;2200 UTC;0.0;1010.2;1010.2;1009.7;479.4;27.7;16.7;29.6;27.7;17.3;16.2;51.0;47.0;51.0;52.0;8.6;2.9
2022/12/24;2300 UTC;0.0;1010.6;1010.6;1010.1;26.3;25.9;17.6;27.7;25.9;18.0;16.7;62.0;51.0;60.0;46.0;6.1;1.7
2022/12/25;0000 UTC;0.0;1011.5;1011.5;1010.6;0.0;25.2;17.5;26.1;25.0;17.6;17.0;62.0;57.0;62.0;100.0;5.8;1.4
2022/12/25;0100 UTC;0.0;1012.2;1012.2;1011.4;0.0;22.3;17.6;25.5;22.2;17.8;16.6;75.0;58.0;75.0;147.0;7.2;2.2
2022/12/25;0200 UTC;0.0;1012.4;1012.4;1012.1;0.0;21.0;17.7;22.5;20.6;17.7;17.0;82.0;74.0;81.0;217.0;4.2;0.8
2022/12/25;0300 UTC;0.0;1012.3;1012.5;1012.2;0.0;20.1;17.6;21.6;20.0;17.8;17.0;86.0;78.0;85.0;288.0;1.7;0.4
2022/12/25;0400 UTC;0.0;1012.0;1012.3;1012.0;0.0;18.6;16.6;20.1;18.6;17.7;16.5;91.0;85.0;88.0;251.0;1.0;0.3
2022/12/25;0500 UTC;0.0;1011.6;1012.0;1011.5;0.0;18.5;16.7;18.8;18.0;17.4;16.3;93.0;88.0;89.0;81.0;2.0;0.8
2022/12/25;0600 UTC;0.0;1011.2;1011.6;1011.2;0.0;18.1;17.2;18.7;17.9;17.5;16.2;94.0;89.0;94.0;55.0;1.5;0.6
2022/12/25;0700 UTC;0.0;1011.0;1011.5;1011.0;0.0;18.2;17.1;18.3;17.3;17.2;15.8;95.0;90.0;93.0;47.0;2.4;1.4
2022/12/25;0800 UTC;0.0;1011.5;1011.5;1010.9;0.0;20.4;17.8;20.4;18.2;17.8;17.2;93.0;85.0;85.0;352.0;3.7;1.0
2022/12/25;0900 UTC;0.0;1012.2;1012.2;1011.5;44.5;19.9;18.0;20.6;19.8;18.0;17.7;89.0;85.0;89.0;142.0;4.2;0.6
2022/12/25;1000 UTC;0.0;1012.6;1012.6;1012.2;464.2;22.8;19.7;22.9;19.9;20.6;17.9;93.0;83.0;83.0;195.0;4.1;2.8
2022/12/25;1100 UTC;0.0;1013.5;1013.5;1012.6;1359.1;24.1;20.4;24.5;22.5;20.5;19.6;87.0;76.0;80.0;210.0;5.7;4.0
2022/12/25;1200 UTC;0.0;1013.7;1013.9;1013.5;2052.2;25.6;19.8;25.6;23.7;20.8;19.3;81.0;70.0;70.0;210.0;7.3;3.9
2022/12/25;1300 UTC;0.0;1013.4;1013.8;1013.4;2763.3;27.1;20.7;27.1;25.2;20.8;19.0;72.0;65.0;68.0;188.0;8.0;3.5
2022/12/25;1400 UTC;0.0;1013.2;1013.4;1013.2;3074.4;28.0;20.9;28.2;26.5;20.9;19.5;68.0;62.0;66.0;201.0;7.2;4.4
2022/12/25;1500 UTC;0.0;1013.1;1013.3;1013.0;3614.6;26.9;20.6;28.1;26.5;21.3;20.0;71.0;64.0;68.0;168.0;7.8;5.1
2022/12/25;1600 UTC;0.0;1012.9;1013.1;1012.9;3499.7;26.9;20.3;27.9;26.3;21.3;20.0;70.0;64.0;67.0;163.0;8.7;5.2
2022/12/25;1700 UTC;0.0;1012.6;1013.0;1012.6;3000.1;26.9;20.0;27.9;26.0;20.8;19.6;70.0;64.0;66.0;157.0;10.3;5.2
2022/12/25;1800 UTC;0.0;1012.5;1012.7;1012.4;1628.7;25.6;19.7;27.4;25.4;20.7;19.6;72.0;65.0;70.0;163.0;12.1;6.4
2022/12/25;1900 UTC;0.0;1011.9;1012.6;1011.8;987.8;24.5;20.1;25.8;24.4;20.3;19.3;77.0;70.0;77.0;184.0;11.3;6.0
2022/12/25;2000 UTC;0.0;1012.1;1012.1;1011.6;457.0;24.3;19.9;24.8;23.9;20.4;19.6;80.0;76.0;76.0;172.0;9.7;4.7
2022/12/25;2100 UTC;0.0;1011.8;1012.2;1011.5;606.4;24.5;20.3;24.6;24.0;20.7;19.9;81.0;76.0;78.0;175.0;9.0;4.8
2022/12/25;2200 UTC;0.0;1012.4;1012.4;1011.8;475.3;24.2;20.0;24.7;24.2;20.7;19.6;79.0;75.0;77.0;156.0;8.2;3.3
2022/12/25;2300 UTC;0.0;1012.3;1012.6;1012.2;19.2;23.6;20.7;24.2;23.6;20.7;19.9;84.0;77.0;84.0;151.0;6.3;3.7
2022/12/26;0000 UTC;0.0;1012.9;1012.9;1012.3;0.0;23.1;20.7;23.6;23.0;20.9;20.6;87.0;84.0;86.0;217.0;5.8;1.5
2022/12/26;0100 UTC;0.0;1013.3;1013.3;1012.9;0.0;23.1;21.0;23.2;22.9;21.2;20.6;89.0;86.0;88.0;219.0;5.6;3.6
2022/12/26;0200 UTC;0.0;1013.4;1013.4;1013.2;0.0;22.8;20.8;23.1;22.8;21.0;20.8;89.0;88.0;89.0;206.0;5.8;3.4
2022/12/26;0300 UTC;0.0;1013.0;1013.4;1013.0;0.0;22.5;20.7;22.8;22.5;20.9;20.7;91.0;89.0;90.0;204.0;6.1;3.6
2022/12/26;0400 UTC;0.0;1013.3;1013.4;1012.9;0.0;22.3;20.3;22.5;22.3;20.8;20.3;90.0;88.0;88.0;222.0;8.4;5.1
2022/12/26;0500 UTC;0.0;1012.7;1013.3;1012.7;0.0;22.0;19.9;22.3;22.0;20.3;19.8;89.0;87.0;88.0;204.0;7.5;3.5
2022/12/26;0600 UTC;0.0;1012.4;1012.7;1012.4;0.0;21.6;19.7;22.0;21.5;19.9;19.7;90.0;88.0;89.0;207.0;6.5;4.3
2022/12/26;0700 UTC;0.0;1012.2;1012.4;1012.2;0.0;21.4;19.4;21.6;21.4;19.7;19.4;90.0;88.0;88.0;199.0;7.5;4.0
2022/12/26;0800 UTC;0.0;1012.9;1012.9;1012.2;0.0;21.3;19.2;21.4;21.3;19.5;19.2;90.0;88.0;88.0;214.0;7.1;3.8
2022/12/26;0900 UTC;0.0;1013.6;1013.6;1012.9;20.9;21.3;18.9;21.3;21.3;19.3;18.9;88.0;86.0;86.0;213.0;7.6;4.0
2022/12/26;1000 UTC;0.0;1014.0;1014.0;1013.6;137.4;21.6;19.2;21.6;21.3;19.2;18.7;86.0;85.0;86.0;206.0;6.8;3.0
2022/12/26;1100 UTC;0.0;1014.3;1014.3;1014.0;208.3;21.7;18.9;21.7;21.5;19.2;18.7;86.0;84.0;84.0;191.0;7.9;3.4
2022/12/26;1200 UTC;0.0;1014.5;1014.5;1014.1;342.7;21.5;19.2;22.1;21.5;19.3;18.8;87.0;83.0;87.0;187.0;6.6;3.6
2022/12/26;1300 UTC;3.8;1014.3;1014.6;1014.3;303.6;20.8;19.9;21.5;20.4;19.9;19.2;95.0;87.0;94.0;167.0;6.1;3.1
2022/12/26;1400 UTC;0.0;1014.0;1014.3;1013.9;1760.9;22.4;19.4;22.6;20.7;20.6;19.1;94.0;82.0;83.0;160.0;8.3;5.0
2022/12/26;1500 UTC;0.0;1013.9;1014.1;1013.9;1063.7;22.5;18.2;22.6;22.0;19.3;18.0;84.0;77.0;77.0;170.0;8.2;3.5
2022/12/26;1600 UTC;0.0;1013.6;1013.9;1013.6;834.4;22.3;17.8;23.0;22.0;18.9;17.5;79.0;74.0;76.0;174.0;7.3;3.7
2022/12/26;1700 UTC;0.0;1013.5;1013.6;1013.4;600.9;22.4;15.3;22.6;22.1;17.8;15.3;76.0;64.0;64.0;169.0;7.3;4.1
2022/12/26;1800 UTC;0.0;1013.2;1013.5;1013.2;560.8;22.2;15.8;22.7;22.1;16.1;15.4;68.0;64.0;67.0;173.0;7.2;3.6
2022/12/26;1900 UTC;0.0;1012.8;1013.2;1012.7;511.2;22.5;15.8;22.6;22.2;16.0;15.3;67.0;64.0;66.0;148.0;7.6;3.6
2022/12/26;2000 UTC;0.0;1012.1;1012.8;1011.8;397.0;22.0;14.8;22.5;22.0;15.8;14.7;67.0;63.0;64.0;159.0;7.9;3.7
2022/12/26;2100 UTC;0.0;1012.2;1012.3;1011.9;346.9;21.7;14.5;22.1;21.7;15.2;14.2;66.0;62.0;64.0;143.0;7.7;3.6
2022/12/26;2200 UTC;0.0;1012.4;1012.4;1012.2;81.9;21.3;14.6;21.7;21.2;14.8;14.3;66.0;63.0;66.0;132.0;6.8;3.0
2022/12/26;2300 UTC;0.0;1012.9;1012.9;1012.4;3.9;21.0;14.6;21.3;21.0;14.9;14.1;68.0;64.0;67.0;108.0;6.2;2.4
2022/12/27;0000 UTC;0.0;1013.1;1013.2;1012.8;0.0;20.5;14.9;21.0;20.5;14.9;14.5;70.0;67.0;70.0;87.0;4.2;1.5
2022/12/27;0100 UTC;0.0;1013.4;1013.4;1013.1;0.0;20.1;15.0;20.5;20.1;15.2;14.8;73.0;70.0;72.0;104.0;2.4;1.6
2022/12/27;0200 UTC;0.0;1013.4;1013.6;1013.4;0.0;19.8;15.1;20.2;19.7;15.3;14.9;75.0;72.0;75.0;107.0;2.8;1.5
2022/12/27;0300 UTC;0.0;1013.0;1013.4;1013.0;0.0;18.9;15.2;19.8;18.8;15.9;15.0;83.0;74.0;79.0;62.0;2.1;0.9
2022/12/27;0400 UTC;0.0;1012.7;1013.0;1012.7;0.0;16.8;15.3;18.9;16.8;15.8;15.1;91.0;79.0;91.0;50.0;1.4;0.2
2022/12/27;0500 UTC;0.0;1012.2;1012.7;1012.2;0.0;17.1;15.6;17.1;16.3;15.7;14.9;93.0;90.0;91.0;27.0;1.0;0.5
2022/12/27;0600 UTC;0.0;1012.5;1012.5;1012.2;0.0;17.1;15.2;17.6;17.1;15.6;15.1;91.0;86.0;88.0;341.0;1.6;0.4
2022/12/27;0700 UTC;0.0;1012.3;1012.5;1012.2;0.0;16.8;15.3;17.2;16.8;15.8;15.1;92.0;88.0;91.0;84.0;1.0;0.5
2022/12/27;0800 UTC;0.0;1012.4;1012.4;1012.2;0.0;16.0;15.1;16.8;15.8;15.3;14.9;95.0;91.0;94.0;26.0;1.1;0.5
2022/12/27;0900 UTC;0.0;1012.9;1012.9;1012.4;92.2;16.5;15.4;16.5;15.7;15.4;14.8;95.0;93.0;94.0;249.0;1.0;0.3
2022/12/27;1000 UTC;0.0;1013.1;1013.1;1012.9;695.0;20.1;15.2;20.1;16.5;16.4;15.0;94.0;73.0;73.0;85.0;2.1;1.5
2022/12/27;1100 UTC;0.0;1013.6;1013.7;1013.1;1395.6;22.6;15.5;22.6;20.2;16.2;14.7;74.0;63.0;65.0;125.0;4.0;2.4
2022/12/27;1200 UTC;0.0;1013.5;1013.9;1013.5;2206.2;23.9;15.4;24.0;22.4;15.8;14.4;65.0;56.0;59.0;129.0;5.5;2.7
2022/12/27;1300 UTC;0.0;1013.2;1013.6;1013.2;2344.2;23.8;14.6;24.5;23.0;15.8;14.5;61.0;55.0;56.0;140.0;6.5;3.7
2022/12/27;1400 UTC;0.0;1013.0;1013.2;1012.8;3285.5;25.5;12.8;26.3;23.8;15.4;12.2;58.0;43.0;45.0;122.0;8.0;4.2
2022/12/27;1500 UTC;0.0;1012.8;1013.0;1012.6;3465.9;26.5;12.1;26.8;25.3;13.3;10.9;46.0;39.0;41.0;147.0;8.6;4.1
2022/12/27;1600 UTC;0.0;1011.9;1012.8;1011.9;3178.4;25.9;11.5;27.0;25.7;13.3;11.2;45.0;40.0;41.0;150.0;8.5;5.1
2022/12/27;1700 UTC;0.0;1011.3;1012.0;1011.3;2957.2;25.8;14.2;26.6;25.6;14.9;11.4;50.0;40.0;49.0;156.0;8.8;4.9
2022/12/27;1800 UTC;0.0;1011.4;1011.4;1011.2;2051.8;26.1;14.5;26.6;25.4;14.9;13.3;51.0;46.0;49.0;137.0;8.9;4.3
2022/12/27;1900 UTC;0.0;1011.1;1011.5;1011.0;1563.0;25.7;14.5;26.4;25.5;14.8;14.0;50.0;47.0;50.0;101.0;8.4;5.5
2022/12/27;2000 UTC;0.0;1011.1;1011.1;1010.9;1099.7;25.0;14.1;25.8;24.9;14.5;13.3;51.0;47.0;51.0;113.0;8.2;4.8
2022/12/27;2100 UTC;0.0;1010.9;1011.1;1010.6;491.3;23.8;14.8;25.0;23.8;14.9;14.0;57.0;51.0;57.0;123.0;8.0;3.4
2022/12/27;2200 UTC;0.0;1012.0;1012.0;1010.7;101.7;23.0;16.0;23.8;23.0;16.0;14.9;65.0;57.0;65.0;108.0;7.3;3.2
2022/12/27;2300 UTC;0.0;1012.5;1012.5;1012.0;6.2;22.3;16.0;23.0;22.3;16.2;16.0;68.0;65.0;68.0;98.0;7.4;3.0
2022/12/28;0000 UTC;0.0;1011.8;1012.5;1011.8;0.0;21.1;16.8;22.3;21.1;16.8;16.0;76.0;67.0;76.0;83.0;5.1;2.4
2022/12/28;0100 UTC;0.2;1010.8;1011.8;1010.8;0.0;20.6;17.5;21.1;20.4;17.6;16.7;84.0;76.0;82.0;89.0;5.5;3.1
2022/12/28;0200 UTC;0.2;1010.7;1011.1;1010.7;0.0;20.4;18.1;20.7;20.4;18.1;17.5;87.0;82.0;87.0;46.0;5.7;1.8
2022/12/28;0300 UTC;0.2;1010.4;1010.7;1010.3;0.0;20.0;18.6;20.4;20.0;18.6;18.1;92.0;87.0;91.0;28.0;4.1;0.8
2022/12/28;0400 UTC;6.6;1009.7;1010.4;1009.7;0.0;19.7;19.0;20.1;19.7;19.0;18.6;96.0;91.0;96.0;51.0;2.2;0.4
2022/12/28;0500 UTC;3.2;1007.8;1009.7;1007.3;0.0;19.8;19.0;19.8;19.5;19.0;18.9;96.0;95.0;95.0;92.0;9.0;1.0
2022/12/28;0600 UTC;0.0;1006.6;1008.0;1006.6;0.0;19.7;18.8;19.9;19.6;19.0;18.4;95.0;93.0;94.0;100.0;3.1;1.3
2022/12/28;0700 UTC;0.0;1006.3;1006.8;1006.2;0.0;19.6;18.7;19.7;19.5;18.8;18.6;95.0;94.0;95.0;59.0;4.4;1.1
2022/12/28;0800 UTC;0.0;1005.2;1006.3;1005.2;0.0;19.7;18.9;19.7;19.6;18.9;18.8;96.0;95.0;95.0;31.0;3.6;2.1
2022/12/28;0900 UTC;0.4;1006.6;1006.6;1005.2;11.5;19.9;19.2;19.9;19.6;19.2;18.8;96.0;95.0;96.0;309.0;3.6;1.5
2022/12/28;1000 UTC;2.0;1007.7;1008.0;1006.6;29.1;16.8;15.8;20.1;16.8;19.2;15.7;96.0;90.0;93.0;217.0;12.3;6.7
2022/12/28;1100 UTC;4.0;1008.2;1009.3;1007.7;580.5;18.3;16.6;18.3;16.5;17.1;15.6;95.0;90.0;90.0;213.0;12.7;5.0
2022/12/28;1200 UTC;0.0;1008.5;1008.5;1008.2;1324.9;19.3;16.7;19.4;18.3;17.4;16.3;92.0;85.0;85.0;221.0;8.8;5.4
2022/12/28;1300 UTC;0.0;1009.0;1009.0;1008.5;1211.1;19.8;16.8;20.7;19.2;17.7;16.4;87.0;79.0;83.0;223.0;9.2;5.4
2022/12/28;1400 UTC;0.0;1009.3;1009.3;1008.9;640.4;20.5;15.9;20.6;19.8;17.2;15.7;83.0;74.0;75.0;220.0;9.2;5.6
2022/12/28;1500 UTC;0.0;1010.0;1010.0;1009.3;743.8;20.8;15.6;21.2;20.5;16.4;15.4;76.0;71.0;72.0;226.0;10.0;5.6
2022/12/28;1600 UTC;0.0;1009.7;1010.1;1009.7;2958.4;23.4;15.7;24.2;20.8;17.2;15.4;74.0;60.0;62.0;230.0;10.0;4.7
2022/12/28;1700 UTC;0.0;1009.5;1009.7;1009.3;3723.6;24.6;15.9;25.2;23.0;16.8;15.1;66.0;56.0;58.0;224.0;8.1;5.3
2022/12/28;1800 UTC;0.0;1009.3;1009.6;1009.2;3416.6;24.6;16.3;25.4;24.3;16.9;15.0;63.0;56.0;60.0;190.0;8.1;2.3
2022/12/28;1900 UTC;0.0;1008.8;1009.3;1008.8;2920.9;25.1;16.1;25.5;24.4;17.5;15.5;64.0;57.0;58.0;154.0;5.5;2.1
2022/12/28;2000 UTC;0.0;1008.1;1008.8;1008.1;2180.9;25.3;16.8;25.5;24.6;17.3;15.8;61.0;57.0;59.0;120.0;4.3;1.6
2022/12/28;2100 UTC;0.0;1007.5;1008.1;1007.5;1332.1;24.8;16.8;25.7;24.7;17.3;16.1;63.0;57.0;61.0;126.0;4.0;2.5
2022/12/28;2200 UTC;0.0;1007.4;1007.6;1007.4;523.7;23.8;16.3;24.7;23.8;17.0;16.3;64.0;61.0;63.0;113.0;4.5;1.6
2022/12/28;2300 UTC;0.0;1008.0;1008.0;1007.4;26.3;20.8;17.8;23.9;20.8;17.9;16.3;83.0;63.0;83.0;83.0;2.0;0.4
2022/12/29;0000 UTC;0.0;1008.7;1008.7;1008.0;0.0;20.3;17.6;20.9;19.9;18.0;17.5;87.0;82.0;84.0;25.0;3.5;1.7
2022/12/29;0100 UTC;0.0;1009.2;1009.2;1008.7;0.0;20.3;16.0;21.0;20.3;17.4;15.9;84.0;76.0;76.0;27.0;4.2;1.9
2022/12/29;0200 UTC;0.0;1009.4;1009.6;1009.1;0.0;20.0;15.7;20.3;19.8;16.0;15.7;78.0;76.0;76.0;34.0;4.8;2.4
2022/12/29;0300 UTC;0.0;1009.4;1009.5;1009.4;0.0;19.6;15.6;20.0;19.6;15.7;15.6;78.0;76.0;77.0;24.0;4.8;1.6
2022/12/29;0400 UTC;0.0;1009.2;1009.5;1009.1;0.0;20.0;15.7;20.0;19.5;15.7;15.5;79.0;76.0;76.0;29.0;4.3;1.7
2022/12/29;0500 UTC;0.0;1008.6;1009.3;1008.6;0.0;19.9;15.8;20.1;18.7;16.4;15.4;85.0;75.0;77.0;26.0;3.3;1.4
2022/12/29;0600 UTC;0.0;1008.3;1008.7;1008.2;0.0;20.2;15.5;20.2;19.2;16.5;15.3;84.0;74.0;75.0;13.0;3.0;0.8
2022/12/29;0700 UTC;0.0;1008.4;1008.4;1008.2;0.0;19.2;15.6;20.6;19.0;15.8;15.2;82.0;72.0;80.0;15.0;2.6;0.8
2022/12/29;0800 UTC;0.0;1008.7;1008.8;1008.4;0.0;20.4;15.7;20.7;19.0;15.8;15.4;81.0;73.0;75.0;297.0;5.2;1.9
2022/12/29;0900 UTC;0.0;1010.0;1010.0;1008.7;44.0;20.4;16.3;20.7;20.1;16.3;15.6;77.0;74.0;77.0;286.0;5.1;1.4
2022/12/29;1000 UTC;0.0;1011.5;1011.5;1010.0;567.4;21.5;17.0;22.2;20.3;17.4;16.3;79.0;74.0;76.0;209.0;5.4;3.2
2022/12/29;1100 UTC;0.0;1012.7;1012.7;1011.5;912.1;21.8;18.0;22.1;20.9;18.4;16.9;83.0;75.0;79.0;201.0;8.2;4.3
2022/12/29;1200 UTC;0.0;1013.3;1013.3;1012.6;1983.5;22.6;17.6;23.2;21.4;19.1;17.6;81.0;73.0;74.0;221.0;8.8;3.7
2022/12/29;1300 UTC;0.0;1013.8;1013.9;1013.3;2280.0;22.7;17.0;24.0;22.6;18.8;17.0;75.0;69.0;70.0;221.0;9.3;5.1
2022/12/29;1400 UTC;0.0;1013.9;1013.9;1013.7;3563.7;24.5;16.5;25.1;22.6;18.3;16.4;72.0;61.0;61.0;198.0;8.6;4.5
2022/12/29;1500 UTC;0.0;1013.7;1014.0;1013.7;4037.2;25.4;15.0;25.8;24.2;18.0;15.0;66.0;53.0;53.0;212.0;7.1;2.7
2022/12/29;1600 UTC;0.0;1013.7;1013.8;1013.7;4019.5;26.2;13.0;26.9;25.1;16.5;12.7;57.0;43.0;44.0;161.0;7.4;2.9
2022/12/29;1700 UTC;0.0;1013.4;1013.7;1013.3;3833.1;27.0;14.7;27.4;25.9;15.3;12.5;50.0;42.0;47.0;116.0;8.0;4.9
2022/12/29;1800 UTC;0.0;1013.3;1013.5;1013.2;3482.1;26.3;10.6;27.4;26.1;15.2;10.6;49.0;37.0;37.0;135.0;8.0;4.3
2022/12/29;1900 UTC;0.0;1013.0;1013.4;1012.9;2898.8;25.6;11.5;26.7;25.5;12.7;9.6;44.0;35.0;41.0;148.0;8.7;5.2
2022/12/29;2000 UTC;0.0;1012.7;1013.0;1012.7;2203.5;24.9;11.7;26.1;24.8;13.7;10.8;49.0;41.0;44.0;147.0;8.6;4.8
2022/12/29;2100 UTC;0.0;1012.9;1012.9;1012.6;1315.3;24.7;13.7;25.3;24.6;14.3;10.9;52.0;41.0;51.0;138.0;7.8;3.7
2022/12/29;2200 UTC;0.0;1013.2;1013.2;1012.9;500.1;23.0;14.9;24.8;23.0;15.3;13.9;60.0;51.0;60.0;126.0;8.1;3.9
2022/12/29;2300 UTC;0.0;1014.0;1014.0;1013.2;32.8;21.1;14.0;23.0;21.0;14.8;14.0;65.0;60.0;64.0;100.0;6.8;3.8
2022/12/30;0000 UTC;0.0;1014.7;1014.7;1014.0;0.0;20.3;13.0;21.1;20.2;14.0;13.0;66.0;63.0;63.0;113.0;6.5;3.4
2022/12/30;0100 UTC;0.0;1015.3;1015.3;1014.7;0.0;18.5;13.5;20.3;18.5;13.7;13.0;73.0;63.0;73.0;91.0;6.5;1.2
2022/12/30;0200 UTC;0.0;1015.6;1015.6;1015.3;0.0;18.6;12.2;18.7;18.2;13.5;12.2;74.0;67.0;67.0;74.0;3.2;1.5
2022/12/30;0300 UTC;0.0;1015.4;1015.6;1015.4;0.0;17.7;13.1;18.9;17.7;13.1;12.1;74.0;65.0;74.0;36.0;4.9;1.3
2022/12/30;0400 UTC;0.0;1014.9;1015.4;1014.9;0.0;16.4;13.3;17.9;16.3;13.5;13.0;83.0;74.0;82.0;91.0;2.7;0.2
2022/12/30;0500 UTC;0.0;1014.3;1014.9;1014.3;0.0;16.8;13.5;17.0;15.9;13.8;13.0;84.0;79.0;81.0;16.0;2.5;1.0
2022/12/30;0600 UTC;0.0;1014.0;1014.3;1014.0;0.0;16.5;13.6;17.1;16.3;13.6;13.1;84.0;79.0;83.0;27.0;2.5;0.9
2022/12/30;0700 UTC;0.0;1013.9;1014.0;1013.8;0.0;15.2;13.2;16.6;15.1;13.6;12.7;89.0;80.0;88.0;22.0;2.3;0.4
2022/12/30;0800 UTC;0.0;1014.1;1014.1;1013.9;0.0;15.7;13.7;15.9;15.0;13.9;13.1;91.0;88.0;88.0;20.0;2.5;1.1
2022/12/30;0900 UTC;0.0;1014.4;1014.4;1014.1;70.3;16.3;13.6;16.3;15.3;13.8;13.4;90.0;84.0;84.0;29.0;2.3;1.4
2022/12/30;1000 UTC;0.0;1014.8;1014.8;1014.4;610.1;19.0;13.4;19.0;16.3;14.4;13.3;84.0;69.0;70.0;23.0;2.7;1.2
2022/12/30;1100 UTC;0.0;1015.1;1015.1;1014.8;1410.6;21.8;13.8;21.8;19.0;14.3;13.1;70.0;60.0;60.0;38.0;3.0;0.8
2022/12/30;1200 UTC;0.0;1015.0;1015.1;1014.9;2219.9;24.0;14.2;24.4;21.8;14.4;13.4;61.0;52.0;54.0;290.0;2.9;1.4
2022/12/30;1300 UTC;0.0;1014.8;1015.0;1014.8;2927.2;24.6;15.7;25.4;24.0;16.9;13.9;61.0;51.0;58.0;235.0;4.5;2.1
2022/12/30;1400 UTC;0.0;1014.4;1014.8;1014.4;3469.3;26.9;15.4;27.5;24.6;16.7;14.9;59.0;47.0;49.0;264.0;4.8;2.6
2022/12/30;1500 UTC;0.0;1013.8;1014.4;1013.8;3816.0;28.9;14.6;29.0;26.9;16.0;13.1;50.0;38.0;42.0;275.0;5.1;2.0
2022/12/30;1600 UTC;0.0;1013.1;1013.8;1013.1;3939.9;29.3;12.7;30.1;28.4;15.7;12.7;44.0;36.0;36.0;252.0;5.7;3.2
2022/12/30;1700 UTC;0.0;1012.5;1013.2;1012.5;3830.7;30.7;11.2;31.0;29.1;13.9;9.8;37.0;28.0;30.0;247.0;6.6;3.6
2022/12/30;1800 UTC;0.0;1011.9;1012.5;1011.9;3483.2;30.6;10.4;31.6;30.0;12.7;8.7;34.0;25.0;29.0;235.0;6.3;3.3
2022/12/30;1900 UTC;0.0;1011.2;1011.8;1011.2;2904.6;30.5;9.2;31.4;30.5;11.1;8.4;30.0;25.0;27.0;206.0;6.1;2.5
2022/12/30;2000 UTC;0.0;1010.7;1011.2;1010.7;2164.2;30.4;14.3;31.6;30.4;14.6;9.1;38.0;26.0;38.0;134.0;6.0;3.4
2022/12/30;2100 UTC;0.0;1010.8;1011.0;1010.7;1327.7;29.1;17.1;30.7;29.0;17.2;14.2;49.0;38.0;48.0;85.0;6.9;4.1
2022/12/30;2200 UTC;0.0;1011.1;1011.1;1010.8;509.1;26.7;16.9;29.1;26.7;17.5;16.7;55.0;48.0;55.0;92.0;7.7;3.5
2022/12/30;2300 UTC;0.0;1011.5;1011.5;1011.1;31.2;25.0;15.6;26.7;25.0;17.1;15.5;57.0;54.0;56.0;45.0;6.4;2.0
2022/12/31;0000 UTC;0.0;1011.6;1011.6;1011.5;0.0;23.8;16.9;25.1;23.6;16.9;15.7;66.0;56.0;66.0;55.0;5.2;2.2
2022/12/31;0100 UTC;0.0;1011.9;1011.9;1011.6;0.0;22.6;16.9;23.8;22.6;17.0;16.8;70.0;65.0;70.0;22.0;5.6;2.4
2022/12/31;0200 UTC;0.0;1011.8;1012.0;1011.8;0.0;22.1;17.1;22.6;22.1;17.1;16.9;73.0;70.0;73.0;40.0;5.7;2.7
2022/12/31;0300 UTC;0.0;1011.5;1011.8;1011.5;0.0;21.5;17.5;22.1;21.5;17.5;17.1;78.0;73.0;78.0;29.0;6.3;2.8
2022/12/31;0400 UTC;0.0;1011.2;1011.5;1011.1;0.0;21.1;17.5;21.5;21.0;17.6;17.4;80.0;78.0;80.0;23.0;6.2;2.1
2022/12/31;0500 UTC;0.0;1011.2;1011.2;1011.1;0.0;19.9;17.3;21.2;19.9;17.6;17.3;85.0;80.0;85.0;331.0;4.6;0.8
2022/12/31;0600 UTC;0.0;1011.4;1011.4;1011.2;0.0;19.7;17.2;20.6;19.7;17.5;17.1;85.0;81.0;85.0;5.0;3.7;1.0
2022/12/31;0700 UTC;0.0;1011.7;1011.7;1011.3;0.0;18.5;17.1;19.7;18.3;17.4;16.7;92.0;85.0;92.0;29.0;1.8;0.5
2022/12/31;0800 UTC;0.0;1012.2;1012.2;1011.7;0.0;18.0;16.9;18.6;18.0;17.3;16.7;94.0;91.0;94.0;15.0;1.5;0.5
2022/12/31;0900 UTC;0.0;1012.7;1012.7;1012.2;65.6;18.2;17.0;18.2;17.6;17.1;16.6;95.0;93.0;93.0;64.0;1.1;0.6
2022/12/31;1000 UTC;0.0;1013.2;1013.2;1012.7;598.3;21.9;18.2;21.9;18.2;18.3;17.0;93.0;79.0;80.0;44.0;1.3;0.5
2022/12/31;1100 UTC;0.0;1013.6;1013.6;1013.2;1346.8;26.2;19.1;26.2;22.0;19.7;18.3;80.0;65.0;65.0;357.0;2.1;0.8
2022/12/31;1200 UTC;0.0;1013.4;1013.6;1013.4;2161.0;28.5;17.9;28.7;26.2;19.6;17.2;66.0;51.0;53.0;293.0;4.6;2.4
2022/12/31;1300 UTC;0.0;1013.4;1013.4;1013.4;2878.3;29.4;18.5;29.9;28.5;19.3;17.4;54.0;49.0;52.0;285.0;5.7;2.6
2022/12/31;1400 UTC;0.0;1013.2;1013.4;1013.2;3427.4;30.6;18.4;31.0;29.4;19.9;17.7;53.0;47.0;48.0;286.0;6.9;2.8
2022/12/31;1500 UTC;0.0;1012.7;1013.2;1012.7;3764.0;31.3;18.3;31.8;30.1;19.4;17.5;49.0;46.0;46.0;260.0;6.9;2.8
2022/12/31;1600 UTC;0.0;1012.1;1012.7;1012.1;3878.3;33.0;18.2;33.4;31.3;19.7;15.8;48.0;34.0;42.0;249.0;5.3;1.7
2022/12/31;1700 UTC;0.0;1011.7;1012.1;1011.7;3789.4;34.2;14.4;34.7;32.7;19.3;12.9;44.0;28.0;31.0;240.0;5.1;3.2
2022/12/31;1800 UTC;0.0;1010.9;1011.7;1010.9;3461.4;34.5;11.9;34.8;33.6;15.1;11.7;31.0;26.0;26.0;239.0;5.5;2.8
2022/12/31;1900 UTC;0.0;1010.5;1010.9;1010.5;2876.6;34.6;13.6;35.2;34.2;14.1;11.4;29.0;24.0;28.0;156.0;6.8;3.7
2022/12/31;2000 UTC;0.0;1010.3;1010.6;1010.2;2155.1;33.3;15.7;34.9;33.2;16.8;14.0;37.0;28.0;35.0;133.0;7.3;4.8
2022/12/31;2100 UTC;0.0;1010.1;1010.3;1010.1;1335.6;31.9;19.6;33.4;31.9;19.9;15.6;49.0;35.0;48.0;105.0;7.8;4.8
2022/12/31;2200 UTC;0.0;1010.7;1010.7;1010.1;509.1;29.4;18.4;31.9;29.4;20.3;18.1;55.0;47.0;52.0;81.0;8.0;4.1
2022/12/31;2300 UTC;0.0;1011.2;1011.2;1010.7;31.5;27.2;17.8;29.3;27.2;18.8;17.8;58.0;51.0;56.0;69.0;7.0;1.8
