station_code,start_date,end_date,observed_days,expected_days,missing_days,missing_pct
A001,2019-01-01,2024-12-31,2192,2192,0,0.0
A002,2019-01-01,2024-12-31,2192,2192,0,0.0
A003,2019-01-01,2024-12-31,2192,2192,0,0.0
A005,2019-01-01,2024-12-31,2192,2192,0,0.0
A009,2019-01-01,2024-12-31,2192,2192,0,0.0
A010,2019-01-01,2024-12-31,2192,2192,0,0.0
A011,2019-01-01,2024-12-31,2192,2192,0,0.0
A012,2019-01-01,2024-12-31,2192,2192,0,0.0
A013,2019-01-01,2024-12-31,2192,2192,0,0.0
A014,2019-01-01,2024-12-31,2192,2192,0,0.0
A015,2019-01-01,2024-12-31,2192,2192,0,0.0
A016,2019-01-01,2024-12-31,2192,2192,0,0.0
A017,2019-01-01,2024-12-31,2192,2192,0,0.0
A018,2019-01-01,2024-12-31,2192,2192,0,0.0
A019,2019-01-01,2024-12-31,2192,2192,0,0.0
A020,2019-01-01,2024-12-31,2192,2192,0,0.0
A021,2019-01-01,2024-12-31,2192,2192,0,0.0
A022,2019-01-01,2024-12-31,2192,2192,0,0.0
A023,2019-01-01,2024-12-31,2192,2192,0,0.0
A024,2019-01-01,2024-12-31,2192,2192,0,0.0
A025,2019-01-01,2024-12-31,2192,2192,0,0.0
A026,2019-01-01,2024-12-31,2192,2192,0,0.0
A027,2019-01-01,2024-12-31,2192,2192,0,0.0
A028,2019-01-01,2024-12-31,2192,2192,0,0.0
A029,2019-01-01,2024-12-31,2192,2192,0,0.0
A031,2019-01-01,2024-12-31,2192,2192,0,0.0
A032,2019-01-01,2024-12-31,2192,2192,0,0.0
A033,2019-01-01,2024-12-31,2192,2192,0,0.0
A034,2019-01-01,2024-12-31,2192,2192,0,0.0
A035,2019-01-01,2024-12-31,2192,2192,0,0.0
A036,2019-01-01,2024-12-31,2192,2192,0,0.0
A037,2019-01-01,2024-12-31,2192,2192,0,0.0
A038,2019-01-01,2024-12-31,2192,2192,0,0.0
A039,2019-01-01,2024-12-31,2192,2192,0,0.0
A040,2019-01-01,2024-12-31,2192,2192,0,0.0
A041,2019-01-01,2024-12-31,2192,2192,0,0.0
A042,2019-01-01,2024-12-31,2192,2192,0,0.0
A043,2019-01-01,2024-12-31,2192,2192,0,0.0
A044,2019-01-01,2024-12-31,2192,2192,0,0.0
A045,2019-01-01,2024-12-31,2192,2192,0,0.0
A046,2019-01-01,2024-12-31,2192,2192,0,0.0
A047,2019-01-01,2024-12-31,2192,2192,0,0.0
A048,2019-01-01,2024-12-31,2192,2192,0,0.0
A049,2019-01-01,2024-12-31,2192,2192,0,0.0
A050,2019-01-01,2024-12-31,2192,2192,0,0.0
A051,2019-01-01,2024-12-31,2192,2192,0,0.0
A052,2019-01-01,2024-12-31,2192,2192,0,0.0
A053,2019-01-01,2024-12-31,2192,2192,0,0.0
A054,2019-01-01,2024-12-31,2192,2192,0,0.0
A055,2019-01-01,2024-12-31,2192,2192,0,0.0
A056,2019-01-01,2024-12-31,2192,2192,0,0.0
A101,2019-01-01,2024-12-31,2192,2192,0,0.0
A102,2019-01-01,2024-12-31,2192,2192,0,0.0
A104,2019-01-01,2024-12-31,2192,2192,0,0.0
A108,2019-01-01,2024-12-31,2192,2192,0,0.0
A109,2019-01-01,2024-12-31,2192,2192,0,0.0
A110,2019-01-01,2024-12-31,2192,2192,0,0.0
A111,2019-01-01,2024-12-31,2192,2192,0,0.0
A112,2019-01-01,2024-12-31,2192,2192,0,0.0
A113,2019-01-01,2024-12-31,2192,2192,0,0.0
A117,2019-01-01,2024-12-31,2192,2192,0,0.0
A119,2019-01-01,2024-12-31,2192,2192,0,0.0
A120,2019-01-01,2024-12-31,2192,2192,0,0.0
A121,2019-01-01,2024-12-31,2192,2192,0,0.0
A122,2019-01-01,2024-12-31,2192,2192,0,0.0
A123,2019-01-01,2024-12-31,2192,2192,0,0.0
A124,2019-01-01,2024-12-31,2192,2192,0,0.0
A125,2019-01-01,2024-12-31,2192,2192,0,0.0
A126,2019-01-01,2024-12-31,2192,2192,0,0.0
A128,2019-01-01,2024-12-31,2192,2192,0,0.0
A133,2019-01-01,2024-12-31,2192,2192,0,0.0
A134,2019-01-01,2024-12-31,2192,2192,0,0.0
A135,2019-01-01,2024-12-31,2192,2192,0,0.0
A136,2019-01-01,2024-12-31,2192,2192,0,0.0
A137,2019-01-01,2024-12-31,2192,2192,0,0.0
A138,2019-01-01,2024-12-31,2192,2192,0,0.0
A140,2019-01-01,2024-12-31,2192,2192,0,0.0
A144,2019-07-18,2024-12-31,1994,1994,0,0.0
A201,2019-01-01,2024-12-31,2192,2192,0,0.0
A202,2019-01-01,2024-12-31,2192,2192,0,0.0
A203,2019-01-01,2024-12-31,2192,2192,0,0.0
A204,2019-01-01,2024-12-31,2192,2192,0,0.0
A205,2019-01-01,2024-12-31,2192,2192,0,0.0
A206,2019-01-01,2024-12-31,2192,2192,0,0.0
A207,2019-01-01,2024-12-31,2192,2192,0,0.0
A209,2019-01-01,2024-12-31,2192,2192,0,0.0
A210,2019-01-01,2024-12-31,2192,2192,0,0.0
A211,2019-01-01,2024-12-31,2192,2192,0,0.0
A212,2019-01-01,2024-12-31,2192,2192,0,0.0
A213,2019-01-01,2024-12-31,2192,2192,0,0.0
A214,2019-01-01,2024-12-31,2192,2192,0,0.0
A215,2019-01-01,2024-12-31,2192,2192,0,0.0
A216,2019-01-01,2024-12-31,2192,2192,0,0.0
A217,2019-01-01,2024-12-31,2192,2192,0,0.0
A218,2019-01-01,2024-12-31,2192,2192,0,0.0
A219,2019-01-01,2024-12-31,2192,2192,0,0.0
A220,2019-01-01,2024-12-31,2192,2192,0,0.0
A221,2019-01-01,2024-12-31,2192,2192,0,0.0
A222,2019-01-01,2024-12-31,2192,2192,0,0.0
A223,2019-01-01,2024-12-31,2192,2192,0,0.0
A224,2019-01-01,2024-12-31,2192,2192,0,0.0
A225,2019-01-01,2024-12-31,2192,2192,0,0.0
A226,2019-01-01,2024-12-31,2192,2192,0,0.0
A227,2019-01-01,2024-12-31,2192,2192,0,0.0
A228,2019-01-01,2024-12-31,2192,2192,0,0.0
A229,2019-01-01,2024-12-31,2192,2192,0,0.0
A230,2019-01-01,2024-12-31,2192,2192,0,0.0
A231,2019-01-01,2024-12-31,2192,2192,0,0.0
A232,2019-01-01,2024-12-31,2192,2192,0,0.0
A233,2019-01-01,2024-12-31,2192,2192,0,0.0
A234,2019-01-01,2024-12-31,2192,2192,0,0.0
A235,2019-01-01,2024-12-31,2192,2192,0,0.0
A236,2019-01-01,2024-12-31,2192,2192,0,0.0
A237,2019-01-01,2024-12-31,2192,2192,0,0.0
A238,2019-01-01,2024-12-31,2192,2192,0,0.0
A239,2019-01-01,2024-12-31,2192,2192,0,0.0
A240,2019-01-01,2024-12-31,2192,2192,0,0.0
A241,2019-01-01,2024-12-31,2192,2192,0,0.0
A242,2019-01-01,2024-12-31,2192,2192,0,0.0
A244,2019-01-01,2024-12-31,2192,2192,0,0.0
A246,2019-01-01,2024-12-31,2192,2192,0,0.0
A247,2019-01-01,2024-12-31,2192,2192,0,0.0
A248,2019-01-01,2024-12-31,2192,2192,0,0.0
A249,2019-01-01,2024-12-31,2192,2192,0,0.0
A250,2019-01-01,2024-12-31,2192,2192,0,0.0
A251,2019-01-01,2024-12-31,2192,2192,0,0.0
A252,2019-01-01,2024-12-31,2192,2192,0,0.0
A253,2019-01-01,2024-12-31,2192,2192,0,0.0
A254,2019-07-11,2024-12-31,2001,2001,0,0.0
A255,2019-09-18,2024-12-31,1932,1932,0,0.0
A301,2019-01-01,2023-12-31,1826,1826,0,0.0
A302,2019-01-01,2020-12-31,731,731,0,0.0
A303,2019-01-01,2024-12-31,2192,2192,0,0.0
A304,2019-01-01,2024-12-31,2192,2192,0,0.0
A305,2019-01-01,2024-12-31,2192,2192,0,0.0
A306,2019-01-01,2024-12-31,2192,2192,0,0.0
A307,2019-01-01,2024-12-31,2192,2192,0,0.0
A308,2019-01-01,2024-12-31,2192,2192,0,0.0
A309,2019-01-01,2024-12-31,2192,2192,0,0.0
A310,2019-01-01,2024-12-31,2192,2192,0,0.0
A311,2019-01-01,2024-12-31,2192,2192,0,0.0
A312,2019-01-01,2024-12-31,2192,2192,0,0.0
A313,2019-01-01,2024-12-31,2192,2192,0,0.0
A314,2019-01-01,2024-12-31,2192,2192,0,0.0
A315,2019-01-01,2024-12-31,2192,2192,0,0.0
A316,2019-01-01,2024-12-31,2192,2192,0,0.0
A317,2019-01-01,2024-12-31,2192,2192,0,0.0
A318,2019-01-01,2024-12-31,2192,2192,0,0.0
A319,2019-01-01,2024-12-31,2192,2192,0,0.0
A320,2019-01-01,2024-12-31,2192,2192,0,0.0
A321,2019-01-01,2024-12-31,2192,2192,0,0.0
A322,2019-01-01,2024-12-31,2192,2192,0,0.0
A323,2019-01-01,2024-12-31,2192,2192,0,0.0
A324,2019-01-01,2024-12-31,2192,2192,0,0.0
A325,2019-01-01,2024-12-31,2192,2192,0,0.0
A326,2019-01-01,2024-12-31,2192,2192,0,0.0
A327,2019-01-01,2024-12-31,2192,2192,0,0.0
A328,2019-01-01,2024-12-31,2192,2192,0,0.0
A329,2019-01-01,2024-12-31,2192,2192,0,0.0
A330,2019-01-01,2024-12-31,2192,2192,0,0.0
A331,2019-01-01,2024-12-31,2192,2192,0,0.0
A332,2019-01-01,2024-12-31,2192,2192,0,0.0
A333,2019-01-01,2024-12-31,2192,2192,0,0.0
A334,2019-01-01,2024-12-31,2192,2192,0,0.0
A335,2019-01-01,2024-12-31,2192,2192,0,0.0
A336,2019-01-01,2024-12-31,2192,2192,0,0.0
A337,2019-01-01,2024-12-31,2192,2192,0,0.0
A339,2019-01-01,2024-12-31,2192,2192,0,0.0
A340,2019-01-01,2024-12-31,2192,2192,0,0.0
A341,2019-01-01,2024-12-31,2192,2192,0,0.0
A342,2019-01-01,2024-12-31,2192,2192,0,0.0
A343,2019-01-01,2024-12-31,2192,2192,0,0.0
A344,2019-01-01,2024-12-31,2192,2192,0,0.0
A345,2019-01-01,2024-12-31,2192,2192,0,0.0
A346,2019-01-01,2024-12-31,2192,2192,0,0.0
A347,2019-01-01,2024-12-31,2192,2192,0,0.0
A348,2019-01-01,2024-12-31,2192,2192,0,0.0
A349,2019-01-01,2024-12-31,2192,2192,0,0.0
A350,2019-01-01,2024-12-31,2192,2192,0,0.0
A351,2019-01-01,2024-12-31,2192,2192,0,0.0
A352,2019-01-01,2024-12-31,2192,2192,0,0.0
A353,2019-01-01,2024-12-31,2192,2192,0,0.0
A354,2019-01-01,2024-12-31,2192,2192,0,0.0
A355,2019-01-01,2024-12-31,2192,2192,0,0.0
A356,2019-01-01,2024-12-31,2192,2192,0,0.0
A357,2019-01-01,2024-12-31,2192,2192,0,0.0
A358,2019-01-01,2024-12-31,2192,2192,0,0.0
A359,2019-01-01,2024-12-31,2192,2192,0,0.0
A360,2019-01-01,2024-12-31,2192,2192,0,0.0
A361,2019-01-01,2024-12-31,2192,2192,0,0.0
A363,2019-01-01,2024-12-31,1826,2192,366,16.697080291970803
A364,2019-01-01,2024-12-31,2192,2192,0,0.0
A365,2019-01-01,2024-12-31,2192,2192,0,0.0
A366,2019-01-01,2024-12-31,2192,2192,0,0.0
A367,2019-01-01,2024-12-31,2192,2192,0,0.0
A368,2019-01-01,2024-12-31,2192,2192,0,0.0
A369,2019-01-01,2024-12-31,2192,2192,0,0.0
A370,2019-01-01,2024-12-31,2192,2192,0,0.0
A371,2019-01-01,2024-12-31,2192,2192,0,0.0
A372,2019-01-01,2024-12-31,2192,2192,0,0.0
A373,2019-01-01,2024-12-31,2192,2192,0,0.0
A374,2019-01-01,2024-12-31,2192,2192,0,0.0
A375,2019-01-01,2024-12-31,2192,2192,0,0.0
A376,2019-01-01,2024-12-31,2192,2192,0,0.0
A377,2019-11-14,2024-12-31,1875,1875,0,0.0
A401,2019-01-01,2024-12-31,2192,2192,0,0.0
A402,2019-01-01,2024-12-31,2192,2192,0,0.0
A404,2019-01-01,2024-12-31,2192,2192,0,0.0
A405,2019-01-01,2024-12-31,2192,2192,0,0.0
A406,2019-01-01,2024-12-31,2192,2192,0,0.0
A407,2019-01-01,2024-12-31,2192,2192,0,0.0
A408,2019-01-01,2024-12-31,2192,2192,0,0.0
A409,2019-01-01,2024-12-31,2192,2192,0,0.0
A410,2019-01-01,2024-12-31,2192,2192,0,0.0
A412,2019-01-01,2024-12-31,2192,2192,0,0.0
A413,2019-01-01,2024-12-31,2192,2192,0,0.0
A414,2019-01-01,2024-12-31,2192,2192,0,0.0
A415,2019-01-01,2024-12-31,2192,2192,0,0.0
A416,2019-01-01,2024-12-31,2192,2192,0,0.0
A417,2019-01-01,2024-12-31,2192,2192,0,0.0
A418,2019-01-01,2024-12-31,2192,2192,0,0.0
A419,2019-01-01,2024-12-31,2192,2192,0,0.0
A420,2019-01-01,2022-12-31,1461,1461,0,0.0
A421,2019-01-01,2024-12-31,2192,2192,0,0.0
A422,2019-01-01,2024-12-31,2192,2192,0,0.0
A423,2019-01-01,2024-12-31,2192,2192,0,0.0
A424,2019-01-01,2024-12-31,2192,2192,0,0.0
A425,2019-01-01,2024-12-31,2192,2192,0,0.0
A426,2019-01-01,2024-12-31,2192,2192,0,0.0
A427,2019-01-01,2024-12-31,2192,2192,0,0.0
A428,2019-01-01,2024-12-31,2192,2192,0,0.0
A429,2019-01-01,2024-12-31,2192,2192,0,0.0
A430,2019-01-01,2024-12-31,2192,2192,0,0.0
A431,2019-01-01,2024-12-31,2192,2192,0,0.0
A432,2019-01-01,2024-12-31,2192,2192,0,0.0
A433,2019-01-01,2024-12-31,2192,2192,0,0.0
A434,2019-01-01,2024-12-31,2192,2192,0,0.0
A435,2019-01-01,2021-12-31,1096,1096,0,0.0
A436,2019-01-01,2024-12-31,2192,2192,0,0.0
A437,2019-01-01,2024-12-31,2192,2192,0,0.0
A438,2019-01-01,2024-12-31,2192,2192,0,0.0
A439,2019-01-01,2024-12-31,2192,2192,0,0.0
A440,2019-01-01,2024-12-31,2192,2192,0,0.0
A441,2019-01-01,2024-12-31,2192,2192,0,0.0
A442,2019-01-01,2024-12-31,2192,2192,0,0.0
A443,2019-01-01,2024-12-31,2192,2192,0,0.0
A444,2019-01-01,2024-12-31,2192,2192,0,0.0
A445,2019-01-01,2024-12-31,2192,2192,0,0.0
A446,2019-01-01,2024-12-31,2192,2192,0,0.0
A447,2019-01-01,2024-12-31,2192,2192,0,0.0
A448,2019-01-01,2024-12-31,2192,2192,0,0.0
A449,2019-01-01,2022-12-31,1461,1461,0,0.0
A450,2019-01-01,2024-12-31,2192,2192,0,0.0
A451,2019-01-01,2024-12-31,2192,2192,0,0.0
A452,2019-01-01,2024-12-31,2192,2192,0,0.0
A453,2019-01-01,2024-12-31,2192,2192,0,0.0
A455,2019-01-01,2024-12-31,2192,2192,0,0.0
A456,2019-01-01,2024-12-31,2192,2192,0,0.0
A458,2019-01-01,2024-12-31,2192,2192,0,0.0
A502,2019-01-01,2024-12-31,2192,2192,0,0.0
A505,2019-01-01,2024-12-31,2192,2192,0,0.0
A506,2019-01-01,2024-12-31,2192,2192,0,0.0
A507,2019-01-01,2024-12-31,2192,2192,0,0.0
A508,2019-01-01,2024-12-31,2192,2192,0,0.0
A509,2019-01-01,2024-12-31,2192,2192,0,0.0
A510,2019-01-01,2024-12-31,2192,2192,0,0.0
A511,2019-01-01,2024-12-31,2192,2192,0,0.0
A512,2019-01-01,2024-12-31,2192,2192,0,0.0
A513,2019-01-01,2024-12-31,2192,2192,0,0.0
A514,2019-01-01,2024-12-31,2192,2192,0,0.0
A515,2019-01-01,2024-12-31,2192,2192,0,0.0
A516,2019-01-01,2024-12-31,2192,2192,0,0.0
A517,2019-01-01,2024-12-31,2192,2192,0,0.0
A518,2019-01-01,2024-12-31,2192,2192,0,0.0
A519,2019-01-01,2024-12-31,2192,2192,0,0.0
A520,2019-01-01,2024-12-31,2192,2192,0,0.0
A521,2019-01-01,2024-12-31,2192,2192,0,0.0
A522,2019-01-01,2024-12-31,2192,2192,0,0.0
A523,2019-01-01,2024-12-31,2192,2192,0,0.0
A524,2019-01-01,2024-12-31,2192,2192,0,0.0
A525,2019-01-01,2024-12-31,2192,2192,0,0.0
A526,2019-01-01,2024-12-31,2192,2192,0,0.0
A527,2019-01-01,2024-12-31,2192,2192,0,0.0
A528,2019-01-01,2024-12-31,2192,2192,0,0.0
A529,2019-01-01,2024-12-31,2192,2192,0,0.0
A530,2019-01-01,2024-12-31,2192,2192,0,0.0
A531,2019-01-01,2024-12-31,2192,2192,0,0.0
A532,2019-01-01,2024-12-31,2192,2192,0,0.0
A533,2019-01-01,2024-12-31,2192,2192,0,0.0
A534,2019-01-01,2024-12-31,2192,2192,0,0.0
A535,2019-01-01,2024-12-31,2192,2192,0,0.0
A536,2019-01-01,2024-12-31,2192,2192,0,0.0
A537,2019-01-01,2024-12-31,2192,2192,0,0.0
A538,2019-01-01,2024-12-31,2192,2192,0,0.0
A539,2019-01-01,2024-12-31,2192,2192,0,0.0
A540,2019-01-01,2024-12-31,2192,2192,0,0.0
A541,2019-01-01,2024-12-31,2192,2192,0,0.0
A542,2019-01-01,2024-12-31,2192,2192,0,0.0
A543,2019-01-01,2024-12-31,2192,2192,0,0.0
A544,2019-01-01,2024-12-31,2192,2192,0,0.0
A545,2019-01-01,2024-12-31,2192,2192,0,0.0
A546,2019-01-01,2024-12-31,2192,2192,0,0.0
A547,2019-01-01,2024-12-31,2192,2192,0,0.0
A548,2019-01-01,2024-12-31,2192,2192,0,0.0
A549,2019-01-01,2024-12-31,2192,2192,0,0.0
A550,2019-01-01,2024-12-31,2192,2192,0,0.0
A551,2019-01-01,2024-12-31,2192,2192,0,0.0
A552,2019-01-01,2024-12-31,2192,2192,0,0.0
A553,2019-01-01,2024-12-31,2192,2192,0,0.0
A554,2019-01-01,2024-12-31,2192,2192,0,0.0
A555,2019-01-01,2024-12-31,2192,2192,0,0.0
A556,2019-01-01,2024-12-31,2192,2192,0,0.0
A557,2019-01-01,2024-12-31,2192,2192,0,0.0
A559,2019-01-01,2024-12-31,2192,2192,0,0.0
A561,2019-01-01,2024-12-31,2192,2192,0,0.0
A562,2019-01-01,2024-12-31,2192,2192,0,0.0
A563,2019-01-01,2024-12-31,2192,2192,0,0.0
A564,2019-01-01,2024-12-31,2192,2192,0,0.0
A565,2019-01-01,2024-12-31,2192,2192,0,0.0
A566,2019-01-01,2024-12-31,2192,2192,0,0.0
A567,2019-01-01,2024-12-31,2192,2192,0,0.0
A568,2019-01-01,2024-12-31,2192,2192,0,0.0
A569,2019-01-01,2024-12-31,2192,2192,0,0.0
A570,2019-01-01,2024-12-31,2192,2192,0,0.0
A571,2019-01-01,2024-12-31,2192,2192,0,0.0
A601,2019-01-01,2024-12-31,2192,2192,0,0.0
A602,2019-01-01,2024-12-31,2192,2192,0,0.0
A603,2019-01-01,2024-12-31,2192,2192,0,0.0
A604,2019-01-01,2024-12-31,2192,2192,0,0.0
A606,2019-01-01,2024-12-31,2192,2192,0,0.0
A607,2019-01-01,2024-12-31,2192,2192,0,0.0
A608,2019-01-01,2024-12-31,2192,2192,0,0.0
A609,2019-01-01,2024-12-31,2192,2192,0,0.0
A610,2019-01-01,2024-12-31,2192,2192,0,0.0
A611,2019-01-01,2024-12-31,2192,2192,0,0.0
A612,2019-01-01,2024-12-31,2192,2192,0,0.0
A613,2019-01-01,2024-12-31,2192,2192,0,0.0
A614,2019-01-01,2024-12-31,2192,2192,0,0.0
A615,2019-01-01,2024-12-31,2192,2192,0,0.0
A616,2019-01-01,2024-12-31,2192,2192,0,0.0
A617,2019-01-01,2024-12-31,2192,2192,0,0.0
A618,2019-01-01,2024-12-31,2192,2192,0,0.0
A619,2019-01-01,2024-12-31,2192,2192,0,0.0
A620,2019-01-01,2024-12-31,2192,2192,0,0.0
A621,2019-01-01,2024-12-31,2192,2192,0,0.0
A622,2019-01-01,2024-12-31,2192,2192,0,0.0
A623,2019-01-01,2022-12-31,1461,1461,0,0.0
A624,2019-01-01,2024-12-31,2192,2192,0,0.0
A625,2019-01-01,2024-12-31,2192,2192,0,0.0
A626,2019-01-01,2024-12-31,2192,2192,0,0.0
A627,2019-01-01,2024-12-31,2192,2192,0,0.0
A628,2019-01-01,2024-12-31,2192,2192,0,0.0
A629,2019-01-01,2024-12-31,2192,2192,0,0.0
A630,2019-01-01,2024-12-31,2192,2192,0,0.0
A631,2019-01-01,2024-12-31,2192,2192,0,0.0
A632,2019-01-01,2024-12-31,2192,2192,0,0.0
A633,2019-01-01,2024-12-31,2192,2192,0,0.0
A634,2019-01-01,2024-12-31,2192,2192,0,0.0
A635,2019-01-01,2021-12-31,1096,1096,0,0.0
A636,2019-01-01,2024-12-31,2192,2192,0,0.0
A652,2019-01-01,2024-12-31,2192,2192,0,0.0
A657,2019-01-01,2024-12-31,2192,2192,0,0.0
A659,2019-01-01,2024-12-31,2192,2192,0,0.0
A667,2019-01-01,2024-12-31,2192,2192,0,0.0
A701,2019-01-01,2024-12-31,2192,2192,0,0.0
A702,2019-01-01,2024-12-31,2192,2192,0,0.0
A703,2019-01-01,2024-12-31,2192,2192,0,0.0
A704,2019-01-01,2024-12-31,2192,2192,0,0.0
A705,2019-01-01,2024-12-31,2192,2192,0,0.0
A706,2019-01-01,2024-12-31,2192,2192,0,0.0
A707,2019-01-01,2024-12-31,2192,2192,0,0.0
A708,2019-01-01,2024-12-31,2192,2192,0,0.0
A709,2019-01-01,2024-12-31,2192,2192,0,0.0
A710,2019-01-01,2024-12-31,2192,2192,0,0.0
A711,2019-01-01,2024-12-31,2192,2192,0,0.0
A712,2019-01-01,2024-12-31,2192,2192,0,0.0
A713,2019-01-01,2024-12-31,2192,2192,0,0.0
A714,2019-01-01,2024-12-31,2192,2192,0,0.0
A715,2019-01-01,2024-12-31,2192,2192,0,0.0
A716,2019-01-01,2024-12-31,1827,2192,365,16.6514598540146
A717,2019-01-01,2024-12-31,2192,2192,0,0.0
A718,2019-01-01,2024-12-31,2192,2192,0,0.0
A719,2019-01-01,2024-12-31,2192,2192,0,0.0
A720,2019-01-01,2024-12-31,2192,2192,0,0.0
A721,2019-01-01,2024-12-31,2192,2192,0,0.0
A722,2019-01-01,2024-12-31,2192,2192,0,0.0
A723,2019-01-01,2024-12-31,2192,2192,0,0.0
A724,2019-01-01,2024-12-31,2192,2192,0,0.0
A725,2019-01-01,2024-12-31,2192,2192,0,0.0
A726,2019-01-01,2024-12-31,2192,2192,0,0.0
A727,2019-01-01,2024-12-31,2192,2192,0,0.0
A728,2019-01-01,2024-12-31,2192,2192,0,0.0
A729,2019-01-01,2021-12-31,1096,1096,0,0.0
A730,2019-01-01,2024-12-31,2192,2192,0,0.0
A731,2019-01-01,2024-12-31,2192,2192,0,0.0
A732,2019-01-01,2024-12-31,2192,2192,0,0.0
A733,2019-01-01,2024-12-31,2192,2192,0,0.0
A734,2019-01-01,2024-12-31,2192,2192,0,0.0
A735,2019-01-01,2024-12-31,2192,2192,0,0.0
A736,2019-01-01,2024-12-31,2192,2192,0,0.0
A737,2019-01-01,2024-12-31,2192,2192,0,0.0
A738,2019-01-01,2024-12-31,2192,2192,0,0.0
A739,2019-01-01,2024-12-31,2192,2192,0,0.0
A740,2019-01-01,2024-12-31,2192,2192,0,0.0
A741,2019-01-01,2024-12-31,2192,2192,0,0.0
A742,2019-01-01,2024-12-31,2192,2192,0,0.0
A743,2019-01-01,2024-12-31,2192,2192,0,0.0
A744,2019-01-01,2024-12-31,2192,2192,0,0.0
A746,2019-01-01,2024-12-31,2192,2192,0,0.0
A747,2019-01-01,2024-12-31,2192,2192,0,0.0
A748,2019-01-01,2024-12-31,2192,2192,0,0.0
A749,2019-01-01,2024-12-31,2192,2192,0,0.0
A750,2019-01-01,2024-12-31,2192,2192,0,0.0
A751,2019-01-01,2024-12-31,2192,2192,0,0.0
A752,2019-01-01,2024-12-31,2192,2192,0,0.0
A753,2019-01-01,2024-12-31,2192,2192,0,0.0
A754,2019-01-01,2024-12-31,2192,2192,0,0.0
A755,2019-01-01,2024-12-31,2192,2192,0,0.0
A756,2019-01-01,2024-12-31,2192,2192,0,0.0
A757,2019-01-01,2022-12-31,1461,1461,0,0.0
A758,2019-01-01,2024-12-31,2192,2192,0,0.0
A759,2019-01-01,2024-12-31,2192,2192,0,0.0
A760,2019-01-01,2024-12-31,2192,2192,0,0.0
A761,2019-01-01,2024-12-31,2192,2192,0,0.0
A762,2019-01-01,2024-12-31,2192,2192,0,0.0
A763,2019-01-01,2024-12-31,2192,2192,0,0.0
A764,2019-01-01,2024-12-31,1827,2192,365,16.6514598540146
A765,2019-01-01,2024-12-31,2192,2192,0,0.0
A766,2019-01-01,2024-12-31,2192,2192,0,0.0
A767,2019-01-01,2021-12-31,1096,1096,0,0.0
A768,2019-01-01,2024-12-31,2192,2192,0,0.0
A769,2019-01-01,2024-12-31,2192,2192,0,0.0
A770,2019-07-03,2024-12-31,2009,2009,0,0.0
A771,2019-01-01,2024-12-31,2192,2192,0,0.0
A801,2019-01-01,2024-12-31,2192,2192,0,0.0
A802,2019-01-01,2024-12-31,2192,2192,0,0.0
A803,2019-01-01,2024-12-31,2192,2192,0,0.0
A804,2019-01-01,2024-12-31,2192,2192,0,0.0
A805,2019-01-01,2024-12-31,2192,2192,0,0.0
A806,2019-01-01,2024-12-31,2192,2192,0,0.0
A807,2019-01-01,2024-12-31,2192,2192,0,0.0
A808,2019-01-01,2023-12-31,1826,1826,0,0.0
A809,2019-01-01,2024-12-31,2192,2192,0,0.0
A810,2019-01-01,2024-12-31,2192,2192,0,0.0
A811,2019-01-01,2024-12-31,2192,2192,0,0.0
A812,2019-01-01,2024-12-31,2192,2192,0,0.0
A813,2019-01-01,2024-12-31,2192,2192,0,0.0
A814,2019-01-01,2024-12-31,2192,2192,0,0.0
A815,2019-01-01,2024-12-31,2192,2192,0,0.0
A816,2019-01-01,2024-12-31,2192,2192,0,0.0
A817,2019-01-01,2024-12-31,2192,2192,0,0.0
A818,2019-01-01,2024-12-31,2192,2192,0,0.0
A819,2019-01-01,2024-12-31,1827,2192,365,16.6514598540146
A820,2019-01-01,2024-12-31,2192,2192,0,0.0
A821,2019-01-01,2024-12-31,2192,2192,0,0.0
A822,2019-01-01,2024-12-31,1827,2192,365,16.6514598540146
A823,2019-01-01,2024-12-31,2192,2192,0,0.0
A824,2019-01-01,2024-12-31,2192,2192,0,0.0
A825,2019-01-01,2024-12-31,2192,2192,0,0.0
A826,2019-01-01,2024-12-31,2192,2192,0,0.0
A827,2019-01-01,2024-12-31,2192,2192,0,0.0
A828,2019-01-01,2024-12-31,2192,2192,0,0.0
A829,2019-01-01,2024-12-31,2192,2192,0,0.0
A830,2019-01-01,2024-12-31,2192,2192,0,0.0
A831,2019-01-01,2024-12-31,2192,2192,0,0.0
A832,2019-01-01,2024-12-31,2192,2192,0,0.0
A833,2019-01-01,2024-12-31,2192,2192,0,0.0
A834,2019-01-01,2024-12-31,2192,2192,0,0.0
A835,2019-01-01,2024-12-31,2192,2192,0,0.0
A836,2019-01-01,2024-12-31,2192,2192,0,0.0
A837,2019-01-01,2024-12-31,2192,2192,0,0.0
A838,2019-01-01,2024-12-31,2192,2192,0,0.0
A839,2019-01-01,2024-12-31,2192,2192,0,0.0
A840,2019-01-01,2024-12-31,2192,2192,0,0.0
A841,2019-01-01,2024-12-31,2192,2192,0,0.0
A842,2019-01-01,2024-12-31,2192,2192,0,0.0
A843,2019-01-01,2024-12-31,2192,2192,0,0.0
A844,2019-01-01,2024-12-31,2192,2192,0,0.0
A845,2019-01-01,2024-12-31,2192,2192,0,0.0
A846,2019-01-01,2024-12-31,2192,2192,0,0.0
A848,2019-01-01,2024-12-31,2192,2192,0,0.0
A849,2019-01-01,2024-12-31,2192,2192,0,0.0
A850,2019-01-01,2024-12-31,2192,2192,0,0.0
A851,2019-01-01,2024-12-31,2192,2192,0,0.0
A852,2019-01-01,2024-12-31,2192,2192,0,0.0
A853,2019-01-01,2024-12-31,2192,2192,0,0.0
A854,2019-01-01,2024-12-31,2192,2192,0,0.0
A855,2019-01-01,2024-12-31,2192,2192,0,0.0
A856,2019-01-01,2024-12-31,2192,2192,0,0.0
A857,2019-01-01,2024-12-31,2192,2192,0,0.0
A858,2019-01-01,2024-12-31,2192,2192,0,0.0
A859,2019-01-01,2024-12-31,2192,2192,0,0.0
A860,2019-01-01,2024-12-31,2192,2192,0,0.0
A861,2019-01-01,2024-12-31,2192,2192,0,0.0
A862,2019-01-01,2024-12-31,2192,2192,0,0.0
A863,2019-01-01,2024-12-31,2192,2192,0,0.0
A864,2019-01-01,2024-12-31,2192,2192,0,0.0
A865,2019-01-01,2024-12-31,2192,2192,0,0.0
A866,2019-01-01,2024-12-31,2192,2192,0,0.0
A867,2019-01-01,2024-12-31,2192,2192,0,0.0
A868,2019-01-01,2024-12-31,2192,2192,0,0.0
A869,2019-01-01,2024-12-31,2192,2192,0,0.0
A870,2019-01-01,2024-12-31,2192,2192,0,0.0
A871,2019-01-01,2024-12-31,2192,2192,0,0.0
A872,2019-01-01,2024-12-31,2192,2192,0,0.0
A873,2019-01-01,2024-12-31,2192,2192,0,0.0
A874,2019-01-01,2024-12-31,2192,2192,0,0.0
A875,2019-01-01,2024-12-31,2192,2192,0,0.0
A876,2019-01-01,2024-12-31,2192,2192,0,0.0
A878,2019-01-01,2024-12-31,2192,2192,0,0.0
A879,2019-01-01,2024-12-31,2192,2192,0,0.0
A880,2019-01-01,2024-12-31,2192,2192,0,0.0
A881,2019-01-01,2024-12-31,2192,2192,0,0.0
A882,2019-01-01,2024-12-31,2192,2192,0,0.0
A883,2019-01-01,2024-12-31,2192,2192,0,0.0
A884,2019-01-01,2024-12-31,2192,2192,0,0.0
A886,2019-01-01,2024-12-31,2192,2192,0,0.0
A887,2019-07-18,2024-12-31,1994,1994,0,0.0
A889,2019-01-01,2024-12-31,2192,2192,0,0.0
A893,2019-01-01,2024-12-31,2192,2192,0,0.0
A894,2019-01-01,2024-12-31,2192,2192,0,0.0
A895,2019-02-19,2024-12-31,2143,2143,0,0.0
A897,2019-01-01,2024-12-31,2192,2192,0,0.0
A898,2019-02-15,2024-12-31,2147,2147,0,0.0
A899,2019-01-01,2024-12-31,2192,2192,0,0.0
A901,2019-01-01,2024-12-31,2192,2192,0,0.0
A902,2019-01-01,2024-12-31,2192,2192,0,0.0
A903,2019-01-01,2024-12-31,2192,2192,0,0.0
A904,2019-01-01,2024-12-31,2192,2192,0,0.0
A905,2019-01-01,2024-12-31,2192,2192,0,0.0
A906,2019-01-01,2024-12-31,2192,2192,0,0.0
A907,2019-01-01,2024-12-31,2192,2192,0,0.0
A908,2019-01-01,2024-12-31,2192,2192,0,0.0
A909,2019-01-01,2024-12-31,2192,2192,0,0.0
A910,2019-01-01,2024-12-31,2192,2192,0,0.0
A911,2019-01-01,2024-12-31,2192,2192,0,0.0
A912,2019-01-01,2024-12-31,2192,2192,0,0.0
A913,2019-01-01,2024-12-31,2192,2192,0,0.0
A914,2019-01-01,2024-12-31,2192,2192,0,0.0
A915,2019-01-01,2024-12-31,2192,2192,0,0.0
A916,2019-01-01,2024-12-31,1461,2192,731,33.3485401459854
A917,2019-01-01,2024-12-31,2192,2192,0,0.0
A919,2019-01-01,2024-12-31,2192,2192,0,0.0
A920,2019-01-01,2024-12-31,2192,2192,0,0.0
A921,2019-01-01,2024-12-31,2192,2192,0,0.0
A922,2019-01-01,2024-12-31,2192,2192,0,0.0
A923,2019-01-01,2024-12-31,2192,2192,0,0.0
A924,2019-01-01,2024-12-31,2192,2192,0,0.0
A925,2019-01-01,2024-12-31,2192,2192,0,0.0
A926,2019-01-01,2024-12-31,2192,2192,0,0.0
A927,2019-01-01,2024-12-31,2192,2192,0,0.0
A928,2019-01-01,2024-12-31,2192,2192,0,0.0
A929,2019-01-01,2024-12-31,2192,2192,0,0.0
A930,2019-01-01,2024-12-31,2192,2192,0,0.0
A931,2019-01-01,2024-12-31,2192,2192,0,0.0
A932,2019-01-01,2024-12-31,2192,2192,0,0.0
A933,2019-01-01,2024-12-31,2192,2192,0,0.0
A934,2019-01-01,2024-12-31,2192,2192,0,0.0
A935,2019-01-01,2024-12-31,2192,2192,0,0.0
A936,2019-01-01,2024-12-31,2192,2192,0,0.0
A937,2019-01-01,2024-12-31,2192,2192,0,0.0
A938,2019-01-01,2024-12-31,2192,2192,0,0.0
A939,2019-01-01,2024-12-31,2192,2192,0,0.0
A940,2019-01-01,2024-12-31,2192,2192,0,0.0
A941,2019-01-01,2020-12-31,731,731,0,0.0
A942,2019-02-19,2024-12-31,2143,2143,0,0.0
A943,2019-03-29,2024-12-31,2105,2105,0,0.0
A944,2019-05-30,2024-12-31,2043,2043,0,0.0
B803,2019-01-01,2024-12-31,2192,2192,0,0.0
B804,2019-01-01,2024-12-31,2192,2192,0,0.0
B806,2019-01-01,2024-12-31,2192,2192,0,0.0
F501,2019-01-01,2024-12-31,2192,2192,0,0.0
S701,2019-01-01,2021-12-31,1096,1096,0,0.0
S702,2019-01-01,2021-12-31,1096,1096,0,0.0
S703,2019-01-01,2021-12-31,1096,1096,0,0.0
S704,2019-01-01,2021-12-31,1096,1096,0,0.0
S705,2019-01-01,2021-12-31,1096,1096,0,0.0
S706,2019-01-01,2021-12-31,1096,1096,0,0.0
S707,2019-01-01,2021-12-31,1096,1096,0,0.0
S708,2019-01-01,2021-12-31,1096,1096,0,0.0
S709,2019-01-01,2021-12-31,1096,1096,0,0.0
S710,2019-01-01,2021-12-31,1096,1096,0,0.0
S711,2019-01-01,2021-12-31,1096,1096,0,0.0
S712,2019-01-01,2021-12-31,1096,1096,0,0.0
S713,2019-01-01,2021-12-31,1096,1096,0,0.0
S714,2019-01-01,2021-12-31,1096,1096,0,0.0
S715,2019-01-01,2021-12-31,1096,1096,0,0.0
S716,2019-01-01,2021-12-31,1096,1096,0,0.0
S717,2019-01-01,2021-12-31,1096,1096,0,0.0
