time;latitude;longitude;precip
2023-10-20 06:00:00;-15.765765;312.12;-1.3846321e-15
2023-10-20 12:00:00;-15.765765;312.12;-2.4118492e-15
2023-10-20 18:00:00;-15.765765;312.12;-3.9193095e-15
2023-10-21 06:00:00;-15.765765;312.12;2.8896484
2023-10-21 12:00:00;-15.765765;312.12;4.182617
2023-10-21 18:00:00;-15.765765;312.12;12.670898
2023-10-22 06:00:00;-15.765765;312.12;0.6660156
2023-10-22 12:00:00;-15.765765;312.12;-9.072628e-15
2023-10-22 18:00:00;-15.765765;312.12;4.701172
2023-10-23 06:00:00;-15.765765;312.12;-5.808861e-14
2023-10-23 12:00:00;-15.765765;312.12;0.0
2023-10-23 18:00:00;-15.765765;312.12;2.9648438
2023-10-24 06:00:00;-15.765765;312.12;-9.978906e-14
2023-10-24 12:00:00;-15.765765;312.12;-1.6057602e-13
2023-10-24 18:00:00;-15.765765;312.12;0.5830078
2023-10-25 06:00:00;-15.765765;312.12;0.140625
2023-10-25 12:00:00;-15.765765;312.12;-7.0335515e-15
2023-10-25 18:00:00;-15.765765;312.12;3.8183594
2023-10-26 06:00:00;-15.765765;312.12;2.8964844
2023-10-26 12:00:00;-15.765765;312.12;0.33496094
2023-10-26 18:00:00;-15.765765;312.12;6.5898438
2023-10-27 06:00:00;-15.765765;312.12;2.9794922
2023-10-27 12:00:00;-15.765765;312.12;1.0117188
2023-10-27 18:00:00;-15.765765;312.12;11.75293
2023-10-28 06:00:00;-15.765765;312.12;0.7597656
2023-10-28 12:00:00;-15.765765;312.12;2.2919922
2023-10-28 18:00:00;-15.765765;312.12;11.3515625
2023-10-29 06:00:00;-15.765765;312.12;-3.5675935e-15
2023-10-29 12:00:00;-15.765765;312.12;0.15917969
2023-10-29 18:00:00;-15.765765;312.12;-5.5101023e-16
2023-10-30 06:00:00;-15.765765;312.12;0.0
2023-10-30 12:00:00;-15.765765;312.12;0.0009765625
2023-10-30 18:00:00;-15.765765;312.12;-1.1542591e-14
2023-10-31 06:00:00;-15.765765;312.12;-3.280141e-15
2023-10-31 12:00:00;-15.765765;312.12;-4.097154e-14
2023-10-31 18:00:00;-15.765765;312.12;-2.846367e-15
2023-11-01 06:00:00;-15.765765;312.12;14.671875
2023-11-01 12:00:00;-15.765765;312.12;0.0029296875
2023-11-01 18:00:00;-15.765765;312.12;0.0009765625
2023-11-02 06:00:00;-15.765765;312.12;4.3359375
2023-11-02 12:00:00;-15.765765;312.12;-6.575498e-15
2023-11-02 18:00:00;-15.765765;312.12;8.938477
2023-11-03 06:00:00;-15.765765;312.12;4.0302734
2023-11-03 12:00:00;-15.765765;312.12;0.36132812
2023-11-03 18:00:00;-15.765765;312.12;2.0175781
2023-11-04 06:00:00;-15.765765;312.12;2.015625
2023-11-04 12:00:00;-15.765765;312.12;0.22558594
2023-11-04 18:00:00;-15.765765;312.12;3.8867188
2023-11-05 06:00:00;-15.765765;312.12;1.2519531
2023-11-05 12:00:00;-15.765765;312.12;0.001953125
2023-11-05 18:00:00;-15.765765;312.12;-4.899352e-15
2023-11-06 06:00:00;-15.765765;312.12;5.774414
2023-11-06 12:00:00;-15.765765;312.12;-1.3994196e-15
2023-11-06 18:00:00;-15.765765;312.12;1.5859375
2023-11-07 06:00:00;-15.765765;312.12;1.125
2023-11-07 12:00:00;-15.765765;312.12;0.04296875
2023-11-07 18:00:00;-15.765765;312.12;-5.598957e-14
2023-11-08 06:00:00;-15.765765;312.12;-3.10139e-15
2023-11-08 12:00:00;-15.765765;312.12;-1.5642335e-15
2023-11-08 18:00:00;-15.765765;312.12;-4.394212e-16
2023-11-09 06:00:00;-15.765765;312.12;-1.5883418e-15
2023-11-09 12:00:00;-15.765765;312.12;-2.9367428e-15
2023-11-09 18:00:00;-15.765765;312.12;-3.159067e-15
2023-11-10 06:00:00;-15.765765;312.12;-2.6127943e-15
2023-11-10 12:00:00;-15.765765;312.12;-2.2397559e-15
2023-11-10 18:00:00;-15.765765;312.12;-2.3001036e-15
2023-11-11 06:00:00;-15.765765;312.12;-1.1418223e-14
2023-11-11 12:00:00;-15.765765;312.12;-7.8692995e-15
2023-11-11 18:00:00;-15.765765;312.12;-1.8031866e-15
2023-11-12 06:00:00;-15.765765;312.12;-4.001499e-14
2023-11-12 12:00:00;-15.765765;312.12;-4.939576e-16
2023-11-12 18:00:00;-15.765765;312.12;-1.8131604e-15
2023-11-13 06:00:00;-15.765765;312.12;-4.7694587e-15
2023-11-13 12:00:00;-15.765765;312.12;-1.3573661e-15
2023-11-13 18:00:00;-15.765765;312.12;-1.0309979e-14
2023-11-14 06:00:00;-15.765765;312.12;-1.5608053e-14
2023-11-14 12:00:00;-15.765765;312.12;-1.4972629e-15
2023-11-14 18:00:00;-15.765765;312.12;-7.086857e-16
2023-11-15 06:00:00;-15.765765;312.12;-3.586165e-16
2023-11-15 12:00:00;-15.765765;312.12;-7.859181e-15
2023-11-15 18:00:00;-15.765765;312.12;-6.0395474e-15
2023-11-16 06:00:00;-15.765765;312.12;2.8046875
2023-11-16 12:00:00;-15.765765;312.12;0.0009765625
2023-11-16 18:00:00;-15.765765;312.12;-2.1541547e-15
2023-11-17 06:00:00;-15.765765;312.12;-9.112115e-15
2023-11-17 12:00:00;-15.765765;312.12;0.6660156
2023-11-17 18:00:00;-15.765765;312.12;-2.6205257e-16
2023-11-18 06:00:00;-15.765765;312.12;0.0
2023-11-18 12:00:00;-15.765765;312.12;-1.3085948e-15
2023-11-18 18:00:00;-15.765765;312.12;0.0
2023-11-19 06:00:00;-15.765765;312.12;1.8535156
2023-11-19 12:00:00;-15.765765;312.12;2.1914062
2023-11-19 18:00:00;-15.765765;312.12;5.1123047
2023-11-20 06:00:00;-15.765765;312.12;1.2392578
2023-11-20 12:00:00;-15.765765;312.12;-3.434119e-15
2023-11-20 18:00:00;-15.765765;312.12;-1.2585266e-15
2023-11-21 06:00:00;-15.765765;312.12;0.0009765625
2023-11-21 12:00:00;-15.765765;312.12;1.5898438
2023-11-21 18:00:00;-15.765765;312.12;13.902344
2023-11-22 06:00:00;-15.765765;312.12;0.5654297
2023-11-22 12:00:00;-15.765765;312.12;0.41796875
2023-11-22 18:00:00;-15.765765;312.12;2.28125
2023-11-23 06:00:00;-15.765765;312.12;0.001953125
2023-11-23 12:00:00;-15.765765;312.12;0.016113281
2023-11-23 18:00:00;-15.765765;312.12;0.0
2023-11-24 06:00:00;-15.765765;312.12;2.8017578
2023-11-24 12:00:00;-15.765765;312.12;1.3798828
2023-11-24 18:00:00;-15.765765;312.12;2.84375
2023-11-25 06:00:00;-15.765765;312.12;0.0
2023-11-25 12:00:00;-15.765765;312.12;0.0
2023-11-25 18:00:00;-15.765765;312.12;-3.8603257e-16
2023-11-26 06:00:00;-15.765765;312.12;1.0498047
2023-11-26 12:00:00;-15.765765;312.12;0.21582031
2023-11-26 18:00:00;-15.765765;312.12;14.620117
2023-11-27 06:00:00;-15.765765;312.12;1.6337891
2023-11-27 12:00:00;-15.765765;312.12;0.17089844
2023-11-27 18:00:00;-15.765765;312.12;3.6044922
2023-11-28 06:00:00;-15.765765;312.12;0.0
2023-11-28 12:00:00;-15.765765;312.12;2.3017578
2023-11-28 18:00:00;-15.765765;312.12;2.696289
2023-11-29 06:00:00;-15.765765;312.12;0.39648438
2023-11-29 12:00:00;-15.765765;312.12;0.4267578
2023-11-29 18:00:00;-15.765765;312.12;0.0
2023-11-30 06:00:00;-15.765765;312.12;0.0
2023-11-30 12:00:00;-15.765765;312.12;-1.775337e-15
2023-11-30 18:00:00;-15.765765;312.12;4.166992
2023-12-01 06:00:00;-15.765765;312.12;0.40625
2023-12-01 12:00:00;-15.765765;312.12;1.4833984
2023-12-01 18:00:00;-15.765765;312.12;4.3867188
2023-12-02 06:00:00;-15.765765;312.12;0.0
2023-12-02 12:00:00;-15.765765;312.12;0.0
2023-12-02 18:00:00;-15.765765;312.12;0.0
2023-12-03 06:00:00;-15.765765;312.12;0.0009765625
2023-12-03 12:00:00;-15.765765;312.12;1.7236328
2023-12-03 18:00:00;-15.765765;312.12;0.0107421875
2023-12-04 06:00:00;-15.765765;312.12;1.7851562
2023-12-04 12:00:00;-15.765765;312.12;5.3583984
2023-12-04 18:00:00;-15.765765;312.12;9.488281
2023-12-05 06:00:00;-15.765765;312.12;0.0
2023-12-05 12:00:00;-15.765765;312.12;0.0
2023-12-05 18:00:00;-15.765765;312.12;3.6357422
2023-12-06 06:00:00;-15.765765;312.12;0.71875
2023-12-06 12:00:00;-15.765765;312.12;0.0048828125
2023-12-06 18:00:00;-15.765765;312.12;-3.7464188e-16
2023-12-07 06:00:00;-15.765765;312.12;0.0
2023-12-07 12:00:00;-15.765765;312.12;0.0
2023-12-07 18:00:00;-15.765765;312.12;0.0
2023-12-08 06:00:00;-15.765765;312.12;0.0
2023-12-08 12:00:00;-15.765765;312.12;0.0
2023-12-08 18:00:00;-15.765765;312.12;0.0
2023-12-09 06:00:00;-15.765765;312.12;0.0
2023-12-09 12:00:00;-15.765765;312.12;0.0
2023-12-09 18:00:00;-15.765765;312.12;0.0
2023-12-10 06:00:00;-15.765765;312.12;0.1875
2023-12-10 12:00:00;-15.765765;312.12;0.0
2023-12-10 18:00:00;-15.765765;312.12;0.6064453
2023-12-11 06:00:00;-15.765765;312.12;1.0683594
2023-12-11 12:00:00;-15.765765;312.12;0.0
2023-12-11 18:00:00;-15.765765;312.12;0.0
2023-12-12 06:00:00;-15.765765;312.12;0.60839844
2023-12-12 12:00:00;-15.765765;312.12;0.33691406
2023-12-12 18:00:00;-15.765765;312.12;6.3134766
2023-12-13 06:00:00;-15.765765;312.12;0.0
2023-12-13 12:00:00;-15.765765;312.12;0.0029296875
2023-12-13 18:00:00;-15.765765;312.12;0.0
2023-12-14 06:00:00;-15.765765;312.12;0.2890625
2023-12-14 12:00:00;-15.765765;312.12;-1.7628165e-14
2023-12-14 18:00:00;-15.765765;312.12;0.0
2023-12-15 06:00:00;-15.765765;312.12;0.0
2023-12-15 12:00:00;-15.765765;312.12;0.0
2023-12-15 18:00:00;-15.765765;312.12;0.0
2023-12-16 06:00:00;-15.765765;312.12;-1.8875562e-15
2023-12-16 12:00:00;-15.765765;312.12;0.0
2023-12-16 18:00:00;-15.765765;312.12;0.0
2023-12-17 06:00:00;-15.765765;312.12;0.0
2023-12-17 12:00:00;-15.765765;312.12;-3.0860793e-16
2023-12-17 18:00:00;-15.765765;312.12;-5.276395e-16
2023-12-18 06:00:00;-15.765765;312.12;0.0
2023-12-18 12:00:00;-15.765765;312.12;-7.8323316e-16
2023-12-18 18:00:00;-15.765765;312.12;1.9160156
2023-12-19 06:00:00;-15.765765;312.12;0.0
2023-12-19 12:00:00;-15.765765;312.12;-5.923622e-16
2023-12-19 18:00:00;-15.765765;312.12;0.0
2023-12-20 06:00:00;-15.765765;312.12;0.9863281
2023-12-20 12:00:00;-15.765765;312.12;4.470215
2023-12-20 18:00:00;-15.765765;312.12;13.1640625
2023-12-21 06:00:00;-15.765765;312.12;1.4375
2023-12-21 12:00:00;-15.765765;312.12;5.057617
2023-12-21 18:00:00;-15.765765;312.12;5.773926
2023-12-22 06:00:00;-15.765765;312.12;0.111328125
2023-12-22 12:00:00;-15.765765;312.12;0.0087890625
2023-12-22 18:00:00;-15.765765;312.12;0.026367188
2023-12-23 06:00:00;-15.765765;312.12;0.068359375
2023-12-23 12:00:00;-15.765765;312.12;0.0043945312
2023-12-23 18:00:00;-15.765765;312.12;11.37207
2023-12-24 06:00:00;-15.765765;312.12;1.2568359
2023-12-24 12:00:00;-15.765765;312.12;0.13867188
2023-12-24 18:00:00;-15.765765;312.12;7.442383
2023-12-25 06:00:00;-15.765765;312.12;3.1542969
2023-12-25 12:00:00;-15.765765;312.12;3.3417969
2023-12-25 18:00:00;-15.765765;312.12;11.314453
2023-12-26 06:00:00;-15.765765;312.12;0.0
2023-12-26 12:00:00;-15.765765;312.12;0.8300781
2023-12-26 18:00:00;-15.765765;312.12;4.0595703
2023-12-27 06:00:00;-15.765765;312.12;0.0
2023-12-27 12:00:00;-15.765765;312.12;-1.1856708e-15
2023-12-27 18:00:00;-15.765765;312.12;0.0
2023-12-28 06:00:00;-15.765765;312.12;0.0
2023-12-28 12:00:00;-15.765765;312.12;0.3955078
2023-12-28 18:00:00;-15.765765;312.12;0.083984375
2023-12-29 06:00:00;-15.765765;312.12;0.0
2023-12-29 12:00:00;-15.765765;312.12;0.0
2023-12-29 18:00:00;-15.765765;312.12;8.96582
2023-12-30 06:00:00;-15.765765;312.12;0.0
2023-12-30 12:00:00;-15.765765;312.12;0.6699219
2023-12-30 18:00:00;-15.765765;312.12;4.8583984
2023-12-31 06:00:00;-15.765765;312.12;2.9501953
2023-12-31 12:00:00;-15.765765;312.12;0.0
2023-12-31 18:00:00;-15.765765;312.12;7.942383
2024-01-01 06:00:00;-15.765765;312.12;2.0498047
2024-01-01 12:00:00;-15.765765;312.12;0.5605469
2024-01-01 18:00:00;-15.765765;312.12;7.6953125
2024-01-02 06:00:00;-15.765765;312.12;2.5029297
2024-01-02 12:00:00;-15.765765;312.12;4.6538086
2024-01-02 18:00:00;-15.765765;312.12;11.110352
2024-01-03 06:00:00;-15.765765;312.12;9.753906
2024-01-03 12:00:00;-15.765765;312.12;4.7734375
2024-01-03 18:00:00;-15.765765;312.12;4.131836
2024-01-04 06:00:00;-15.765765;312.12;4.633789
2024-01-04 12:00:00;-15.765765;312.12;3.8701172
2024-01-04 18:00:00;-15.765765;312.12;13.955078
2024-01-05 06:00:00;-15.765765;312.12;11.536133
2024-01-05 12:00:00;-15.765765;312.12;4.9648438
2024-01-05 18:00:00;-15.765765;312.12;7.345703
2024-01-06 06:00:00;-15.765765;312.12;0.7236328
2024-01-06 12:00:00;-15.765765;312.12;0.076171875
2024-01-06 18:00:00;-15.765765;312.12;-3.862916e-16
2024-01-07 06:00:00;-15.765765;312.12;0.0
2024-01-07 12:00:00;-15.765765;312.12;4.876953
2024-01-07 18:00:00;-15.765765;312.12;12.958008
2024-01-08 06:00:00;-15.765765;312.12;1.0844727
2024-01-08 12:00:00;-15.765765;312.12;0.9423828
2024-01-08 18:00:00;-15.765765;312.12;12.155273
2024-01-09 06:00:00;-15.765765;312.12;0.87597656
2024-01-09 12:00:00;-15.765765;312.12;1.9433594
2024-01-09 18:00:00;-15.765765;312.12;8.0859375
2024-01-10 06:00:00;-15.765765;312.12;1.3173828
2024-01-10 12:00:00;-15.765765;312.12;0.7919922
2024-01-10 18:00:00;-15.765765;312.12;0.7294922
2024-01-11 06:00:00;-15.765765;312.12;0.001953125
2024-01-11 12:00:00;-15.765765;312.12;1.5166016
2024-01-11 18:00:00;-15.765765;312.12;11.203125
2024-01-12 06:00:00;-15.765765;312.12;7.871582
2024-01-12 12:00:00;-15.765765;312.12;3.4858398
2024-01-12 18:00:00;-15.765765;312.12;0.0
2024-01-13 06:00:00;-15.765765;312.12;4.0927734
2024-01-13 12:00:00;-15.765765;312.12;0.0
2024-01-13 18:00:00;-15.765765;312.12;0.0
2024-01-14 06:00:00;-15.765765;312.12;1.2558594
2024-01-14 12:00:00;-15.765765;312.12;3.944336
2024-01-14 18:00:00;-15.765765;312.12;9.063477
2024-01-15 06:00:00;-15.765765;312.12;2.2285156
2024-01-15 12:00:00;-15.765765;312.12;5.4179688
2024-01-15 18:00:00;-15.765765;312.12;5.2246094
2024-01-16 06:00:00;-15.765765;312.12;-8.5736437e-16
2024-01-16 12:00:00;-15.765765;312.12;0.0
2024-01-16 18:00:00;-15.765765;312.12;0.0
2024-01-17 06:00:00;-15.765765;312.12;0.0
2024-01-17 12:00:00;-15.765765;312.12;-8.219276e-14
2024-01-17 18:00:00;-15.765765;312.12;0.0
2024-01-18 06:00:00;-15.765765;312.12;0.0
2024-01-18 12:00:00;-15.765765;312.12;0.0
2024-01-18 18:00:00;-15.765765;312.12;0.0
2024-01-19 06:00:00;-15.765765;312.12;1.8183594
2024-01-19 12:00:00;-15.765765;312.12;0.0
2024-01-19 18:00:00;-15.765765;312.12;0.0
2024-01-20 06:00:00;-15.765765;312.12;0.0
2024-01-20 12:00:00;-15.765765;312.12;-2.6732974e-16
2024-01-20 18:00:00;-15.765765;312.12;0.0
2024-01-21 06:00:00;-15.765765;312.12;0.0
2024-01-21 12:00:00;-15.765765;312.12;0.0
2024-01-21 18:00:00;-15.765765;312.12;0.0
2024-01-22 06:00:00;-15.765765;312.12;2.0488281
2024-01-22 12:00:00;-15.765765;312.12;0.0
2024-01-22 18:00:00;-15.765765;312.12;0.0
2024-01-23 06:00:00;-15.765765;312.12;0.6220703
2024-01-23 12:00:00;-15.765765;312.12;2.6767578
2024-01-23 18:00:00;-15.765765;312.12;9.825195
2024-01-24 06:00:00;-15.765765;312.12;1.4951172
2024-01-24 12:00:00;-15.765765;312.12;7.2626953
2024-01-24 18:00:00;-15.765765;312.12;10.729492
2024-01-25 06:00:00;-15.765765;312.12;-5.1854187e-16
2024-01-25 12:00:00;-15.765765;312.12;0.013671875
2024-01-25 18:00:00;-15.765765;312.12;8.946289
2024-01-26 06:00:00;-15.765765;312.12;0.98339844
2024-01-26 12:00:00;-15.765765;312.12;1.7851562
2024-01-26 18:00:00;-15.765765;312.12;10.894531
2024-01-27 06:00:00;-15.765765;312.12;0.0
2024-01-27 12:00:00;-15.765765;312.12;0.0
2024-01-27 18:00:00;-15.765765;312.12;0.0029296875
2024-01-28 06:00:00;-15.765765;312.12;0.04296875
2024-01-28 12:00:00;-15.765765;312.12;0.03857422
2024-01-28 18:00:00;-15.765765;312.12;0.0
2024-01-29 06:00:00;-15.765765;312.12;0.515625
2024-01-29 12:00:00;-15.765765;312.12;0.18115234
2024-01-29 18:00:00;-15.765765;312.12;0.0
2024-01-30 06:00:00;-15.765765;312.12;0.0
2024-01-30 12:00:00;-15.765765;312.12;0.0
2024-01-30 18:00:00;-15.765765;312.12;0.0
2024-01-31 06:00:00;-15.765765;312.12;0.8857422
2024-01-31 12:00:00;-15.765765;312.12;1.7421875
2024-01-31 18:00:00;-15.765765;312.12;3.7539062
2024-02-01 06:00:00;-15.765765;312.12;4.026367
2024-02-01 12:00:00;-15.765765;312.12;4.584961
2024-02-01 18:00:00;-15.765765;312.12;10.407227
2024-02-02 06:00:00;-15.765765;312.12;0.51171875
2024-02-02 12:00:00;-15.765765;312.12;1.5146484
2024-02-02 18:00:00;-15.765765;312.12;10.363281
2024-02-03 06:00:00;-15.765765;312.12;2.2480469
2024-02-03 12:00:00;-15.765765;312.12;0.0048828125
2024-02-03 18:00:00;-15.765765;312.12;1.0546875
2024-02-04 06:00:00;-15.765765;312.12;1.7861328
2024-02-04 12:00:00;-15.765765;312.12;0.24316406
2024-02-04 18:00:00;-15.765765;312.12;0.0
2024-02-05 06:00:00;-15.765765;312.12;0.0
2024-02-05 12:00:00;-15.765765;312.12;0.0
2024-02-05 18:00:00;-15.765765;312.12;0.0
2024-02-06 06:00:00;-15.765765;312.12;3.9951172
2024-02-06 12:00:00;-15.765765;312.12;0.73535156
2024-02-06 18:00:00;-15.765765;312.12;5.6289062
2024-02-07 06:00:00;-15.765765;312.12;1.8095703
2024-02-07 12:00:00;-15.765765;312.12;0.6074219
2024-02-07 18:00:00;-15.765765;312.12;12.6796875
2024-02-08 06:00:00;-15.765765;312.12;2.086914
2024-02-08 12:00:00;-15.765765;312.12;0.0009765625
2024-02-08 18:00:00;-15.765765;312.12;8.047852
2024-02-09 06:00:00;-15.765765;312.12;2.6845703
2024-02-09 12:00:00;-15.765765;312.12;2.890625
2024-02-09 18:00:00;-15.765765;312.12;9.5234375
2024-02-10 06:00:00;-15.765765;312.12;6.9589844
2024-02-10 12:00:00;-15.765765;312.12;2.1279297
2024-02-10 18:00:00;-15.765765;312.12;0.58203125
2024-02-11 06:00:00;-15.765765;312.12;1.3759766
2024-02-11 12:00:00;-15.765765;312.12;0.019042969
2024-02-11 18:00:00;-15.765765;312.12;15.831055
2024-02-12 06:00:00;-15.765765;312.12;0.0087890625
2024-02-12 12:00:00;-15.765765;312.12;0.00390625
2024-02-12 18:00:00;-15.765765;312.12;3.7451172
2024-02-13 06:00:00;-15.765765;312.12;-1.0279948e-15
2024-02-13 12:00:00;-15.765765;312.12;0.0029296875
2024-02-13 18:00:00;-15.765765;312.12;0.0
2024-02-14 06:00:00;-15.765765;312.12;0.0
2024-02-14 12:00:00;-15.765765;312.12;0.0
2024-02-14 18:00:00;-15.765765;312.12;0.0
2024-02-15 06:00:00;-15.765765;312.12;0.0
2024-02-15 12:00:00;-15.765765;312.12;-3.9480619e-16
2024-02-15 18:00:00;-15.765765;312.12;-5.145626e-15
2024-02-16 06:00:00;-15.765765;312.12;1.4726562
2024-02-16 12:00:00;-15.765765;312.12;0.484375
2024-02-16 18:00:00;-15.765765;312.12;0.2861328
2024-02-17 06:00:00;-15.765765;312.12;0.001953125
2024-02-17 12:00:00;-15.765765;312.12;1.0732422
2024-02-17 18:00:00;-15.765765;312.12;12.130859
2024-02-18 06:00:00;-15.765765;312.12;2.5498047
2024-02-18 12:00:00;-15.765765;312.12;8.844727
2024-02-18 18:00:00;-15.765765;312.12;7.0996094
2024-02-19 06:00:00;-15.765765;312.12;3.3779297
2024-02-19 12:00:00;-15.765765;312.12;1.8037109
2024-02-19 18:00:00;-15.765765;312.12;12.118164
2024-02-20 06:00:00;-15.765765;312.12;5.3515625
2024-02-20 12:00:00;-15.765765;312.12;1.8203125
2024-02-20 18:00:00;-15.765765;312.12;7.6171875
2024-02-21 06:00:00;-15.765765;312.12;7.9589844
2024-02-21 12:00:00;-15.765765;312.12;12.22168
2024-02-21 18:00:00;-15.765765;312.12;0.068359375
2024-02-22 06:00:00;-15.765765;312.12;0.21191406
2024-02-22 12:00:00;-15.765765;312.12;0.4716797
2024-02-22 18:00:00;-15.765765;312.12;9.052734
2024-02-23 06:00:00;-15.765765;312.12;6.7128906
2024-02-23 12:00:00;-15.765765;312.12;8.139648
2024-02-23 18:00:00;-15.765765;312.12;1.9189453
2024-02-24 06:00:00;-15.765765;312.12;0.10253906
2024-02-24 12:00:00;-15.765765;312.12;0.265625
2024-02-24 18:00:00;-15.765765;312.12;4.6816406
2024-02-25 06:00:00;-15.765765;312.12;-6.565148e-16
2024-02-25 12:00:00;-15.765765;312.12;0.0009765625
2024-02-25 18:00:00;-15.765765;312.12;2.0859375
2024-02-26 06:00:00;-15.765765;312.12;0.001953125
2024-02-26 12:00:00;-15.765765;312.12;0.0146484375
2024-02-26 18:00:00;-15.765765;312.12;-1.9196464e-14
2024-02-27 06:00:00;-15.765765;312.12;-3.0884685e-15
2024-02-27 12:00:00;-15.765765;312.12;0.0
2024-02-27 18:00:00;-15.765765;312.12;-2.8952348e-15
2024-02-28 06:00:00;-15.765765;312.12;0.0
2024-02-28 12:00:00;-15.765765;312.12;-4.9121457e-15
2024-02-28 18:00:00;-15.765765;312.12;-2.6576397e-14
2024-02-29 06:00:00;-15.765765;312.12;-1.4794291e-14
2024-02-29 12:00:00;-15.765765;312.12;-3.4964055e-15
2024-02-29 18:00:00;-15.765765;312.12;-4.3262674e-15
2024-03-01 06:00:00;-15.765765;312.12;2.0478516
2024-03-01 12:00:00;-15.765765;312.12;1.0996094
2024-03-01 18:00:00;-15.765765;312.12;-1.1964857e-15
2024-03-02 06:00:00;-15.765765;312.12;8.700195
2024-03-02 12:00:00;-15.765765;312.12;1.3095703
2024-03-02 18:00:00;-15.765765;312.12;11.245117
2024-03-03 06:00:00;-15.765765;312.12;1.1464844
2024-03-03 12:00:00;-15.765765;312.12;2.0820312
2024-03-03 18:00:00;-15.765765;312.12;8.443359
2024-03-04 06:00:00;-15.765765;312.12;1.7451172
2024-03-04 12:00:00;-15.765765;312.12;0.24023438
2024-03-04 18:00:00;-15.765765;312.12;10.4140625
2024-03-05 06:00:00;-15.765765;312.12;1.4736328
2024-03-05 12:00:00;-15.765765;312.12;1.5117188
2024-03-05 18:00:00;-15.765765;312.12;0.23535156
2024-03-06 06:00:00;-15.765765;312.12;0.001953125
2024-03-06 12:00:00;-15.765765;312.12;1.2773438
2024-03-06 18:00:00;-15.765765;312.12;9.496094
2024-03-07 06:00:00;-15.765765;312.12;4.2714844
2024-03-07 12:00:00;-15.765765;312.12;2.913086
2024-03-07 18:00:00;-15.765765;312.12;11.191406
2024-03-08 06:00:00;-15.765765;312.12;-1.3829642e-15
2024-03-08 12:00:00;-15.765765;312.12;-1.32323495e-14
2024-03-08 18:00:00;-15.765765;312.12;-5.044421e-15
2024-03-09 06:00:00;-15.765765;312.12;1.3847656
2024-03-09 12:00:00;-15.765765;312.12;0.49804688
2024-03-09 18:00:00;-15.765765;312.12;-5.690946e-15
2024-03-10 06:00:00;-15.765765;312.12;1.2998047
2024-03-10 12:00:00;-15.765765;312.12;1.09375
2024-03-10 18:00:00;-15.765765;312.12;2.2363281
2024-03-11 06:00:00;-15.765765;312.12;-7.349388e-15
2024-03-11 12:00:00;-15.765765;312.12;4.7490234
2024-03-11 18:00:00;-15.765765;312.12;4.0058594
2024-03-12 06:00:00;-15.765765;312.12;0.0029296875
2024-03-12 12:00:00;-15.765765;312.12;3.3251953
2024-03-12 18:00:00;-15.765765;312.12;1.9863281
2024-03-13 06:00:00;-15.765765;312.12;4.4160156
2024-03-13 12:00:00;-15.765765;312.12;7.5302734
2024-03-13 18:00:00;-15.765765;312.12;11.639648
2024-03-14 06:00:00;-15.765765;312.12;-2.7927083e-14
2024-03-14 12:00:00;-15.765765;312.12;1.9023438
2024-03-14 18:00:00;-15.765765;312.12;9.5625
2024-03-15 06:00:00;-15.765765;312.12;-2.2165395e-15
2024-03-15 12:00:00;-15.765765;312.12;0.025390625
2024-03-15 18:00:00;-15.765765;312.12;-3.1043935e-15
2024-03-16 06:00:00;-15.765765;312.12;0.6738281
2024-03-16 12:00:00;-15.765765;312.12;1.4208984
2024-03-16 18:00:00;-15.765765;312.12;1.4072266
2024-03-17 06:00:00;-15.765765;312.12;0.6464844
2024-03-17 12:00:00;-15.765765;312.12;-3.5593807e-15
2024-03-17 18:00:00;-15.765765;312.12;3.0732422
2024-03-18 06:00:00;-15.765765;312.12;0.6875
2024-03-18 12:00:00;-15.765765;312.12;0.09863281
2024-03-18 18:00:00;-15.765765;312.12;-2.7690486e-16
2024-03-19 06:00:00;-15.765765;312.12;1.203125
2024-03-19 12:00:00;-15.765765;312.12;0.41503906
2024-03-19 18:00:00;-15.765765;312.12;0.37597656
2024-03-20 06:00:00;-15.765765;312.12;0.89160156
2024-03-20 12:00:00;-15.765765;312.12;2.086914
2024-03-20 18:00:00;-15.765765;312.12;7.0966797
2024-03-21 06:00:00;-15.765765;312.12;1.3203125
2024-03-21 12:00:00;-15.765765;312.12;2.4121094
2024-03-21 18:00:00;-15.765765;312.12;9.231445
2024-03-22 06:00:00;-15.765765;312.12;0.6503906
2024-03-22 12:00:00;-15.765765;312.12;0.13769531
2024-03-22 18:00:00;-15.765765;312.12;-9.8381725e-15
2024-03-23 06:00:00;-15.765765;312.12;3.5273438
2024-03-23 12:00:00;-15.765765;312.12;5.7597656
2024-03-23 18:00:00;-15.765765;312.12;10.545898
2024-03-24 06:00:00;-15.765765;312.12;0.9980469
2024-03-24 12:00:00;-15.765765;312.12;0.38867188
2024-03-24 18:00:00;-15.765765;312.12;12.402344
2024-03-25 06:00:00;-15.765765;312.12;0.9042969
2024-03-25 12:00:00;-15.765765;312.12;0.63671875
2024-03-25 18:00:00;-15.765765;312.12;0.0029296875
2024-03-26 06:00:00;-15.765765;312.12;1.0390625
2024-03-26 12:00:00;-15.765765;312.12;3.069336
2024-03-26 18:00:00;-15.765765;312.12;5.2539062
2024-03-27 06:00:00;-15.765765;312.12;1.6015625
2024-03-27 12:00:00;-15.765765;312.12;0.16796875
2024-03-27 18:00:00;-15.765765;312.12;-5.577423e-15
2024-03-28 06:00:00;-15.765765;312.12;0.22949219
2024-03-28 12:00:00;-15.765765;312.12;1.6230469
2024-03-28 18:00:00;-15.765765;312.12;4.885742
2024-03-29 06:00:00;-15.765765;312.12;4.4179688
2024-03-29 12:00:00;-15.765765;312.12;0.09472656
2024-03-29 18:00:00;-15.765765;312.12;-3.2996744e-15
2024-03-30 06:00:00;-15.765765;312.12;-2.077151e-15
2024-03-30 12:00:00;-15.765765;312.12;-3.188269e-16
2024-03-30 18:00:00;-15.765765;312.12;0.10058594
2024-03-31 06:00:00;-15.765765;312.12;-1.34069425e-14
2024-03-31 12:00:00;-15.765765;312.12;-1.7283419e-15
2024-03-31 18:00:00;-15.765765;312.12;8.412109
2024-04-01 06:00:00;-15.765765;312.12;-6.367938e-15
2024-04-01 12:00:00;-15.765765;312.12;-8.5622774e-15
2024-04-01 18:00:00;-15.765765;312.12;1.5546875
2024-04-02 06:00:00;-15.765765;312.12;-5.207894e-15
2024-04-02 12:00:00;-15.765765;312.12;3.0458984
2024-04-02 18:00:00;-15.765765;312.12;10.955078
2024-04-03 06:00:00;-15.765765;312.12;0.0
2024-04-03 12:00:00;-15.765765;312.12;-8.19549e-15
2024-04-03 18:00:00;-15.765765;312.12;10.327148
2024-04-04 06:00:00;-15.765765;312.12;0.0087890625
2024-04-04 12:00:00;-15.765765;312.12;5.711914
2024-04-04 18:00:00;-15.765765;312.12;10.348633
2024-04-05 06:00:00;-15.765765;312.12;-4.8058456e-15
2024-04-05 12:00:00;-15.765765;312.12;-3.4018292e-15
2024-04-05 18:00:00;-15.765765;312.12;-3.821252e-15
2024-04-06 06:00:00;-15.765765;312.12;-3.7814795e-15
2024-04-06 12:00:00;-15.765765;312.12;2.3896484
2024-04-06 18:00:00;-15.765765;312.12;12.703125
2024-04-07 06:00:00;-15.765765;312.12;0.13671875
2024-04-07 12:00:00;-15.765765;312.12;0.5917969
2024-04-07 18:00:00;-15.765765;312.12;3.5341797
2024-04-08 06:00:00;-15.765765;312.12;-1.12147535e-14
2024-04-08 12:00:00;-15.765765;312.12;0.0146484375
2024-04-08 18:00:00;-15.765765;312.12;-8.350452e-15
2024-04-09 06:00:00;-15.765765;312.12;-7.7944395e-15
2024-04-09 12:00:00;-15.765765;312.12;-7.725996e-15
2024-04-09 18:00:00;-15.765765;312.12;-8.38065e-15
2024-04-10 06:00:00;-15.765765;312.12;0.005859375
2024-04-10 12:00:00;-15.765765;312.12;0.48632812
2024-04-10 18:00:00;-15.765765;312.12;3.90625
2024-04-11 06:00:00;-15.765765;312.12;0.9658203
2024-04-11 12:00:00;-15.765765;312.12;3.3701172
2024-04-11 18:00:00;-15.765765;312.12;8.9453125
2024-04-12 06:00:00;-15.765765;312.12;-2.942598e-14
2024-04-12 12:00:00;-15.765765;312.12;1.9970703
2024-04-12 18:00:00;-15.765765;312.12;8.760742
2024-04-13 06:00:00;-15.765765;312.12;0.025390625
2024-04-13 12:00:00;-15.765765;312.12;0.0078125
2024-04-13 18:00:00;-15.765765;312.12;-6.5296686e-14
2024-04-14 06:00:00;-15.765765;312.12;-2.2243776e-14
2024-04-14 12:00:00;-15.765765;312.12;0.00390625
2024-04-14 18:00:00;-15.765765;312.12;-6.2834996e-15
2024-04-15 06:00:00;-15.765765;312.12;-2.8122985e-14
2024-04-15 12:00:00;-15.765765;312.12;-2.49904e-14
2024-04-15 18:00:00;-15.765765;312.12;-3.9452003e-14
2024-04-16 06:00:00;-15.765765;312.12;-8.072678e-14
2024-04-16 12:00:00;-15.765765;312.12;-4.5479274e-15
2024-04-16 18:00:00;-15.765765;312.12;-6.9914794e-15
2024-04-17 06:00:00;-15.765765;312.12;0.00390625
2024-04-17 12:00:00;-15.765765;312.12;0.0107421875
2024-04-17 18:00:00;-15.765765;312.12;-4.3134518e-15
2024-04-18 06:00:00;-15.765765;312.12;-1.2171872e-14
2024-04-18 12:00:00;-15.765765;312.12;-1.9287293e-14
2024-04-18 18:00:00;-15.765765;312.12;-7.9368904e-16
2024-04-19 06:00:00;-15.765765;312.12;-1.0429252e-14
2024-04-19 12:00:00;-15.765765;312.12;-1.2449274e-14
2024-04-19 18:00:00;-15.765765;312.12;-6.2650487e-15
2024-04-20 06:00:00;-15.765765;312.12;1.4882812
2024-04-20 12:00:00;-15.765765;312.12;-1.3403814e-15
2024-04-20 18:00:00;-15.765765;312.12;-2.9731588e-14
2024-04-21 06:00:00;-15.765765;312.12;-4.5250303e-14
2024-04-21 12:00:00;-15.765765;312.12;0.0029296875
2024-04-21 18:00:00;-15.765765;312.12;-8.196403e-15
2024-04-22 06:00:00;-15.765765;312.12;-5.308644e-14
2024-04-22 12:00:00;-15.765765;312.12;0.0048828125
2024-04-22 18:00:00;-15.765765;312.12;-2.970344e-14
2024-04-23 06:00:00;-15.765765;312.12;-3.074342e-14
2024-04-23 12:00:00;-15.765765;312.12;-7.208941e-15
2024-04-23 18:00:00;-15.765765;312.12;-3.987819e-14
2024-04-24 06:00:00;-15.765765;312.12;-4.167665e-14
2024-04-24 12:00:00;-15.765765;312.12;-1.4799753e-14
2024-04-24 18:00:00;-15.765765;312.12;-4.1169393e-15
2024-04-25 06:00:00;-15.765765;312.12;-1.11757646e-14
2024-04-25 12:00:00;-15.765765;312.12;-1.920698e-14
2024-04-25 18:00:00;-15.765765;312.12;-9.773704e-15
2024-04-26 06:00:00;-15.765765;312.12;-8.738916e-15
2024-04-26 12:00:00;-15.765765;312.12;-1.3013408e-15
2024-04-26 18:00:00;-15.765765;312.12;-1.3034829e-15
2024-04-27 06:00:00;-15.765765;312.12;-2.8965342e-14
2024-04-27 12:00:00;-15.765765;312.12;0.00390625
2024-04-27 18:00:00;-15.765765;312.12;-2.4324875e-14
2024-04-28 06:00:00;-15.765765;312.12;-6.8979797e-15
2024-04-28 12:00:00;-15.765765;312.12;-9.05773e-16
2024-04-28 18:00:00;-15.765765;312.12;-1.2882482e-15
2024-04-29 06:00:00;-15.765765;312.12;-3.1297537e-15
2024-04-29 12:00:00;-15.765765;312.12;-1.8427561e-14
2024-04-29 18:00:00;-15.765765;312.12;-1.4774044e-14
2024-04-30 06:00:00;-15.765765;312.12;-2.4283384e-15
2024-04-30 12:00:00;-15.765765;312.12;-2.0083803e-15
2024-04-30 18:00:00;-15.765765;312.12;-1.0878509e-14
2024-05-01 06:00:00;-15.765765;312.12;-5.2379487e-14
2024-05-01 12:00:00;-15.765765;312.12;-1.9949334e-14
2024-05-01 18:00:00;-15.765765;312.12;-4.989975e-16
2024-05-02 06:00:00;-15.765765;312.12;-2.2358866e-15
2024-05-02 12:00:00;-15.765765;312.12;-1.3334095e-14
2024-05-02 18:00:00;-15.765765;312.12;-2.8704523e-16
2024-05-03 06:00:00;-15.765765;312.12;-6.278e-15
2024-05-03 12:00:00;-15.765765;312.12;-5.4681355e-15
2024-05-03 18:00:00;-15.765765;312.12;-1.983065e-15
2024-05-04 06:00:00;-15.765765;312.12;-7.991647e-15
2024-05-04 12:00:00;-15.765765;312.12;0.0
2024-05-04 18:00:00;-15.765765;312.12;-1.827837e-15
2024-05-05 06:00:00;-15.765765;312.12;-1.1693916e-14
2024-05-05 12:00:00;-15.765765;312.12;0.0009765625
2024-05-05 18:00:00;-15.765765;312.12;-3.4494922e-14
2024-05-06 06:00:00;-15.765765;312.12;-1.5955715e-14
2024-05-06 12:00:00;-15.765765;312.12;0.009765625
2024-05-06 18:00:00;-15.765765;312.12;-6.552732e-14
2024-05-07 06:00:00;-15.765765;312.12;-2.3933885e-14
2024-05-07 12:00:00;-15.765765;312.12;0.0068359375
2024-05-07 18:00:00;-15.765765;312.12;-2.810763e-14
2024-05-08 06:00:00;-15.765765;312.12;-3.3849673e-14
2024-05-08 12:00:00;-15.765765;312.12;0.001953125
2024-05-08 18:00:00;-15.765765;312.12;-2.9157666e-14
2024-05-09 06:00:00;-15.765765;312.12;-2.9388714e-15
2024-05-09 12:00:00;-15.765765;312.12;-1.0395898e-13
2024-05-09 18:00:00;-15.765765;312.12;-8.7848735e-15
2024-05-10 06:00:00;-15.765765;312.12;-3.0226513e-14
2024-05-10 12:00:00;-15.765765;312.12;-7.492111e-14
2024-05-10 18:00:00;-15.765765;312.12;-5.670849e-15
2024-05-11 06:00:00;-15.765765;312.12;-8.365845e-15
2024-05-11 12:00:00;-15.765765;312.12;-1.902905e-14
2024-05-11 18:00:00;-15.765765;312.12;-1.2187743e-14
2024-05-12 06:00:00;-15.765765;312.12;-4.518391e-14
2024-05-12 12:00:00;-15.765765;312.12;-1.0442312e-14
2024-05-12 18:00:00;-15.765765;312.12;-2.6627395e-14
2024-05-13 06:00:00;-15.765765;312.12;-5.7805174e-14
2024-05-13 12:00:00;-15.765765;312.12;-5.3162783e-14
2024-05-13 18:00:00;-15.765765;312.12;-1.11242585e-13
2024-05-14 06:00:00;-15.765765;312.12;-2.7213773e-14
2024-05-14 12:00:00;-15.765765;312.12;-6.259075e-14
2024-05-14 18:00:00;-15.765765;312.12;-2.0885884e-13
2024-05-15 06:00:00;-15.765765;312.12;-1.1874438e-14
2024-05-15 12:00:00;-15.765765;312.12;-7.7300335e-14
2024-05-15 18:00:00;-15.765765;312.12;-9.3141615e-15
2024-05-16 06:00:00;-15.765765;312.12;-1.1422491e-14
2024-05-16 12:00:00;-15.765765;312.12;-1.193709e-14
2024-05-16 18:00:00;-15.765765;312.12;-1.7968849e-14
2024-05-17 06:00:00;-15.765765;312.12;-2.2685399e-14
2024-05-17 12:00:00;-15.765765;312.12;-3.1694245e-15
2024-05-17 18:00:00;-15.765765;312.12;-3.0132594e-14
2024-05-18 06:00:00;-15.765765;312.12;-9.4295895e-14
2024-05-18 12:00:00;-15.765765;312.12;-3.1557627e-15
2024-05-18 18:00:00;-15.765765;312.12;-2.0739243e-14
2024-05-19 06:00:00;-15.765765;312.12;-1.4450084e-14
2024-05-19 12:00:00;-15.765765;312.12;-1.3686533e-14
2024-05-19 18:00:00;-15.765765;312.12;-2.3030365e-14
2024-05-20 06:00:00;-15.765765;312.12;-2.9123187e-15
2024-05-20 12:00:00;-15.765765;312.12;0.0
2024-05-20 18:00:00;-15.765765;312.12;-9.390784e-15
2024-05-21 06:00:00;-15.765765;312.12;-2.6636367e-14
2024-05-21 12:00:00;-15.765765;312.12;-7.031906e-14
2024-05-21 18:00:00;-15.765765;312.12;-2.9372113e-15
2024-05-22 06:00:00;-15.765765;312.12;-5.152111e-14
2024-05-22 12:00:00;-15.765765;312.12;0.0029296875
2024-05-22 18:00:00;-15.765765;312.12;-2.2610535e-14
2024-05-23 06:00:00;-15.765765;312.12;-1.8421381e-14
2024-05-23 12:00:00;-15.765765;312.12;-4.7731357e-15
2024-05-23 18:00:00;-15.765765;312.12;-2.6480147e-14
2024-05-24 06:00:00;-15.765765;312.12;-2.1438038e-14
2024-05-24 12:00:00;-15.765765;312.12;-3.7831414e-15
2024-05-24 18:00:00;-15.765765;312.12;-2.650664e-13
2024-05-25 06:00:00;-15.765765;312.12;-2.195423e-15
2024-05-25 12:00:00;-15.765765;312.12;-8.9727135e-14
2024-05-25 18:00:00;-15.765765;312.12;-3.662824e-14
2024-05-26 06:00:00;-15.765765;312.12;-8.460916e-14
2024-05-26 12:00:00;-15.765765;312.12;-1.9491732e-14
2024-05-26 18:00:00;-15.765765;312.12;-4.451673e-15
2024-05-27 06:00:00;-15.765765;312.12;-3.207258e-15
2024-05-27 12:00:00;-15.765765;312.12;-1.6905998e-15
2024-05-27 18:00:00;-15.765765;312.12;-1.7131097e-15
2024-05-28 06:00:00;-15.765765;312.12;-5.951117e-15
2024-05-28 12:00:00;-15.765765;312.12;-1.2976274e-14
2024-05-28 18:00:00;-15.765765;312.12;-1.6360706e-14
2024-05-29 06:00:00;-15.765765;312.12;-1.0745654e-13
2024-05-29 12:00:00;-15.765765;312.12;0.099609375
2024-05-29 18:00:00;-15.765765;312.12;0.00390625
2024-05-30 06:00:00;-15.765765;312.12;-2.971489e-14
2024-05-30 12:00:00;-15.765765;312.12;0.01171875
2024-05-30 18:00:00;-15.765765;312.12;-1.51176e-14
2024-05-31 06:00:00;-15.765765;312.12;-1.813297e-14
2024-05-31 12:00:00;-15.765765;312.12;-9.7058075e-15
2024-05-31 18:00:00;-15.765765;312.12;-7.956757e-15
2024-06-01 06:00:00;-15.765765;312.12;-2.1042653e-15
2024-06-01 12:00:00;-15.765765;312.12;0.0029296875
2024-06-01 18:00:00;-15.765765;312.12;-8.58905e-15
2024-06-02 06:00:00;-15.765765;312.12;-1.6682375e-14
2024-06-02 12:00:00;-15.765765;312.12;0.0029296875
2024-06-02 18:00:00;-15.765765;312.12;-3.315238e-14
2024-06-03 06:00:00;-15.765765;312.12;0.0048828125
2024-06-03 12:00:00;-15.765765;312.12;0.01171875
2024-06-03 18:00:00;-15.765765;312.12;0.047851562
2024-06-04 06:00:00;-15.765765;312.12;-4.1392047e-14
2024-06-04 12:00:00;-15.765765;312.12;0.001953125
2024-06-04 18:00:00;-15.765765;312.12;-1.0392903e-14
2024-06-05 06:00:00;-15.765765;312.12;-1.9168125e-14
2024-06-05 12:00:00;-15.765765;312.12;-3.2732335e-14
2024-06-05 18:00:00;-15.765765;312.12;-3.6705216e-15
2024-06-06 06:00:00;-15.765765;312.12;-1.3912835e-14
2024-06-06 12:00:00;-15.765765;312.12;0.001953125
2024-06-06 18:00:00;-15.765765;312.12;-9.027427e-15
2024-06-07 06:00:00;-15.765765;312.12;-2.2901779e-14
2024-06-07 12:00:00;-15.765765;312.12;0.0048828125
2024-06-07 18:00:00;-15.765765;312.12;-8.0211526e-14
2024-06-08 06:00:00;-15.765765;312.12;-3.3589017e-14
2024-06-08 12:00:00;-15.765765;312.12;0.00390625
2024-06-08 18:00:00;-15.765765;312.12;-8.549716e-14
2024-06-09 06:00:00;-15.765765;312.12;-4.1100546e-14
2024-06-09 12:00:00;-15.765765;312.12;0.005859375
2024-06-09 18:00:00;-15.765765;312.12;-5.7696242e-15
2024-06-10 06:00:00;-15.765765;312.12;-1.4205512e-13
2024-06-10 12:00:00;-15.765765;312.12;0.0029296875
2024-06-10 18:00:00;-15.765765;312.12;-4.9642907e-14
2024-06-11 06:00:00;-15.765765;312.12;-4.4620015e-14
2024-06-11 12:00:00;-15.765765;312.12;0.005859375
2024-06-11 18:00:00;-15.765765;312.12;-2.5583946e-14
2024-06-12 06:00:00;-15.765765;312.12;-3.3201501e-13
2024-06-12 12:00:00;-15.765765;312.12;-1.8288485e-14
2024-06-12 18:00:00;-15.765765;312.12;-2.7196425e-14
2024-06-13 06:00:00;-15.765765;312.12;-3.9965115e-14
2024-06-13 12:00:00;-15.765765;312.12;-3.7598302e-14
2024-06-13 18:00:00;-15.765765;312.12;-8.5840094e-14
2024-06-14 06:00:00;-15.765765;312.12;-7.593729e-14
2024-06-14 12:00:00;-15.765765;312.12;0.001953125
2024-06-14 18:00:00;-15.765765;312.12;-3.545406e-14
2024-06-15 06:00:00;-15.765765;312.12;-3.0534538e-13
2024-06-15 12:00:00;-15.765765;312.12;0.0009765625
2024-06-15 18:00:00;-15.765765;312.12;-3.6281498e-14
2024-06-16 06:00:00;-15.765765;312.12;-1.1386898e-14
2024-06-16 12:00:00;-15.765765;312.12;-3.205079e-14
2024-06-16 18:00:00;-15.765765;312.12;-4.065048e-14
2024-06-17 06:00:00;-15.765765;312.12;-5.5022013e-14
2024-06-17 12:00:00;-15.765765;312.12;-2.6051793e-14
2024-06-17 18:00:00;-15.765765;312.12;-2.4263903e-14
2024-06-18 06:00:00;-15.765765;312.12;-1.7201926e-13
2024-06-18 12:00:00;-15.765765;312.12;-2.1281832e-14
2024-06-18 18:00:00;-15.765765;312.12;-1.1430204e-14
2024-06-19 06:00:00;-15.765765;312.12;-6.9634985e-14
2024-06-19 12:00:00;-15.765765;312.12;-2.1372701e-14
2024-06-19 18:00:00;-15.765765;312.12;-5.694145e-15
2024-06-20 06:00:00;-15.765765;312.12;-2.523528e-14
2024-06-20 12:00:00;-15.765765;312.12;-1.5062902e-14
2024-06-20 18:00:00;-15.765765;312.12;-2.1430964e-14
2024-06-21 06:00:00;-15.765765;312.12;-5.994207e-14
2024-06-21 12:00:00;-15.765765;312.12;-1.1952125e-14
2024-06-21 18:00:00;-15.765765;312.12;-2.2387758e-14
2024-06-22 06:00:00;-15.765765;312.12;-3.725084e-15
2024-06-22 12:00:00;-15.765765;312.12;-6.4528698e-15
2024-06-22 18:00:00;-15.765765;312.12;-4.0816675e-14
2024-06-23 06:00:00;-15.765765;312.12;-2.0666886e-14
2024-06-23 12:00:00;-15.765765;312.12;-7.584355e-14
2024-06-23 18:00:00;-15.765765;312.12;-8.0911204e-15
2024-06-24 06:00:00;-15.765765;312.12;-8.1736796e-14
2024-06-24 12:00:00;-15.765765;312.12;-2.444651e-14
2024-06-24 18:00:00;-15.765765;312.12;-1.8595597e-13
2024-06-25 06:00:00;-15.765765;312.12;-4.279728e-14
2024-06-25 12:00:00;-15.765765;312.12;-3.866845e-14
2024-06-25 18:00:00;-15.765765;312.12;-2.437408e-13
2024-06-26 06:00:00;-15.765765;312.12;-6.450179e-14
2024-06-26 12:00:00;-15.765765;312.12;-1.1360868e-13
2024-06-26 18:00:00;-15.765765;312.12;-1.1949671e-13
2024-06-27 06:00:00;-15.765765;312.12;-4.1866047e-14
2024-06-27 12:00:00;-15.765765;312.12;-1.6885782e-13
2024-06-27 18:00:00;-15.765765;312.12;-3.897991e-13
2024-06-28 06:00:00;-15.765765;312.12;-2.9067474e-14
2024-06-28 12:00:00;-15.765765;312.12;-6.133482e-14
2024-06-28 18:00:00;-15.765765;312.12;-3.1941694e-14
2024-06-29 06:00:00;-15.765765;312.12;-3.4491138e-13
2024-06-29 12:00:00;-15.765765;312.12;-2.0382377e-14
2024-06-29 18:00:00;-15.765765;312.12;-3.1153587e-14
2024-06-30 06:00:00;-15.765765;312.12;-4.447644e-14
2024-06-30 12:00:00;-15.765765;312.12;-3.833732e-14
2024-06-30 18:00:00;-15.765765;312.12;-2.2790214e-14
2024-07-01 06:00:00;-15.765765;312.12;-5.892574e-14
2024-07-01 12:00:00;-15.765765;312.12;-1.5945046e-13
2024-07-01 18:00:00;-15.765765;312.12;-9.614536e-15
2024-07-02 06:00:00;-15.765765;312.12;-1.2995365e-13
2024-07-02 12:00:00;-15.765765;312.12;-1.5519572e-13
2024-07-02 18:00:00;-15.765765;312.12;-5.2368374e-14
2024-07-03 06:00:00;-15.765765;312.12;-3.8131838e-14
2024-07-03 12:00:00;-15.765765;312.12;-1.5316375e-14
2024-07-03 18:00:00;-15.765765;312.12;-1.987806e-14
2024-07-04 06:00:00;-15.765765;312.12;-4.4498856e-14
2024-07-04 12:00:00;-15.765765;312.12;-2.3150942e-14
2024-07-04 18:00:00;-15.765765;312.12;-1.4973577e-14
2024-07-05 06:00:00;-15.765765;312.12;-6.21441e-14
2024-07-05 12:00:00;-15.765765;312.12;-2.682314e-13
2024-07-05 18:00:00;-15.765765;312.12;-2.1441751e-14
2024-07-06 06:00:00;-15.765765;312.12;-1.9941256e-14
2024-07-06 12:00:00;-15.765765;312.12;-1.4473177e-14
2024-07-06 18:00:00;-15.765765;312.12;-8.991309e-15
2024-07-07 06:00:00;-15.765765;312.12;-5.906625e-14
2024-07-07 12:00:00;-15.765765;312.12;-1.1216741e-15
2024-07-07 18:00:00;-15.765765;312.12;-1.4029414e-14
2024-07-08 06:00:00;-15.765765;312.12;-1.8676697e-14
2024-07-08 12:00:00;-15.765765;312.12;-2.4770645e-14
2024-07-08 18:00:00;-15.765765;312.12;-7.741129e-15
2024-07-09 06:00:00;-15.765765;312.12;-8.079061e-14
2024-07-09 12:00:00;-15.765765;312.12;-1.6551567e-13
2024-07-09 18:00:00;-15.765765;312.12;-1.1717003e-14
2024-07-10 06:00:00;-15.765765;312.12;-6.734484e-14
2024-07-10 12:00:00;-15.765765;312.12;-3.158846e-14
2024-07-10 18:00:00;-15.765765;312.12;-2.7796927e-13
2024-07-11 06:00:00;-15.765765;312.12;-2.4894027e-14
2024-07-11 12:00:00;-15.765765;312.12;-9.191164e-15
2024-07-11 18:00:00;-15.765765;312.12;-3.6758763e-14
2024-07-12 06:00:00;-15.765765;312.12;-2.0233666e-14
2024-07-12 12:00:00;-15.765765;312.12;-1.5904948e-14
2024-07-12 18:00:00;-15.765765;312.12;-8.093221e-15
2024-07-13 06:00:00;-15.765765;312.12;-1.7653522e-14
2024-07-13 12:00:00;-15.765765;312.12;-2.1656627e-14
2024-07-13 18:00:00;-15.765765;312.12;-5.5925845e-14
2024-07-14 06:00:00;-15.765765;312.12;-1.5935441e-14
2024-07-14 12:00:00;-15.765765;312.12;-2.476597e-14
2024-07-14 18:00:00;-15.765765;312.12;-1.786753e-14
2024-07-15 06:00:00;-15.765765;312.12;-3.0231975e-14
2024-07-15 12:00:00;-15.765765;312.12;-3.536647e-14
2024-07-15 18:00:00;-15.765765;312.12;-1.10103585e-14
2024-07-16 06:00:00;-15.765765;312.12;-1.535778e-13
2024-07-16 12:00:00;-15.765765;312.12;-4.559664e-15
2024-07-16 18:00:00;-15.765765;312.12;-3.870462e-15
2024-07-17 06:00:00;-15.765765;312.12;-3.980125e-14
2024-07-17 12:00:00;-15.765765;312.12;-7.50147e-15
2024-07-17 18:00:00;-15.765765;312.12;-2.514551e-13
2024-07-18 06:00:00;-15.765765;312.12;-8.116469e-14
2024-07-18 12:00:00;-15.765765;312.12;-4.288231e-14
2024-07-18 18:00:00;-15.765765;312.12;-7.169845e-14
2024-07-19 06:00:00;-15.765765;312.12;-6.5551216e-14
2024-07-19 12:00:00;-15.765765;312.12;-3.1331783e-15
2024-07-19 18:00:00;-15.765765;312.12;-3.9029083e-14
2024-07-20 06:00:00;-15.765765;312.12;-5.572799e-14
2024-07-20 12:00:00;-15.765765;312.12;-3.528639e-14
2024-07-20 18:00:00;-15.765765;312.12;-2.1932909e-14
2024-07-21 06:00:00;-15.765765;312.12;-4.1628457e-14
2024-07-21 12:00:00;-15.765765;312.12;-4.108053e-14
2024-07-21 18:00:00;-15.765765;312.12;-6.900103e-15
2024-07-22 06:00:00;-15.765765;312.12;-2.9074494e-14
2024-07-22 12:00:00;-15.765765;312.12;-1.4282107e-13
2024-07-22 18:00:00;-15.765765;312.12;-1.3358745e-13
2024-07-23 06:00:00;-15.765765;312.12;-9.560827e-14
2024-07-23 12:00:00;-15.765765;312.12;-8.611727e-14
2024-07-23 18:00:00;-15.765765;312.12;-2.9624957e-14
2024-07-24 06:00:00;-15.765765;312.12;-7.795126e-14
2024-07-24 12:00:00;-15.765765;312.12;-1.5711618e-13
2024-07-24 18:00:00;-15.765765;312.12;-3.5943644e-13
2024-07-25 06:00:00;-15.765765;312.12;-6.99492e-14
2024-07-25 12:00:00;-15.765765;312.12;-1.6759124e-13
2024-07-25 18:00:00;-15.765765;312.12;-5.996489e-14
2024-07-26 06:00:00;-15.765765;312.12;-1.02923204e-13
2024-07-26 12:00:00;-15.765765;312.12;-1.8446675e-13
2024-07-26 18:00:00;-15.765765;312.12;-1.9353863e-14
2024-07-27 06:00:00;-15.765765;312.12;-1.2732201e-13
2024-07-27 12:00:00;-15.765765;312.12;-8.406828e-14
2024-07-27 18:00:00;-15.765765;312.12;-2.427324e-14
2024-07-28 06:00:00;-15.765765;312.12;-2.7906768e-14
2024-07-28 12:00:00;-15.765765;312.12;-8.886933e-15
2024-07-28 18:00:00;-15.765765;312.12;-7.997311e-14
2024-07-29 06:00:00;-15.765765;312.12;-3.6745184e-14
2024-07-29 12:00:00;-15.765765;312.12;-4.9767807e-14
2024-07-29 18:00:00;-15.765765;312.12;-3.745606e-15
2024-07-30 06:00:00;-15.765765;312.12;-2.084006e-14
2024-07-30 12:00:00;-15.765765;312.12;-5.2746495e-15
2024-07-30 18:00:00;-15.765765;312.12;-1.909253e-14
2024-07-31 06:00:00;-15.765765;312.12;-1.13659855e-13
2024-07-31 12:00:00;-15.765765;312.12;-9.721815e-15
2024-07-31 18:00:00;-15.765765;312.12;-2.4681497e-14
2024-08-01 06:00:00;-15.765765;312.12;-1.5587763e-13
2024-08-01 12:00:00;-15.765765;312.12;-4.89908e-15
2024-08-01 18:00:00;-15.765765;312.12;-2.233386e-14
2024-08-02 06:00:00;-15.765765;312.12;-3.9515862e-14
2024-08-02 12:00:00;-15.765765;312.12;0.001953125
2024-08-02 18:00:00;-15.765765;312.12;-7.9727105e-14
2024-08-03 06:00:00;-15.765765;312.12;0.0029296875
2024-08-03 12:00:00;-15.765765;312.12;0.005859375
2024-08-03 18:00:00;-15.765765;312.12;-3.645356e-14
2024-08-04 06:00:00;-15.765765;312.12;-4.401282e-14
2024-08-04 12:00:00;-15.765765;312.12;-1.13138885e-14
2024-08-04 18:00:00;-15.765765;312.12;-3.220472e-14
2024-08-05 06:00:00;-15.765765;312.12;-1.01049065e-13
2024-08-05 12:00:00;-15.765765;312.12;0.0009765625
2024-08-05 18:00:00;-15.765765;312.12;-3.4302205e-14
2024-08-06 06:00:00;-15.765765;312.12;-5.3201015e-14
2024-08-06 12:00:00;-15.765765;312.12;-6.762498e-14
2024-08-06 18:00:00;-15.765765;312.12;-3.8566955e-14
2024-08-07 06:00:00;-15.765765;312.12;-4.4827762e-14
2024-08-07 12:00:00;-15.765765;312.12;-3.56717e-14
2024-08-07 18:00:00;-15.765765;312.12;-5.7366194e-14
2024-08-08 06:00:00;-15.765765;312.12;-4.3977964e-14
2024-08-08 12:00:00;-15.765765;312.12;-8.616313e-14
2024-08-08 18:00:00;-15.765765;312.12;-2.0728685e-14
2024-08-09 06:00:00;-15.765765;312.12;-6.2609194e-15
2024-08-09 12:00:00;-15.765765;312.12;-7.2917285e-14
2024-08-09 18:00:00;-15.765765;312.12;-1.00729985e-13
2024-08-10 06:00:00;-15.765765;312.12;-2.3969908e-14
2024-08-10 12:00:00;-15.765765;312.12;0.013671875
2024-08-10 18:00:00;-15.765765;312.12;-1.6521902e-13
2024-08-11 06:00:00;-15.765765;312.12;-1.9185879e-14
2024-08-11 12:00:00;-15.765765;312.12;-3.986091e-14
2024-08-11 18:00:00;-15.765765;312.12;-3.113944e-14
2024-08-12 06:00:00;-15.765765;312.12;-7.287083e-14
2024-08-12 12:00:00;-15.765765;312.12;-1.2265886e-14
2024-08-12 18:00:00;-15.765765;312.12;-2.6669354e-14
2024-08-13 06:00:00;-15.765765;312.12;-4.8341634e-14
2024-08-13 12:00:00;-15.765765;312.12;-1.07913475e-13
2024-08-13 18:00:00;-15.765765;312.12;-1.1691073e-13
2024-08-14 06:00:00;-15.765765;312.12;-3.3656793e-14
2024-08-14 12:00:00;-15.765765;312.12;0.001953125
2024-08-14 18:00:00;-15.765765;312.12;-9.6630425e-15
2024-08-15 06:00:00;-15.765765;312.12;-5.4302903e-14
2024-08-15 12:00:00;-15.765765;312.12;-2.5315186e-14
2024-08-15 18:00:00;-15.765765;312.12;0.9794922
2024-08-16 06:00:00;-15.765765;312.12;-7.466361e-14
2024-08-16 12:00:00;-15.765765;312.12;-3.5903938e-14
2024-08-16 18:00:00;-15.765765;312.12;-1.6964322e-13
2024-08-17 06:00:00;-15.765765;312.12;-1.1794977e-13
2024-08-17 12:00:00;-15.765765;312.12;-3.8806603e-15
2024-08-17 18:00:00;-15.765765;312.12;-3.2451789e-15
2024-08-18 06:00:00;-15.765765;312.12;-1.4670066e-13
2024-08-18 12:00:00;-15.765765;312.12;-9.156197e-16
2024-08-18 18:00:00;-15.765765;312.12;-8.87185e-15
2024-08-19 06:00:00;-15.765765;312.12;-7.725098e-14
2024-08-19 12:00:00;-15.765765;312.12;-9.1618824e-14
2024-08-19 18:00:00;-15.765765;312.12;-2.1527742e-14
2024-08-20 06:00:00;-15.765765;312.12;-4.5915244e-14
2024-08-20 12:00:00;-15.765765;312.12;-3.4503826e-14
2024-08-20 18:00:00;-15.765765;312.12;-3.4440617e-14
2024-08-21 06:00:00;-15.765765;312.12;-4.555655e-14
2024-08-21 12:00:00;-15.765765;312.12;-2.1492722e-14
2024-08-21 18:00:00;-15.765765;312.12;-4.01093e-14
2024-08-22 06:00:00;-15.765765;312.12;-3.530776e-13
2024-08-22 12:00:00;-15.765765;312.12;-4.8740837e-14
2024-08-22 18:00:00;-15.765765;312.12;-3.4848277e-14
2024-08-23 06:00:00;-15.765765;312.12;-3.6837842e-14
2024-08-23 12:00:00;-15.765765;312.12;-4.4573042e-14
2024-08-23 18:00:00;-15.765765;312.12;-4.2174028e-14
2024-08-24 06:00:00;-15.765765;312.12;-5.5327474e-14
2024-08-24 12:00:00;-15.765765;312.12;-7.421848e-15
2024-08-24 18:00:00;-15.765765;312.12;-1.8968496e-14
2024-08-25 06:00:00;-15.765765;312.12;-2.6971345e-14
2024-08-25 12:00:00;-15.765765;312.12;-1.18838595e-14
2024-08-25 18:00:00;-15.765765;312.12;-4.7141365e-15
2024-08-26 06:00:00;-15.765765;312.12;-3.09173e-14
2024-08-26 12:00:00;-15.765765;312.12;-6.2499156e-15
2024-08-26 18:00:00;-15.765765;312.12;-5.0396644e-14
2024-08-27 06:00:00;-15.765765;312.12;-4.775203e-14
2024-08-27 12:00:00;-15.765765;312.12;-2.6473994e-14
2024-08-27 18:00:00;-15.765765;312.12;-5.4231877e-15
2024-08-28 06:00:00;-15.765765;312.12;-1.4256794e-13
2024-08-28 12:00:00;-15.765765;312.12;-1.7386374e-14
2024-08-28 18:00:00;-15.765765;312.12;-6.390403e-14
2024-08-29 06:00:00;-15.765765;312.12;-1.714274e-14
2024-08-29 12:00:00;-15.765765;312.12;0.00390625
2024-08-29 18:00:00;-15.765765;312.12;-1.029363e-14
2024-08-30 06:00:00;-15.765765;312.12;-5.7340485e-14
2024-08-30 12:00:00;-15.765765;312.12;-1.4208201e-14
2024-08-30 18:00:00;-15.765765;312.12;-8.453122e-14
2024-08-31 06:00:00;-15.765765;312.12;-1.4813265e-14
2024-08-31 12:00:00;-15.765765;312.12;-9.819684e-15
2024-08-31 18:00:00;-15.765765;312.12;-2.2676097e-15
2024-09-01 06:00:00;-15.765765;312.12;-5.0641356e-15
2024-09-01 12:00:00;-15.765765;312.12;-1.124323e-14
2024-09-01 18:00:00;-15.765765;312.12;-7.762369e-16
2024-09-02 06:00:00;-15.765765;312.12;-2.9466013e-13
2024-09-02 12:00:00;-15.765765;312.12;-6.774175e-14
2024-09-02 18:00:00;-15.765765;312.12;-1.2901834e-13
2024-09-03 06:00:00;-15.765765;312.12;-3.2190084e-14
2024-09-03 12:00:00;-15.765765;312.12;-4.7933242e-14
2024-09-03 18:00:00;-15.765765;312.12;-2.9392965e-14
2024-09-04 06:00:00;-15.765765;312.12;-7.767017e-14
2024-09-04 12:00:00;-15.765765;312.12;-9.087873e-15
2024-09-04 18:00:00;-15.765765;312.12;-5.8729673e-15
2024-09-05 06:00:00;-15.765765;312.12;-1.781065e-14
2024-09-05 12:00:00;-15.765765;312.12;-3.4433963e-14
2024-09-05 18:00:00;-15.765765;312.12;-1.2013847e-14
2024-09-06 06:00:00;-15.765765;312.12;-1.30567435e-14
2024-09-06 12:00:00;-15.765765;312.12;-1.00167075e-14
2024-09-06 18:00:00;-15.765765;312.12;-6.7993003e-15
2024-09-07 06:00:00;-15.765765;312.12;-2.5569146e-14
2024-09-07 12:00:00;-15.765765;312.12;-9.766043e-15
2024-09-07 18:00:00;-15.765765;312.12;-5.3803045e-14
2024-09-08 06:00:00;-15.765765;312.12;-2.9310403e-14
2024-09-08 12:00:00;-15.765765;312.12;-4.603307e-14
2024-09-08 18:00:00;-15.765765;312.12;-4.577007e-14
2024-09-09 06:00:00;-15.765765;312.12;-5.743297e-14
2024-09-09 12:00:00;-15.765765;312.12;-6.796663e-14
2024-09-09 18:00:00;-15.765765;312.12;-2.4894078e-15
2024-09-10 06:00:00;-15.765765;312.12;-3.250041e-14
2024-09-10 12:00:00;-15.765765;312.12;-6.787001e-14
2024-09-10 18:00:00;-15.765765;312.12;-3.549957e-14
2024-09-11 06:00:00;-15.765765;312.12;-1.1001813e-13
2024-09-11 12:00:00;-15.765765;312.12;-1.260655e-14
2024-09-11 18:00:00;-15.765765;312.12;-1.0191744e-14
2024-09-12 06:00:00;-15.765765;312.12;-2.6096936e-14
2024-09-12 12:00:00;-15.765765;312.12;-1.8726272e-14
2024-09-12 18:00:00;-15.765765;312.12;-1.9985763e-14
2024-09-13 06:00:00;-15.765765;312.12;-2.4049014e-14
2024-09-13 12:00:00;-15.765765;312.12;-1.7380615e-14
2024-09-13 18:00:00;-15.765765;312.12;-7.596869e-15
2024-09-14 06:00:00;-15.765765;312.12;-4.3624867e-14
2024-09-14 12:00:00;-15.765765;312.12;-3.8223277e-14
2024-09-14 18:00:00;-15.765765;312.12;-4.3314988e-14
2024-09-15 06:00:00;-15.765765;312.12;-4.0744114e-14
2024-09-15 12:00:00;-15.765765;312.12;-9.426525e-15
2024-09-15 18:00:00;-15.765765;312.12;-4.0577107e-14
2024-09-16 06:00:00;-15.765765;312.12;-3.7266224e-14
2024-09-16 12:00:00;-15.765765;312.12;-1.8212252e-14
2024-09-16 18:00:00;-15.765765;312.12;-7.592727e-15
2024-09-17 06:00:00;-15.765765;312.12;-1.2036918e-13
2024-09-17 12:00:00;-15.765765;312.12;-5.384413e-15
2024-09-17 18:00:00;-15.765765;312.12;-1.217165e-14
2024-09-18 06:00:00;-15.765765;312.12;-5.527008e-14
2024-09-18 12:00:00;-15.765765;312.12;-1.6276788e-14
2024-09-18 18:00:00;-15.765765;312.12;-4.7585877e-14
2024-09-19 06:00:00;-15.765765;312.12;-1.295601e-13
2024-09-19 12:00:00;-15.765765;312.12;-6.344812e-14
2024-09-19 18:00:00;-15.765765;312.12;-2.9871786e-15
2024-09-20 06:00:00;-15.765765;312.12;-3.9219143e-14
2024-09-20 12:00:00;-15.765765;312.12;-5.4832644e-14
2024-09-20 18:00:00;-15.765765;312.12;-2.1764403e-13
2024-09-21 06:00:00;-15.765765;312.12;-1.5606493e-13
2024-09-21 12:00:00;-15.765765;312.12;-1.650857e-13
2024-09-21 18:00:00;-15.765765;312.12;-2.8371077e-13
2024-09-22 06:00:00;-15.765765;312.12;-1.5847688e-13
2024-09-22 12:00:00;-15.765765;312.12;-1.3705984e-15
2024-09-22 18:00:00;-15.765765;312.12;-7.8908564e-15
2024-09-23 06:00:00;-15.765765;312.12;-3.2273676e-14
2024-09-23 12:00:00;-15.765765;312.12;-9.3199455e-14
2024-09-23 18:00:00;-15.765765;312.12;-2.8649107e-14
2024-09-24 06:00:00;-15.765765;312.12;-2.5659093e-15
2024-09-24 12:00:00;-15.765765;312.12;-5.8402913e-15
2024-09-24 18:00:00;-15.765765;312.12;-1.2464277e-14
2024-09-25 06:00:00;-15.765765;312.12;-1.07299396e-13
2024-09-25 12:00:00;-15.765765;312.12;-8.27073e-15
2024-09-25 18:00:00;-15.765765;312.12;0.0
2024-09-26 06:00:00;-15.765765;312.12;-1.11864905e-14
2024-09-26 12:00:00;-15.765765;312.12;-7.749135e-15
2024-09-26 18:00:00;-15.765765;312.12;-1.921442e-14
2024-09-27 06:00:00;-15.765765;312.12;-9.62183e-15
2024-09-27 12:00:00;-15.765765;312.12;-2.4002135e-14
2024-09-27 18:00:00;-15.765765;312.12;-3.0254687e-15
2024-09-28 06:00:00;-15.765765;312.12;-2.4690346e-14
2024-09-28 12:00:00;-15.765765;312.12;-6.5919714e-16
2024-09-28 18:00:00;-15.765765;312.12;-2.431331e-15
2024-09-29 06:00:00;-15.765765;312.12;-1.5023627e-14
2024-09-29 12:00:00;-15.765765;312.12;-5.153489e-15
2024-09-29 18:00:00;-15.765765;312.12;-9.287849e-15
2024-09-30 06:00:00;-15.765765;312.12;-5.594528e-14
2024-09-30 12:00:00;-15.765765;312.12;-1.758866e-13
2024-09-30 18:00:00;-15.765765;312.12;-2.2648184e-14
2024-10-01 06:00:00;-15.765765;312.12;-3.198555e-14
2024-10-01 12:00:00;-15.765765;312.12;-9.68186e-15
2024-10-01 18:00:00;-15.765765;312.12;-2.9150443e-16
2024-10-02 06:00:00;-15.765765;312.12;-1.990705e-14
2024-10-02 12:00:00;-15.765765;312.12;-1.4789371e-14
2024-10-02 18:00:00;-15.765765;312.12;-1.889817e-15
2024-10-03 06:00:00;-15.765765;312.12;-1.35325025e-14
2024-10-03 12:00:00;-15.765765;312.12;-7.133238e-15
2024-10-03 18:00:00;-15.765765;312.12;0.0
2024-10-04 06:00:00;-15.765765;312.12;-1.1515297e-14
2024-10-04 12:00:00;-15.765765;312.12;-2.4766684e-15
2024-10-04 18:00:00;-15.765765;312.12;-2.8410146e-15
2024-10-05 06:00:00;-15.765765;312.12;-2.1953883e-15
2024-10-05 12:00:00;-15.765765;312.12;-4.746026e-14
2024-10-05 18:00:00;-15.765765;312.12;-1.7274043e-15
2024-10-06 06:00:00;-15.765765;312.12;-4.0175003e-14
2024-10-06 12:00:00;-15.765765;312.12;-6.5435997e-15
2024-10-06 18:00:00;-15.765765;312.12;-3.218355e-15
2024-10-07 06:00:00;-15.765765;312.12;-1.5533161e-14
2024-10-07 12:00:00;-15.765765;312.12;-6.508725e-15
2024-10-07 18:00:00;-15.765765;312.12;4.0966797
2024-10-08 06:00:00;-15.765765;312.12;2.8066406
2024-10-08 12:00:00;-15.765765;312.12;-1.8391349e-14
2024-10-08 18:00:00;-15.765765;312.12;11.361328
2024-10-09 06:00:00;-15.765765;312.12;-6.7722986e-15
2024-10-09 12:00:00;-15.765765;312.12;-5.39689e-15
2024-10-09 18:00:00;-15.765765;312.12;-4.971723e-16
2024-10-10 06:00:00;-15.765765;312.12;2.5429688
2024-10-10 12:00:00;-15.765765;312.12;0.7451172
2024-10-10 18:00:00;-15.765765;312.12;7.7539062
2024-10-11 06:00:00;-15.765765;312.12;2.1054688
2024-10-11 12:00:00;-15.765765;312.12;0.8339844
2024-10-11 18:00:00;-15.765765;312.12;7.6992188
2024-10-12 06:00:00;-15.765765;312.12;2.0527344
2024-10-12 12:00:00;-15.765765;312.12;3.3710938
2024-10-12 18:00:00;-15.765765;312.12;8.009766
2024-10-13 06:00:00;-15.765765;312.12;0.25585938
2024-10-13 12:00:00;-15.765765;312.12;0.12451172
2024-10-13 18:00:00;-15.765765;312.12;9.375
2024-10-14 06:00:00;-15.765765;312.12;0.001953125
2024-10-14 12:00:00;-15.765765;312.12;-4.1140644e-15
2024-10-14 18:00:00;-15.765765;312.12;6.270508
2024-10-15 06:00:00;-15.765765;312.12;9.478516
2024-10-15 12:00:00;-15.765765;312.12;5.354492
2024-10-15 18:00:00;-15.765765;312.12;0.00390625
2024-10-16 06:00:00;-15.765765;312.12;1.0449219
2024-10-16 12:00:00;-15.765765;312.12;3.8378906
2024-10-16 18:00:00;-15.765765;312.12;8.366211
2024-10-17 06:00:00;-15.765765;312.12;-2.951643e-14
2024-10-17 12:00:00;-15.765765;312.12;2.3544922
2024-10-17 18:00:00;-15.765765;312.12;5.748047
2024-10-18 06:00:00;-15.765765;312.12;5.3447266
2024-10-18 12:00:00;-15.765765;312.12;0.43066406
2024-10-18 18:00:00;-15.765765;312.12;1.1113281
2024-10-19 06:00:00;-15.765765;312.12;-2.327385e-14
2024-10-19 12:00:00;-15.765765;312.12;4.8759766
2024-10-19 18:00:00;-15.765765;312.12;9.732422
2024-10-20 06:00:00;-15.765765;312.12;0.0009765625
2024-10-20 12:00:00;-15.765765;312.12;-1.9182084e-14
2024-10-20 18:00:00;-15.765765;312.12;2.415039
2024-10-21 06:00:00;-15.765765;312.12;0.20703125
2024-10-21 12:00:00;-15.765765;312.12;3.6044922
2024-10-21 18:00:00;-15.765765;312.12;7.211914
2024-10-22 06:00:00;-15.765765;312.12;0.8027344
2024-10-22 12:00:00;-15.765765;312.12;2.5957031
2024-10-22 18:00:00;-15.765765;312.12;6.9023438
2024-10-23 06:00:00;-15.765765;312.12;0.15429688
2024-10-23 12:00:00;-15.765765;312.12;0.5751953
2024-10-23 18:00:00;-15.765765;312.12;1.9941406
2024-10-24 06:00:00;-15.765765;312.12;0.125
2024-10-24 12:00:00;-15.765765;312.12;1.3789062
2024-10-24 18:00:00;-15.765765;312.12;7.220703
2024-10-25 06:00:00;-15.765765;312.12;10.761719
2024-10-25 12:00:00;-15.765765;312.12;1.3310547
2024-10-25 18:00:00;-15.765765;312.12;3.5195312
2024-10-26 06:00:00;-15.765765;312.12;1.3339844
2024-10-26 12:00:00;-15.765765;312.12;1.9462891
2024-10-26 18:00:00;-15.765765;312.12;5.373047
2024-10-27 06:00:00;-15.765765;312.12;1.8710938
2024-10-27 12:00:00;-15.765765;312.12;6.120117
2024-10-27 18:00:00;-15.765765;312.12;5.588867
2024-10-28 06:00:00;-15.765765;312.12;8.614258
2024-10-28 12:00:00;-15.765765;312.12;0.52441406
2024-10-28 18:00:00;-15.765765;312.12;-5.9700568e-15
2024-10-29 06:00:00;-15.765765;312.12;3.7753906
2024-10-29 12:00:00;-15.765765;312.12;1.125
2024-10-29 18:00:00;-15.765765;312.12;3.2753906
2024-10-30 06:00:00;-15.765765;312.12;1.953125
2024-10-30 12:00:00;-15.765765;312.12;1.6582031
2024-10-30 18:00:00;-15.765765;312.12;4.732422
2024-10-31 06:00:00;-15.765765;312.12;0.087890625
2024-10-31 12:00:00;-15.765765;312.12;0.42578125
2024-10-31 18:00:00;-15.765765;312.12;4.5371094
2024-11-01 06:00:00;-15.765765;312.12;0.061523438
2024-11-01 12:00:00;-15.765765;312.12;0.083984375
2024-11-01 18:00:00;-15.765765;312.12;3.1757812
2024-11-02 06:00:00;-15.765765;312.12;0.34179688
2024-11-02 12:00:00;-15.765765;312.12;0.0107421875
2024-11-02 18:00:00;-15.765765;312.12;2.2509766
2024-11-03 06:00:00;-15.765765;312.12;6.272461
2024-11-03 12:00:00;-15.765765;312.12;4.194336
2024-11-03 18:00:00;-15.765765;312.12;12.691406
2024-11-04 06:00:00;-15.765765;312.12;5.6132812
2024-11-04 12:00:00;-15.765765;312.12;0.8652344
2024-11-04 18:00:00;-15.765765;312.12;0.7265625
2024-11-05 06:00:00;-15.765765;312.12;14.357422
2024-11-05 12:00:00;-15.765765;312.12;14.378906
2024-11-05 18:00:00;-15.765765;312.12;3.4414062
2024-11-06 06:00:00;-15.765765;312.12;0.47851562
2024-11-06 12:00:00;-15.765765;312.12;2.5625
2024-11-06 18:00:00;-15.765765;312.12;0.45117188
2024-11-07 06:00:00;-15.765765;312.12;4.34375
2024-11-07 12:00:00;-15.765765;312.12;2.336914
2024-11-07 18:00:00;-15.765765;312.12;7.756836
2024-11-08 06:00:00;-15.765765;312.12;2.0039062
2024-11-08 12:00:00;-15.765765;312.12;1.9814453
2024-11-08 18:00:00;-15.765765;312.12;10.3046875
2024-11-09 06:00:00;-15.765765;312.12;0.0859375
2024-11-09 12:00:00;-15.765765;312.12;0.1171875
2024-11-09 18:00:00;-15.765765;312.12;7.7441406
2024-11-10 06:00:00;-15.765765;312.12;0.04296875
2024-11-10 12:00:00;-15.765765;312.12;0.036132812
2024-11-10 18:00:00;-15.765765;312.12;4.6914062
2024-11-11 06:00:00;-15.765765;312.12;1.0566406
2024-11-11 12:00:00;-15.765765;312.12;1.1435547
2024-11-11 18:00:00;-15.765765;312.12;8.984375
2024-11-12 06:00:00;-15.765765;312.12;8.106445
2024-11-12 12:00:00;-15.765765;312.12;1.5888672
2024-11-12 18:00:00;-15.765765;312.12;1.2382812
2024-11-13 06:00:00;-15.765765;312.12;0.0009765625
2024-11-13 12:00:00;-15.765765;312.12;5.3320312
2024-11-13 18:00:00;-15.765765;312.12;12.0546875
2024-11-14 06:00:00;-15.765765;312.12;5.3710938
2024-11-14 12:00:00;-15.765765;312.12;3.163086
2024-11-14 18:00:00;-15.765765;312.12;5.3154297
2024-11-15 06:00:00;-15.765765;312.12;5.5039062
2024-11-15 12:00:00;-15.765765;312.12;10.243164
2024-11-15 18:00:00;-15.765765;312.12;5.7041016
2024-11-16 06:00:00;-15.765765;312.12;1.8554688
2024-11-16 12:00:00;-15.765765;312.12;3.6777344
2024-11-16 18:00:00;-15.765765;312.12;2.6953125
2024-11-17 06:00:00;-15.765765;312.12;0.068359375
2024-11-17 12:00:00;-15.765765;312.12;2.03125
2024-11-17 18:00:00;-15.765765;312.12;5.470703
2024-11-18 06:00:00;-15.765765;312.12;0.3671875
2024-11-18 12:00:00;-15.765765;312.12;0.0048828125
2024-11-18 18:00:00;-15.765765;312.12;7.7773438
2024-11-19 06:00:00;-15.765765;312.12;-4.632304e-14
2024-11-19 12:00:00;-15.765765;312.12;-8.372104e-15
2024-11-19 18:00:00;-15.765765;312.12;1.7978516
2024-11-20 06:00:00;-15.765765;312.12;-6.8774364e-16
2024-11-20 12:00:00;-15.765765;312.12;-1.4417924e-15
2024-11-20 18:00:00;-15.765765;312.12;11.537109
2024-11-21 06:00:00;-15.765765;312.12;-4.491184e-15
2024-11-21 12:00:00;-15.765765;312.12;1.5830078
2024-11-21 18:00:00;-15.765765;312.12;3.0605469
2024-11-22 06:00:00;-15.765765;312.12;4.7626953
2024-11-22 12:00:00;-15.765765;312.12;0.16210938
2024-11-22 18:00:00;-15.765765;312.12;8.0078125
2024-11-23 06:00:00;-15.765765;312.12;3.2529297
2024-11-23 12:00:00;-15.765765;312.12;3.3671875
2024-11-23 18:00:00;-15.765765;312.12;9.128906
2024-11-24 06:00:00;-15.765765;312.12;3.5644531
2024-11-24 12:00:00;-15.765765;312.12;5.8134766
2024-11-24 18:00:00;-15.765765;312.12;13.986328
2024-11-25 06:00:00;-15.765765;312.12;1.8632812
2024-11-25 12:00:00;-15.765765;312.12;0.2421875
2024-11-25 18:00:00;-15.765765;312.12;0.013671875
2024-11-26 06:00:00;-15.765765;312.12;0.00390625
2024-11-26 12:00:00;-15.765765;312.12;-4.907104e-15
2024-11-26 18:00:00;-15.765765;312.12;2.4013672
2024-11-27 06:00:00;-15.765765;312.12;3.0664062
2024-11-27 12:00:00;-15.765765;312.12;0.7607422
2024-11-27 18:00:00;-15.765765;312.12;8.108398
2024-11-28 06:00:00;-15.765765;312.12;-6.333206e-14
2024-11-28 12:00:00;-15.765765;312.12;2.241211
2024-11-28 18:00:00;-15.765765;312.12;6.716797
2024-11-29 06:00:00;-15.765765;312.12;-2.6850487e-15
2024-11-29 12:00:00;-15.765765;312.12;0.0
2024-11-29 18:00:00;-15.765765;312.12;0.08691406
2024-11-30 06:00:00;-15.765765;312.12;4.751953
2024-11-30 12:00:00;-15.765765;312.12;0.18261719
2024-11-30 18:00:00;-15.765765;312.12;11.5390625
2024-12-01 06:00:00;-15.765765;312.12;0.033203125
2024-12-01 12:00:00;-15.765765;312.12;5.234375
2024-12-01 18:00:00;-15.765765;312.12;10.466797
2024-12-02 06:00:00;-15.765765;312.12;-5.2886053e-16
2024-12-02 12:00:00;-15.765765;312.12;0.0126953125
2024-12-02 18:00:00;-15.765765;312.12;0.028320312
2024-12-03 06:00:00;-15.765765;312.12;0.18261719
2024-12-03 12:00:00;-15.765765;312.12;0.42773438
2024-12-03 18:00:00;-15.765765;312.12;0.029296875
2024-12-04 06:00:00;-15.765765;312.12;-5.3521757e-16
2024-12-04 12:00:00;-15.765765;312.12;1.0898438
2024-12-04 18:00:00;-15.765765;312.12;1.5185547
2024-12-05 06:00:00;-15.765765;312.12;4.982422
2024-12-05 12:00:00;-15.765765;312.12;2.9355469
2024-12-05 18:00:00;-15.765765;312.12;11.066406
2024-12-06 06:00:00;-15.765765;312.12;-7.920757e-15
2024-12-06 12:00:00;-15.765765;312.12;0.0
2024-12-06 18:00:00;-15.765765;312.12;-1.2405878e-14
2024-12-07 06:00:00;-15.765765;312.12;-5.8906786e-13
2024-12-07 12:00:00;-15.765765;312.12;-4.4917924e-16
2024-12-07 18:00:00;-15.765765;312.12;-2.04369e-14
2024-12-08 06:00:00;-15.765765;312.12;-4.024305e-15
2024-12-08 12:00:00;-15.765765;312.12;-1.0909651e-14
2024-12-08 18:00:00;-15.765765;312.12;-2.1376596e-15
2024-12-09 06:00:00;-15.765765;312.12;-1.4925357e-14
2024-12-09 12:00:00;-15.765765;312.12;0.0
2024-12-09 18:00:00;-15.765765;312.12;-7.48523e-15
2024-12-10 06:00:00;-15.765765;312.12;0.061523438
2024-12-10 12:00:00;-15.765765;312.12;0.76660156
2024-12-10 18:00:00;-15.765765;312.12;12.491211
2024-12-11 06:00:00;-15.765765;312.12;7.4052734
2024-12-11 12:00:00;-15.765765;312.12;0.8310547
2024-12-11 18:00:00;-15.765765;312.12;7.2158203
2024-12-12 06:00:00;-15.765765;312.12;0.796875
2024-12-12 12:00:00;-15.765765;312.12;1.8779297
2024-12-12 18:00:00;-15.765765;312.12;8.782227
2024-12-13 06:00:00;-15.765765;312.12;1.5644531
2024-12-13 12:00:00;-15.765765;312.12;3.5058594
2024-12-13 18:00:00;-15.765765;312.12;2.569336
2024-12-14 06:00:00;-15.765765;312.12;0.9238281
2024-12-14 12:00:00;-15.765765;312.12;0.0009765625
2024-12-14 18:00:00;-15.765765;312.12;7.3740234
2024-12-15 06:00:00;-15.765765;312.12;10.623047
2024-12-15 12:00:00;-15.765765;312.12;4.645508
2024-12-15 18:00:00;-15.765765;312.12;5.7216797
2024-12-16 06:00:00;-15.765765;312.12;0.016601562
2024-12-16 12:00:00;-15.765765;312.12;0.0029296875
2024-12-16 18:00:00;-15.765765;312.12;2.196289
2024-12-17 06:00:00;-15.765765;312.12;0.22363281
2024-12-17 12:00:00;-15.765765;312.12;0.28808594
2024-12-17 18:00:00;-15.765765;312.12;6.774414
2024-12-18 06:00:00;-15.765765;312.12;3.7207031
2024-12-18 12:00:00;-15.765765;312.12;-1.9443079e-14
2024-12-18 18:00:00;-15.765765;312.12;5.51709
2024-12-19 06:00:00;-15.765765;312.12;-3.869018e-15
2024-12-19 12:00:00;-15.765765;312.12;-6.025069e-15
2024-12-19 18:00:00;-15.765765;312.12;11.735352
2024-12-20 06:00:00;-15.765765;312.12;0.5966797
2024-12-20 12:00:00;-15.765765;312.12;2.1230469
2024-12-20 18:00:00;-15.765765;312.12;10.848633
2024-12-21 06:00:00;-15.765765;312.12;4.1523438
2024-12-21 12:00:00;-15.765765;312.12;0.28808594
2024-12-21 18:00:00;-15.765765;312.12;9.22168
2024-12-22 06:00:00;-15.765765;312.12;4.0507812
2024-12-22 12:00:00;-15.765765;312.12;2.2011719
2024-12-22 18:00:00;-15.765765;312.12;5.1464844
2024-12-23 06:00:00;-15.765765;312.12;-1.8948246e-15
2024-12-23 12:00:00;-15.765765;312.12;-3.3378002e-15
2024-12-23 18:00:00;-15.765765;312.12;9.731445
2024-12-24 06:00:00;-15.765765;312.12;0.23632812
2024-12-24 12:00:00;-15.765765;312.12;5.1953125
2024-12-24 18:00:00;-15.765765;312.12;2.0615234
2024-12-25 06:00:00;-15.765765;312.12;0.10546875
2024-12-25 12:00:00;-15.765765;312.12;1.6210938
2024-12-25 18:00:00;-15.765765;312.12;9.508789
2024-12-26 06:00:00;-15.765765;312.12;6.248047
2024-12-26 12:00:00;-15.765765;312.12;2.5507812
2024-12-26 18:00:00;-15.765765;312.12;4.669922
2024-12-27 06:00:00;-15.765765;312.12;0.0048828125
2024-12-27 12:00:00;-15.765765;312.12;0.46191406
2024-12-27 18:00:00;-15.765765;312.12;3.8251953
2024-12-28 06:00:00;-15.765765;312.12;0.8798828
2024-12-28 12:00:00;-15.765765;312.12;0.087890625
2024-12-28 18:00:00;-15.765765;312.12;3.4375
2024-12-29 06:00:00;-15.765765;312.12;5.0253906
2024-12-29 12:00:00;-15.765765;312.12;2.5927734
2024-12-29 18:00:00;-15.765765;312.12;0.43554688
2024-12-30 06:00:00;-15.765765;312.12;0.93652344
2024-12-30 12:00:00;-15.765765;312.12;0.028320312
2024-12-30 18:00:00;-15.765765;312.12;5.4868164
2024-12-31 06:00:00;-15.765765;312.12;-2.6389386e-16
2024-12-31 12:00:00;-15.765765;312.12;2.4873047
2024-12-31 18:00:00;-15.765765;312.12;13.423828
