time;level;latitude;longitude;rh
2023-10-20 00:00:00;1000.0;-15.765765;312.12;28.653273
2023-10-20 06:00:00;1000.0;-15.765765;312.12;45.423393
2023-10-20 12:00:00;1000.0;-15.765765;312.12;47.42161
2023-10-20 18:00:00;1000.0;-15.765765;312.12;40.422325
2023-10-21 00:00:00;1000.0;-15.765765;312.12;45.77576
2023-10-21 06:00:00;1000.0;-15.765765;312.12;73.49618
2023-10-21 12:00:00;1000.0;-15.765765;312.12;76.86049
2023-10-21 18:00:00;1000.0;-15.765765;312.12;69.16399
2023-10-22 00:00:00;1000.0;-15.765765;312.12;53.538525
2023-10-22 06:00:00;1000.0;-15.765765;312.12;80.55056
2023-10-22 12:00:00;1000.0;-15.765765;312.12;61.62207
2023-10-22 18:00:00;1000.0;-15.765765;312.12;55.49261
2023-10-23 00:00:00;1000.0;-15.765765;312.12;44.24453
2023-10-23 06:00:00;1000.0;-15.765765;312.12;65.17199
2023-10-23 12:00:00;1000.0;-15.765765;312.12;58.438343
2023-10-23 18:00:00;1000.0;-15.765765;312.12;55.385662
2023-10-24 00:00:00;1000.0;-15.765765;312.12;33.545593
2023-10-24 06:00:00;1000.0;-15.765765;312.12;33.81948
2023-10-24 12:00:00;1000.0;-15.765765;312.12;39.529743
2023-10-24 18:00:00;1000.0;-15.765765;312.12;40.802284
2023-10-25 00:00:00;1000.0;-15.765765;312.12;33.577908
2023-10-25 06:00:00;1000.0;-15.765765;312.12;77.612915
2023-10-25 12:00:00;1000.0;-15.765765;312.12;59.880436
2023-10-25 18:00:00;1000.0;-15.765765;312.12;38.960083
2023-10-26 00:00:00;1000.0;-15.765765;312.12;51.263798
2023-10-26 06:00:00;1000.0;-15.765765;312.12;72.351204
2023-10-26 12:00:00;1000.0;-15.765765;312.12;57.2775
2023-10-26 18:00:00;1000.0;-15.765765;312.12;58.9146
2023-10-27 00:00:00;1000.0;-15.765765;312.12;75.52225
2023-10-27 06:00:00;1000.0;-15.765765;312.12;86.08142
2023-10-27 12:00:00;1000.0;-15.765765;312.12;61.12454
2023-10-27 18:00:00;1000.0;-15.765765;312.12;52.545452
2023-10-28 00:00:00;1000.0;-15.765765;312.12;60.303097
2023-10-28 06:00:00;1000.0;-15.765765;312.12;65.884415
2023-10-28 12:00:00;1000.0;-15.765765;312.12;74.44871
2023-10-28 18:00:00;1000.0;-15.765765;312.12;61.218494
2023-10-29 00:00:00;1000.0;-15.765765;312.12;60.98051
2023-10-29 06:00:00;1000.0;-15.765765;312.12;65.65631
2023-10-29 12:00:00;1000.0;-15.765765;312.12;54.586567
2023-10-29 18:00:00;1000.0;-15.765765;312.12;30.068687
2023-10-30 00:00:00;1000.0;-15.765765;312.12;34.045715
2023-10-30 06:00:00;1000.0;-15.765765;312.12;42.208035
2023-10-30 12:00:00;1000.0;-15.765765;312.12;41.1233
2023-10-30 18:00:00;1000.0;-15.765765;312.12;22.34752
2023-10-31 00:00:00;1000.0;-15.765765;312.12;34.869694
2023-10-31 06:00:00;1000.0;-15.765765;312.12;39.954994
2023-10-31 12:00:00;1000.0;-15.765765;312.12;38.356216
2023-10-31 18:00:00;1000.0;-15.765765;312.12;31.387821
2023-11-01 00:00:00;1000.0;-15.765765;312.12;67.36176
2023-11-01 06:00:00;1000.0;-15.765765;312.12;86.600494
2023-11-01 12:00:00;1000.0;-15.765765;312.12;74.29157
2023-11-01 18:00:00;1000.0;-15.765765;312.12;35.863
2023-11-02 00:00:00;1000.0;-15.765765;312.12;59.509533
2023-11-02 06:00:00;1000.0;-15.765765;312.12;82.910065
2023-11-02 12:00:00;1000.0;-15.765765;312.12;57.080223
2023-11-02 18:00:00;1000.0;-15.765765;312.12;39.87635
2023-11-03 00:00:00;1000.0;-15.765765;312.12;71.20997
2023-11-03 06:00:00;1000.0;-15.765765;312.12;86.48494
2023-11-03 12:00:00;1000.0;-15.765765;312.12;68.38909
2023-11-03 18:00:00;1000.0;-15.765765;312.12;47.445908
2023-11-04 00:00:00;1000.0;-15.765765;312.12;74.56999
2023-11-04 06:00:00;1000.0;-15.765765;312.12;79.270134
2023-11-04 12:00:00;1000.0;-15.765765;312.12;69.76186
2023-11-04 18:00:00;1000.0;-15.765765;312.12;46.121464
2023-11-05 00:00:00;1000.0;-15.765765;312.12;61.987602
2023-11-05 06:00:00;1000.0;-15.765765;312.12;86.98299
2023-11-05 12:00:00;1000.0;-15.765765;312.12;60.49581
2023-11-05 18:00:00;1000.0;-15.765765;312.12;33.30717
2023-11-06 00:00:00;1000.0;-15.765765;312.12;59.11591
2023-11-06 06:00:00;1000.0;-15.765765;312.12;81.171585
2023-11-06 12:00:00;1000.0;-15.765765;312.12;60.928284
2023-11-06 18:00:00;1000.0;-15.765765;312.12;62.58205
2023-11-07 00:00:00;1000.0;-15.765765;312.12;45.838505
2023-11-07 06:00:00;1000.0;-15.765765;312.12;84.23823
2023-11-07 12:00:00;1000.0;-15.765765;312.12;77.51558
2023-11-07 18:00:00;1000.0;-15.765765;312.12;33.231415
2023-11-08 00:00:00;1000.0;-15.765765;312.12;45.642376
2023-11-08 06:00:00;1000.0;-15.765765;312.12;78.29186
2023-11-08 12:00:00;1000.0;-15.765765;312.12;62.97577
2023-11-08 18:00:00;1000.0;-15.765765;312.12;35.919453
2023-11-09 00:00:00;1000.0;-15.765765;312.12;37.231888
2023-11-09 06:00:00;1000.0;-15.765765;312.12;61.93715
2023-11-09 12:00:00;1000.0;-15.765765;312.12;42.268482
2023-11-09 18:00:00;1000.0;-15.765765;312.12;26.576334
2023-11-10 00:00:00;1000.0;-15.765765;312.12;25.812096
2023-11-10 06:00:00;1000.0;-15.765765;312.12;45.1892
2023-11-10 12:00:00;1000.0;-15.765765;312.12;35.087715
2023-11-10 18:00:00;1000.0;-15.765765;312.12;31.264385
2023-11-11 00:00:00;1000.0;-15.765765;312.12;25.717455
2023-11-11 06:00:00;1000.0;-15.765765;312.12;45.20195
2023-11-11 12:00:00;1000.0;-15.765765;312.12;41.071114
2023-11-11 18:00:00;1000.0;-15.765765;312.12;28.965452
2023-11-12 00:00:00;1000.0;-15.765765;312.12;25.78744
2023-11-12 06:00:00;1000.0;-15.765765;312.12;32.714363
2023-11-12 12:00:00;1000.0;-15.765765;312.12;38.28006
2023-11-12 18:00:00;1000.0;-15.765765;312.12;28.066048
2023-11-13 00:00:00;1000.0;-15.765765;312.12;25.91897
2023-11-13 06:00:00;1000.0;-15.765765;312.12;29.632673
2023-11-13 12:00:00;1000.0;-15.765765;312.12;35.69434
2023-11-13 18:00:00;1000.0;-15.765765;312.12;22.213984
2023-11-14 00:00:00;1000.0;-15.765765;312.12;24.982027
2023-11-14 06:00:00;1000.0;-15.765765;312.12;34.882973
2023-11-14 12:00:00;1000.0;-15.765765;312.12;37.10106
2023-11-14 18:00:00;1000.0;-15.765765;312.12;21.29749
2023-11-15 00:00:00;1000.0;-15.765765;312.12;16.67815
2023-11-15 06:00:00;1000.0;-15.765765;312.12;28.189505
2023-11-15 12:00:00;1000.0;-15.765765;312.12;35.9495
2023-11-15 18:00:00;1000.0;-15.765765;312.12;20.960075
2023-11-16 00:00:00;1000.0;-15.765765;312.12;34.369175
2023-11-16 06:00:00;1000.0;-15.765765;312.12;61.432384
2023-11-16 12:00:00;1000.0;-15.765765;312.12;46.41768
2023-11-16 18:00:00;1000.0;-15.765765;312.12;32.205452
2023-11-17 00:00:00;1000.0;-15.765765;312.12;38.397617
2023-11-17 06:00:00;1000.0;-15.765765;312.12;53.433758
2023-11-17 12:00:00;1000.0;-15.765765;312.12;51.90453
2023-11-17 18:00:00;1000.0;-15.765765;312.12;42.294468
2023-11-18 00:00:00;1000.0;-15.765765;312.12;52.27998
2023-11-18 06:00:00;1000.0;-15.765765;312.12;63.395916
2023-11-18 12:00:00;1000.0;-15.765765;312.12;61.33053
2023-11-18 18:00:00;1000.0;-15.765765;312.12;46.109177
2023-11-19 00:00:00;1000.0;-15.765765;312.12;45.138954
2023-11-19 06:00:00;1000.0;-15.765765;312.12;66.9471
2023-11-19 12:00:00;1000.0;-15.765765;312.12;67.199135
2023-11-19 18:00:00;1000.0;-15.765765;312.12;37.783123
2023-11-20 00:00:00;1000.0;-15.765765;312.12;43.010323
2023-11-20 06:00:00;1000.0;-15.765765;312.12;69.88845
2023-11-20 12:00:00;1000.0;-15.765765;312.12;73.90965
2023-11-20 18:00:00;1000.0;-15.765765;312.12;48.268345
2023-11-21 00:00:00;1000.0;-15.765765;312.12;77.26466
2023-11-21 06:00:00;1000.0;-15.765765;312.12;86.430374
2023-11-21 12:00:00;1000.0;-15.765765;312.12;69.930115
2023-11-21 18:00:00;1000.0;-15.765765;312.12;61.15371
2023-11-22 00:00:00;1000.0;-15.765765;312.12;63.653904
2023-11-22 06:00:00;1000.0;-15.765765;312.12;67.89002
2023-11-22 12:00:00;1000.0;-15.765765;312.12;82.60881
2023-11-22 18:00:00;1000.0;-15.765765;312.12;64.40161
2023-11-23 00:00:00;1000.0;-15.765765;312.12;75.540504
2023-11-23 06:00:00;1000.0;-15.765765;312.12;80.31601
2023-11-23 12:00:00;1000.0;-15.765765;312.12;74.329185
2023-11-23 18:00:00;1000.0;-15.765765;312.12;32.26257
2023-11-24 00:00:00;1000.0;-15.765765;312.12;62.668674
2023-11-24 06:00:00;1000.0;-15.765765;312.12;86.438896
2023-11-24 12:00:00;1000.0;-15.765765;312.12;61.066498
2023-11-24 18:00:00;1000.0;-15.765765;312.12;30.033102
2023-11-25 00:00:00;1000.0;-15.765765;312.12;57.870884
2023-11-25 06:00:00;1000.0;-15.765765;312.12;62.985962
2023-11-25 12:00:00;1000.0;-15.765765;312.12;50.695694
2023-11-25 18:00:00;1000.0;-15.765765;312.12;35.04103
2023-11-26 00:00:00;1000.0;-15.765765;312.12;56.814922
2023-11-26 06:00:00;1000.0;-15.765765;312.12;79.49493
2023-11-26 12:00:00;1000.0;-15.765765;312.12;69.83037
2023-11-26 18:00:00;1000.0;-15.765765;312.12;58.607136
2023-11-27 00:00:00;1000.0;-15.765765;312.12;57.822918
2023-11-27 06:00:00;1000.0;-15.765765;312.12;84.34733
2023-11-27 12:00:00;1000.0;-15.765765;312.12;56.50799
2023-11-27 18:00:00;1000.0;-15.765765;312.12;47.991005
2023-11-28 00:00:00;1000.0;-15.765765;312.12;61.786263
2023-11-28 06:00:00;1000.0;-15.765765;312.12;61.218117
2023-11-28 12:00:00;1000.0;-15.765765;312.12;66.84068
2023-11-28 18:00:00;1000.0;-15.765765;312.12;38.099422
2023-11-29 00:00:00;1000.0;-15.765765;312.12;52.841484
2023-11-29 06:00:00;1000.0;-15.765765;312.12;62.222183
2023-11-29 12:00:00;1000.0;-15.765765;312.12;45.890106
2023-11-29 18:00:00;1000.0;-15.765765;312.12;21.125732
2023-11-30 00:00:00;1000.0;-15.765765;312.12;51.538403
2023-11-30 06:00:00;1000.0;-15.765765;312.12;63.74839
2023-11-30 12:00:00;1000.0;-15.765765;312.12;56.24041
2023-11-30 18:00:00;1000.0;-15.765765;312.12;47.48251
2023-12-01 00:00:00;1000.0;-15.765765;312.12;57.046803
2023-12-01 06:00:00;1000.0;-15.765765;312.12;61.24629
2023-12-01 12:00:00;1000.0;-15.765765;312.12;60.1557
2023-12-01 18:00:00;1000.0;-15.765765;312.12;53.465607
2023-12-02 00:00:00;1000.0;-15.765765;312.12;52.310486
2023-12-02 06:00:00;1000.0;-15.765765;312.12;58.570206
2023-12-02 12:00:00;1000.0;-15.765765;312.12;47.141212
2023-12-02 18:00:00;1000.0;-15.765765;312.12;42.557014
2023-12-03 00:00:00;1000.0;-15.765765;312.12;64.32527
2023-12-03 06:00:00;1000.0;-15.765765;312.12;78.75003
2023-12-03 12:00:00;1000.0;-15.765765;312.12;69.16963
2023-12-03 18:00:00;1000.0;-15.765765;312.12;44.952675
2023-12-04 00:00:00;1000.0;-15.765765;312.12;80.786446
2023-12-04 06:00:00;1000.0;-15.765765;312.12;83.963425
2023-12-04 12:00:00;1000.0;-15.765765;312.12;79.00928
2023-12-04 18:00:00;1000.0;-15.765765;312.12;75.45498
2023-12-05 00:00:00;1000.0;-15.765765;312.12;73.837616
2023-12-05 06:00:00;1000.0;-15.765765;312.12;77.61581
2023-12-05 12:00:00;1000.0;-15.765765;312.12;56.229095
2023-12-05 18:00:00;1000.0;-15.765765;312.12;36.712883
2023-12-06 00:00:00;1000.0;-15.765765;312.12;75.979935
2023-12-06 06:00:00;1000.0;-15.765765;312.12;85.00447
2023-12-06 12:00:00;1000.0;-15.765765;312.12;56.156403
2023-12-06 18:00:00;1000.0;-15.765765;312.12;27.035776
2023-12-07 00:00:00;1000.0;-15.765765;312.12;44.211086
2023-12-07 06:00:00;1000.0;-15.765765;312.12;45.578117
2023-12-07 12:00:00;1000.0;-15.765765;312.12;42.58091
2023-12-07 18:00:00;1000.0;-15.765765;312.12;21.435822
2023-12-08 00:00:00;1000.0;-15.765765;312.12;41.601864
2023-12-08 06:00:00;1000.0;-15.765765;312.12;47.56307
2023-12-08 12:00:00;1000.0;-15.765765;312.12;37.043686
2023-12-08 18:00:00;1000.0;-15.765765;312.12;24.249529
2023-12-09 00:00:00;1000.0;-15.765765;312.12;36.154472
2023-12-09 06:00:00;1000.0;-15.765765;312.12;42.56573
2023-12-09 12:00:00;1000.0;-15.765765;312.12;34.94294
2023-12-09 18:00:00;1000.0;-15.765765;312.12;23.480484
2023-12-10 00:00:00;1000.0;-15.765765;312.12;38.525684
2023-12-10 06:00:00;1000.0;-15.765765;312.12;76.50444
2023-12-10 12:00:00;1000.0;-15.765765;312.12;56.785862
2023-12-10 18:00:00;1000.0;-15.765765;312.12;48.41608
2023-12-11 00:00:00;1000.0;-15.765765;312.12;41.797153
2023-12-11 06:00:00;1000.0;-15.765765;312.12;62.073345
2023-12-11 12:00:00;1000.0;-15.765765;312.12;54.41037
2023-12-11 18:00:00;1000.0;-15.765765;312.12;47.119415
2023-12-12 00:00:00;1000.0;-15.765765;312.12;76.359665
2023-12-12 06:00:00;1000.0;-15.765765;312.12;83.25293
2023-12-12 12:00:00;1000.0;-15.765765;312.12;75.74231
2023-12-12 18:00:00;1000.0;-15.765765;312.12;47.583344
2023-12-13 00:00:00;1000.0;-15.765765;312.12;70.09877
2023-12-13 06:00:00;1000.0;-15.765765;312.12;81.49397
2023-12-13 12:00:00;1000.0;-15.765765;312.12;49.537796
2023-12-13 18:00:00;1000.0;-15.765765;312.12;36.508472
2023-12-14 00:00:00;1000.0;-15.765765;312.12;40.735973
2023-12-14 06:00:00;1000.0;-15.765765;312.12;51.449455
2023-12-14 12:00:00;1000.0;-15.765765;312.12;40.71574
2023-12-14 18:00:00;1000.0;-15.765765;312.12;33.63984
2023-12-15 00:00:00;1000.0;-15.765765;312.12;40.69239
2023-12-15 06:00:00;1000.0;-15.765765;312.12;49.179012
2023-12-15 12:00:00;1000.0;-15.765765;312.12;57.975124
2023-12-15 18:00:00;1000.0;-15.765765;312.12;35.711906
2023-12-16 00:00:00;1000.0;-15.765765;312.12;32.63579
2023-12-16 06:00:00;1000.0;-15.765765;312.12;42.65917
2023-12-16 12:00:00;1000.0;-15.765765;312.12;46.932495
2023-12-16 18:00:00;1000.0;-15.765765;312.12;34.33817
2023-12-17 00:00:00;1000.0;-15.765765;312.12;32.202343
2023-12-17 06:00:00;1000.0;-15.765765;312.12;38.909546
2023-12-17 12:00:00;1000.0;-15.765765;312.12;51.780067
2023-12-17 18:00:00;1000.0;-15.765765;312.12;45.16137
2023-12-18 00:00:00;1000.0;-15.765765;312.12;32.00871
2023-12-18 06:00:00;1000.0;-15.765765;312.12;37.88229
2023-12-18 12:00:00;1000.0;-15.765765;312.12;42.17381
2023-12-18 18:00:00;1000.0;-15.765765;312.12;46.172207
2023-12-19 00:00:00;1000.0;-15.765765;312.12;46.05213
2023-12-19 06:00:00;1000.0;-15.765765;312.12;51.864006
2023-12-19 12:00:00;1000.0;-15.765765;312.12;45.970318
2023-12-19 18:00:00;1000.0;-15.765765;312.12;42.50883
2023-12-20 00:00:00;1000.0;-15.765765;312.12;55.772602
2023-12-20 06:00:00;1000.0;-15.765765;312.12;82.328415
2023-12-20 12:00:00;1000.0;-15.765765;312.12;62.46959
2023-12-20 18:00:00;1000.0;-15.765765;312.12;63.078953
2023-12-21 00:00:00;1000.0;-15.765765;312.12;82.29396
2023-12-21 06:00:00;1000.0;-15.765765;312.12;88.61318
2023-12-21 12:00:00;1000.0;-15.765765;312.12;83.60037
2023-12-21 18:00:00;1000.0;-15.765765;312.12;72.62295
2023-12-22 00:00:00;1000.0;-15.765765;312.12;82.66933
2023-12-22 06:00:00;1000.0;-15.765765;312.12;89.66914
2023-12-22 12:00:00;1000.0;-15.765765;312.12;62.903618
2023-12-22 18:00:00;1000.0;-15.765765;312.12;29.434464
2023-12-23 00:00:00;1000.0;-15.765765;312.12;78.19545
2023-12-23 06:00:00;1000.0;-15.765765;312.12;80.41394
2023-12-23 12:00:00;1000.0;-15.765765;312.12;78.27923
2023-12-23 18:00:00;1000.0;-15.765765;312.12;60.265602
2023-12-24 00:00:00;1000.0;-15.765765;312.12;82.20241
2023-12-24 06:00:00;1000.0;-15.765765;312.12;87.21856
2023-12-24 12:00:00;1000.0;-15.765765;312.12;64.63714
2023-12-24 18:00:00;1000.0;-15.765765;312.12;42.81642
2023-12-25 00:00:00;1000.0;-15.765765;312.12;76.434586
2023-12-25 06:00:00;1000.0;-15.765765;312.12;82.84854
2023-12-25 12:00:00;1000.0;-15.765765;312.12;69.99027
2023-12-25 18:00:00;1000.0;-15.765765;312.12;65.570335
2023-12-26 00:00:00;1000.0;-15.765765;312.12;64.29732
2023-12-26 06:00:00;1000.0;-15.765765;312.12;72.105255
2023-12-26 12:00:00;1000.0;-15.765765;312.12;61.00455
2023-12-26 18:00:00;1000.0;-15.765765;312.12;29.898346
2023-12-27 00:00:00;1000.0;-15.765765;312.12;71.048416
2023-12-27 06:00:00;1000.0;-15.765765;312.12;84.91133
2023-12-27 12:00:00;1000.0;-15.765765;312.12;41.44048
2023-12-27 18:00:00;1000.0;-15.765765;312.12;22.33915
2023-12-28 00:00:00;1000.0;-15.765765;312.12;51.31143
2023-12-28 06:00:00;1000.0;-15.765765;312.12;61.686737
2023-12-28 12:00:00;1000.0;-15.765765;312.12;55.0786
2023-12-28 18:00:00;1000.0;-15.765765;312.12;33.029457
2023-12-29 00:00:00;1000.0;-15.765765;312.12;69.536995
2023-12-29 06:00:00;1000.0;-15.765765;312.12;72.09195
2023-12-29 12:00:00;1000.0;-15.765765;312.12;51.16219
2023-12-29 18:00:00;1000.0;-15.765765;312.12;48.9566
2023-12-30 00:00:00;1000.0;-15.765765;312.12;70.77789
2023-12-30 06:00:00;1000.0;-15.765765;312.12;75.16724
2023-12-30 12:00:00;1000.0;-15.765765;312.12;51.656307
2023-12-30 18:00:00;1000.0;-15.765765;312.12;42.135902
2023-12-31 00:00:00;1000.0;-15.765765;312.12;81.87837
2023-12-31 06:00:00;1000.0;-15.765765;312.12;85.25655
2023-12-31 12:00:00;1000.0;-15.765765;312.12;63.217617
2023-12-31 18:00:00;1000.0;-15.765765;312.12;49.41129
2024-01-01 00:00:00;1000.0;-15.765765;312.12;76.76648
2024-01-01 06:00:00;1000.0;-15.765765;312.12;84.41155
2024-01-01 12:00:00;1000.0;-15.765765;312.12;71.78993
2024-01-01 18:00:00;1000.0;-15.765765;312.12;71.234406
2024-01-02 00:00:00;1000.0;-15.765765;312.12;82.22189
2024-01-02 06:00:00;1000.0;-15.765765;312.12;87.66148
2024-01-02 12:00:00;1000.0;-15.765765;312.12;68.33422
2024-01-02 18:00:00;1000.0;-15.765765;312.12;68.97611
2024-01-03 00:00:00;1000.0;-15.765765;312.12;87.038765
2024-01-03 06:00:00;1000.0;-15.765765;312.12;87.995674
2024-01-03 12:00:00;1000.0;-15.765765;312.12;85.81008
2024-01-03 18:00:00;1000.0;-15.765765;312.12;69.4888
2024-01-04 00:00:00;1000.0;-15.765765;312.12;87.12725
2024-01-04 06:00:00;1000.0;-15.765765;312.12;88.727554
2024-01-04 12:00:00;1000.0;-15.765765;312.12;79.0238
2024-01-04 18:00:00;1000.0;-15.765765;312.12;75.94022
2024-01-05 00:00:00;1000.0;-15.765765;312.12;89.324646
2024-01-05 06:00:00;1000.0;-15.765765;312.12;88.89136
2024-01-05 12:00:00;1000.0;-15.765765;312.12;85.76452
2024-01-05 18:00:00;1000.0;-15.765765;312.12;75.717926
2024-01-06 00:00:00;1000.0;-15.765765;312.12;89.48136
2024-01-06 06:00:00;1000.0;-15.765765;312.12;88.13096
2024-01-06 12:00:00;1000.0;-15.765765;312.12;81.16571
2024-01-06 18:00:00;1000.0;-15.765765;312.12;42.209293
2024-01-07 00:00:00;1000.0;-15.765765;312.12;78.628845
2024-01-07 06:00:00;1000.0;-15.765765;312.12;82.844376
2024-01-07 12:00:00;1000.0;-15.765765;312.12;72.01882
2024-01-07 18:00:00;1000.0;-15.765765;312.12;49.559856
2024-01-08 00:00:00;1000.0;-15.765765;312.12;78.857704
2024-01-08 06:00:00;1000.0;-15.765765;312.12;83.955315
2024-01-08 12:00:00;1000.0;-15.765765;312.12;73.72312
2024-01-08 18:00:00;1000.0;-15.765765;312.12;57.220818
2024-01-09 00:00:00;1000.0;-15.765765;312.12;90.22246
2024-01-09 06:00:00;1000.0;-15.765765;312.12;90.10135
2024-01-09 12:00:00;1000.0;-15.765765;312.12;81.58392
2024-01-09 18:00:00;1000.0;-15.765765;312.12;74.57298
2024-01-10 00:00:00;1000.0;-15.765765;312.12;83.987724
2024-01-10 06:00:00;1000.0;-15.765765;312.12;88.752594
2024-01-10 12:00:00;1000.0;-15.765765;312.12;79.52414
2024-01-10 18:00:00;1000.0;-15.765765;312.12;69.54069
2024-01-11 00:00:00;1000.0;-15.765765;312.12;82.00716
2024-01-11 06:00:00;1000.0;-15.765765;312.12;90.19968
2024-01-11 12:00:00;1000.0;-15.765765;312.12;62.80615
2024-01-11 18:00:00;1000.0;-15.765765;312.12;61.02015
2024-01-12 00:00:00;1000.0;-15.765765;312.12;79.91972
2024-01-12 06:00:00;1000.0;-15.765765;312.12;78.66596
2024-01-12 12:00:00;1000.0;-15.765765;312.12;65.6672
2024-01-12 18:00:00;1000.0;-15.765765;312.12;37.871944
2024-01-13 00:00:00;1000.0;-15.765765;312.12;69.77116
2024-01-13 06:00:00;1000.0;-15.765765;312.12;73.291214
2024-01-13 12:00:00;1000.0;-15.765765;312.12;53.31347
2024-01-13 18:00:00;1000.0;-15.765765;312.12;29.02282
2024-01-14 00:00:00;1000.0;-15.765765;312.12;70.45355
2024-01-14 06:00:00;1000.0;-15.765765;312.12;75.37635
2024-01-14 12:00:00;1000.0;-15.765765;312.12;65.272545
2024-01-14 18:00:00;1000.0;-15.765765;312.12;70.06863
2024-01-15 00:00:00;1000.0;-15.765765;312.12;68.88755
2024-01-15 06:00:00;1000.0;-15.765765;312.12;79.22542
2024-01-15 12:00:00;1000.0;-15.765765;312.12;71.559044
2024-01-15 18:00:00;1000.0;-15.765765;312.12;52.875042
2024-01-16 00:00:00;1000.0;-15.765765;312.12;77.084724
2024-01-16 06:00:00;1000.0;-15.765765;312.12;78.26594
2024-01-16 12:00:00;1000.0;-15.765765;312.12;53.67264
2024-01-16 18:00:00;1000.0;-15.765765;312.12;24.350246
2024-01-17 00:00:00;1000.0;-15.765765;312.12;70.6003
2024-01-17 06:00:00;1000.0;-15.765765;312.12;78.15283
2024-01-17 12:00:00;1000.0;-15.765765;312.12;48.770325
2024-01-17 18:00:00;1000.0;-15.765765;312.12;19.845863
2024-01-18 00:00:00;1000.0;-15.765765;312.12;64.25735
2024-01-18 06:00:00;1000.0;-15.765765;312.12;65.24228
2024-01-18 12:00:00;1000.0;-15.765765;312.12;43.49532
2024-01-18 18:00:00;1000.0;-15.765765;312.12;22.7725
2024-01-19 00:00:00;1000.0;-15.765765;312.12;69.63525
2024-01-19 06:00:00;1000.0;-15.765765;312.12;78.34816
2024-01-19 12:00:00;1000.0;-15.765765;312.12;49.27266
2024-01-19 18:00:00;1000.0;-15.765765;312.12;21.185575
2024-01-20 00:00:00;1000.0;-15.765765;312.12;55.387337
2024-01-20 06:00:00;1000.0;-15.765765;312.12;69.10456
2024-01-20 12:00:00;1000.0;-15.765765;312.12;42.70242
2024-01-20 18:00:00;1000.0;-15.765765;312.12;20.61489
2024-01-21 00:00:00;1000.0;-15.765765;312.12;59.527863
2024-01-21 06:00:00;1000.0;-15.765765;312.12;69.81807
2024-01-21 12:00:00;1000.0;-15.765765;312.12;51.694782
2024-01-21 18:00:00;1000.0;-15.765765;312.12;25.970749
2024-01-22 00:00:00;1000.0;-15.765765;312.12;80.63258
2024-01-22 06:00:00;1000.0;-15.765765;312.12;85.45656
2024-01-22 12:00:00;1000.0;-15.765765;312.12;52.176456
2024-01-22 18:00:00;1000.0;-15.765765;312.12;33.697754
2024-01-23 00:00:00;1000.0;-15.765765;312.12;78.142586
2024-01-23 06:00:00;1000.0;-15.765765;312.12;84.872986
2024-01-23 12:00:00;1000.0;-15.765765;312.12;67.80872
2024-01-23 18:00:00;1000.0;-15.765765;312.12;71.32594
2024-01-24 00:00:00;1000.0;-15.765765;312.12;86.320206
2024-01-24 06:00:00;1000.0;-15.765765;312.12;84.495964
2024-01-24 12:00:00;1000.0;-15.765765;312.12;73.49169
2024-01-24 18:00:00;1000.0;-15.765765;312.12;67.60891
2024-01-25 00:00:00;1000.0;-15.765765;312.12;83.4838
2024-01-25 06:00:00;1000.0;-15.765765;312.12;87.28848
2024-01-25 12:00:00;1000.0;-15.765765;312.12;70.44066
2024-01-25 18:00:00;1000.0;-15.765765;312.12;50.448875
2024-01-26 00:00:00;1000.0;-15.765765;312.12;80.74388
2024-01-26 06:00:00;1000.0;-15.765765;312.12;86.60035
2024-01-26 12:00:00;1000.0;-15.765765;312.12;64.6133
2024-01-26 18:00:00;1000.0;-15.765765;312.12;67.51162
2024-01-27 00:00:00;1000.0;-15.765765;312.12;66.55058
2024-01-27 06:00:00;1000.0;-15.765765;312.12;75.81614
2024-01-27 12:00:00;1000.0;-15.765765;312.12;55.58731
2024-01-27 18:00:00;1000.0;-15.765765;312.12;40.89472
2024-01-28 00:00:00;1000.0;-15.765765;312.12;77.817406
2024-01-28 06:00:00;1000.0;-15.765765;312.12;88.88566
2024-01-28 12:00:00;1000.0;-15.765765;312.12;70.165184
2024-01-28 18:00:00;1000.0;-15.765765;312.12;38.373096
2024-01-29 00:00:00;1000.0;-15.765765;312.12;84.139046
2024-01-29 06:00:00;1000.0;-15.765765;312.12;89.832214
2024-01-29 12:00:00;1000.0;-15.765765;312.12;70.95961
2024-01-29 18:00:00;1000.0;-15.765765;312.12;31.187006
2024-01-30 00:00:00;1000.0;-15.765765;312.12;69.282875
2024-01-30 06:00:00;1000.0;-15.765765;312.12;79.67247
2024-01-30 12:00:00;1000.0;-15.765765;312.12;50.762653
2024-01-30 18:00:00;1000.0;-15.765765;312.12;22.130972
2024-01-31 00:00:00;1000.0;-15.765765;312.12;70.752754
2024-01-31 06:00:00;1000.0;-15.765765;312.12;78.17229
2024-01-31 12:00:00;1000.0;-15.765765;312.12;59.290756
2024-01-31 18:00:00;1000.0;-15.765765;312.12;39.593636
2024-02-01 00:00:00;1000.0;-15.765765;312.12;85.530334
2024-02-01 06:00:00;1000.0;-15.765765;312.12;88.669174
2024-02-01 12:00:00;1000.0;-15.765765;312.12;81.69085
2024-02-01 18:00:00;1000.0;-15.765765;312.12;65.30154
2024-02-02 00:00:00;1000.0;-15.765765;312.12;74.82255
2024-02-02 06:00:00;1000.0;-15.765765;312.12;89.9637
2024-02-02 12:00:00;1000.0;-15.765765;312.12;72.336784
2024-02-02 18:00:00;1000.0;-15.765765;312.12;65.596535
2024-02-03 00:00:00;1000.0;-15.765765;312.12;88.04328
2024-02-03 06:00:00;1000.0;-15.765765;312.12;87.06944
2024-02-03 12:00:00;1000.0;-15.765765;312.12;67.669914
2024-02-03 18:00:00;1000.0;-15.765765;312.12;59.288944
2024-02-04 00:00:00;1000.0;-15.765765;312.12;81.16797
2024-02-04 06:00:00;1000.0;-15.765765;312.12;81.464355
2024-02-04 12:00:00;1000.0;-15.765765;312.12;61.93701
2024-02-04 18:00:00;1000.0;-15.765765;312.12;23.799147
2024-02-05 00:00:00;1000.0;-15.765765;312.12;72.63435
2024-02-05 06:00:00;1000.0;-15.765765;312.12;71.77367
2024-02-05 12:00:00;1000.0;-15.765765;312.12;59.169304
2024-02-05 18:00:00;1000.0;-15.765765;312.12;27.583206
2024-02-06 00:00:00;1000.0;-15.765765;312.12;87.88185
2024-02-06 06:00:00;1000.0;-15.765765;312.12;89.36858
2024-02-06 12:00:00;1000.0;-15.765765;312.12;76.03627
2024-02-06 18:00:00;1000.0;-15.765765;312.12;80.49305
2024-02-07 00:00:00;1000.0;-15.765765;312.12;79.20003
2024-02-07 06:00:00;1000.0;-15.765765;312.12;83.17129
2024-02-07 12:00:00;1000.0;-15.765765;312.12;74.95157
2024-02-07 18:00:00;1000.0;-15.765765;312.12;52.735664
2024-02-08 00:00:00;1000.0;-15.765765;312.12;75.06412
2024-02-08 06:00:00;1000.0;-15.765765;312.12;81.8496
2024-02-08 12:00:00;1000.0;-15.765765;312.12;81.138985
2024-02-08 18:00:00;1000.0;-15.765765;312.12;61.151714
2024-02-09 00:00:00;1000.0;-15.765765;312.12;73.41807
2024-02-09 06:00:00;1000.0;-15.765765;312.12;78.18675
2024-02-09 12:00:00;1000.0;-15.765765;312.12;75.746376
2024-02-09 18:00:00;1000.0;-15.765765;312.12;73.78565
2024-02-10 00:00:00;1000.0;-15.765765;312.12;79.46916
2024-02-10 06:00:00;1000.0;-15.765765;312.12;85.69214
2024-02-10 12:00:00;1000.0;-15.765765;312.12;83.30292
2024-02-10 18:00:00;1000.0;-15.765765;312.12;78.64403
2024-02-11 00:00:00;1000.0;-15.765765;312.12;88.353935
2024-02-11 06:00:00;1000.0;-15.765765;312.12;88.419846
2024-02-11 12:00:00;1000.0;-15.765765;312.12;78.88688
2024-02-11 18:00:00;1000.0;-15.765765;312.12;75.16197
2024-02-12 00:00:00;1000.0;-15.765765;312.12;83.51466
2024-02-12 06:00:00;1000.0;-15.765765;312.12;89.466095
2024-02-12 12:00:00;1000.0;-15.765765;312.12;58.82094
2024-02-12 18:00:00;1000.0;-15.765765;312.12;50.45799
2024-02-13 00:00:00;1000.0;-15.765765;312.12;76.884964
2024-02-13 06:00:00;1000.0;-15.765765;312.12;84.997955
2024-02-13 12:00:00;1000.0;-15.765765;312.12;54.79424
2024-02-13 18:00:00;1000.0;-15.765765;312.12;26.169035
2024-02-14 00:00:00;1000.0;-15.765765;312.12;70.294876
2024-02-14 06:00:00;1000.0;-15.765765;312.12;76.05901
2024-02-14 12:00:00;1000.0;-15.765765;312.12;45.63677
2024-02-14 18:00:00;1000.0;-15.765765;312.12;21.722624
2024-02-15 00:00:00;1000.0;-15.765765;312.12;54.998802
2024-02-15 06:00:00;1000.0;-15.765765;312.12;61.019115
2024-02-15 12:00:00;1000.0;-15.765765;312.12;44.044235
2024-02-15 18:00:00;1000.0;-15.765765;312.12;21.063456
2024-02-16 00:00:00;1000.0;-15.765765;312.12;70.37837
2024-02-16 06:00:00;1000.0;-15.765765;312.12;82.0011
2024-02-16 12:00:00;1000.0;-15.765765;312.12;60.776012
2024-02-16 18:00:00;1000.0;-15.765765;312.12;41.10436
2024-02-17 00:00:00;1000.0;-15.765765;312.12;70.83925
2024-02-17 06:00:00;1000.0;-15.765765;312.12;75.736404
2024-02-17 12:00:00;1000.0;-15.765765;312.12;81.664314
2024-02-17 18:00:00;1000.0;-15.765765;312.12;67.28845
2024-02-18 00:00:00;1000.0;-15.765765;312.12;72.79631
2024-02-18 06:00:00;1000.0;-15.765765;312.12;84.28098
2024-02-18 12:00:00;1000.0;-15.765765;312.12;71.34379
2024-02-18 18:00:00;1000.0;-15.765765;312.12;63.9193
2024-02-19 00:00:00;1000.0;-15.765765;312.12;73.41648
2024-02-19 06:00:00;1000.0;-15.765765;312.12;86.145775
2024-02-19 12:00:00;1000.0;-15.765765;312.12;81.15195
2024-02-19 18:00:00;1000.0;-15.765765;312.12;71.08683
2024-02-20 00:00:00;1000.0;-15.765765;312.12;78.81934
2024-02-20 06:00:00;1000.0;-15.765765;312.12;84.02411
2024-02-20 12:00:00;1000.0;-15.765765;312.12;85.21332
2024-02-20 18:00:00;1000.0;-15.765765;312.12;79.813675
2024-02-21 00:00:00;1000.0;-15.765765;312.12;82.9557
2024-02-21 06:00:00;1000.0;-15.765765;312.12;85.52026
2024-02-21 12:00:00;1000.0;-15.765765;312.12;84.59228
2024-02-21 18:00:00;1000.0;-15.765765;312.12;61.865498
2024-02-22 00:00:00;1000.0;-15.765765;312.12;80.15776
2024-02-22 06:00:00;1000.0;-15.765765;312.12;84.551575
2024-02-22 12:00:00;1000.0;-15.765765;312.12;84.376236
2024-02-22 18:00:00;1000.0;-15.765765;312.12;72.19575
2024-02-23 00:00:00;1000.0;-15.765765;312.12;74.10615
2024-02-23 06:00:00;1000.0;-15.765765;312.12;86.354034
2024-02-23 12:00:00;1000.0;-15.765765;312.12;83.695564
2024-02-23 18:00:00;1000.0;-15.765765;312.12;78.44875
2024-02-24 00:00:00;1000.0;-15.765765;312.12;78.96313
2024-02-24 06:00:00;1000.0;-15.765765;312.12;85.37114
2024-02-24 12:00:00;1000.0;-15.765765;312.12;69.025055
2024-02-24 18:00:00;1000.0;-15.765765;312.12;43.597694
2024-02-25 00:00:00;1000.0;-15.765765;312.12;77.31676
2024-02-25 06:00:00;1000.0;-15.765765;312.12;85.99578
2024-02-25 12:00:00;1000.0;-15.765765;312.12;66.958954
2024-02-25 18:00:00;1000.0;-15.765765;312.12;46.438835
2024-02-26 00:00:00;1000.0;-15.765765;312.12;75.99404
2024-02-26 06:00:00;1000.0;-15.765765;312.12;87.04315
2024-02-26 12:00:00;1000.0;-15.765765;312.12;53.79329
2024-02-26 18:00:00;1000.0;-15.765765;312.12;21.84166
2024-02-27 00:00:00;1000.0;-15.765765;312.12;67.08299
2024-02-27 06:00:00;1000.0;-15.765765;312.12;77.87842
2024-02-27 12:00:00;1000.0;-15.765765;312.12;55.86788
2024-02-27 18:00:00;1000.0;-15.765765;312.12;24.847675
2024-02-28 00:00:00;1000.0;-15.765765;312.12;62.347706
2024-02-28 06:00:00;1000.0;-15.765765;312.12;64.753174
2024-02-28 12:00:00;1000.0;-15.765765;312.12;52.990574
2024-02-28 18:00:00;1000.0;-15.765765;312.12;26.188484
2024-02-29 00:00:00;1000.0;-15.765765;312.12;49.241306
2024-02-29 06:00:00;1000.0;-15.765765;312.12;53.38569
2024-02-29 12:00:00;1000.0;-15.765765;312.12;42.139587
2024-02-29 18:00:00;1000.0;-15.765765;312.12;25.192482
2024-03-01 00:00:00;1000.0;-15.765765;312.12;59.4652
2024-03-01 06:00:00;1000.0;-15.765765;312.12;78.598755
2024-03-01 12:00:00;1000.0;-15.765765;312.12;51.903473
2024-03-01 18:00:00;1000.0;-15.765765;312.12;28.40904
2024-03-02 00:00:00;1000.0;-15.765765;312.12;57.78842
2024-03-02 06:00:00;1000.0;-15.765765;312.12;70.28802
2024-03-02 12:00:00;1000.0;-15.765765;312.12;51.617527
2024-03-02 18:00:00;1000.0;-15.765765;312.12;49.033592
2024-03-03 00:00:00;1000.0;-15.765765;312.12;58.535027
2024-03-03 06:00:00;1000.0;-15.765765;312.12;66.0875
2024-03-03 12:00:00;1000.0;-15.765765;312.12;51.16961
2024-03-03 18:00:00;1000.0;-15.765765;312.12;53.946148
2024-03-04 00:00:00;1000.0;-15.765765;312.12;61.956234
2024-03-04 06:00:00;1000.0;-15.765765;312.12;84.60723
2024-03-04 12:00:00;1000.0;-15.765765;312.12;80.417946
2024-03-04 18:00:00;1000.0;-15.765765;312.12;67.23633
2024-03-05 00:00:00;1000.0;-15.765765;312.12;74.41135
2024-03-05 06:00:00;1000.0;-15.765765;312.12;86.29759
2024-03-05 12:00:00;1000.0;-15.765765;312.12;77.167885
2024-03-05 18:00:00;1000.0;-15.765765;312.12;35.79428
2024-03-06 00:00:00;1000.0;-15.765765;312.12;73.5836
2024-03-06 06:00:00;1000.0;-15.765765;312.12;77.84001
2024-03-06 12:00:00;1000.0;-15.765765;312.12;65.97811
2024-03-06 18:00:00;1000.0;-15.765765;312.12;56.60727
2024-03-07 00:00:00;1000.0;-15.765765;312.12;70.56883
2024-03-07 06:00:00;1000.0;-15.765765;312.12;77.38082
2024-03-07 12:00:00;1000.0;-15.765765;312.12;62.35996
2024-03-07 18:00:00;1000.0;-15.765765;312.12;62.616188
2024-03-08 00:00:00;1000.0;-15.765765;312.12;67.22447
2024-03-08 06:00:00;1000.0;-15.765765;312.12;74.65244
2024-03-08 12:00:00;1000.0;-15.765765;312.12;50.90477
2024-03-08 18:00:00;1000.0;-15.765765;312.12;28.793568
2024-03-09 00:00:00;1000.0;-15.765765;312.12;61.490376
2024-03-09 06:00:00;1000.0;-15.765765;312.12;70.83679
2024-03-09 12:00:00;1000.0;-15.765765;312.12;62.44458
2024-03-09 18:00:00;1000.0;-15.765765;312.12;28.285282
2024-03-10 00:00:00;1000.0;-15.765765;312.12;64.151985
2024-03-10 06:00:00;1000.0;-15.765765;312.12;77.44498
2024-03-10 12:00:00;1000.0;-15.765765;312.12;69.05382
2024-03-10 18:00:00;1000.0;-15.765765;312.12;51.99034
2024-03-11 00:00:00;1000.0;-15.765765;312.12;73.66969
2024-03-11 06:00:00;1000.0;-15.765765;312.12;76.990295
2024-03-11 12:00:00;1000.0;-15.765765;312.12;64.913605
2024-03-11 18:00:00;1000.0;-15.765765;312.12;51.44064
2024-03-12 00:00:00;1000.0;-15.765765;312.12;68.75823
2024-03-12 06:00:00;1000.0;-15.765765;312.12;75.46011
2024-03-12 12:00:00;1000.0;-15.765765;312.12;59.533733
2024-03-12 18:00:00;1000.0;-15.765765;312.12;34.12801
2024-03-13 00:00:00;1000.0;-15.765765;312.12;64.47172
2024-03-13 06:00:00;1000.0;-15.765765;312.12;67.30388
2024-03-13 12:00:00;1000.0;-15.765765;312.12;76.50284
2024-03-13 18:00:00;1000.0;-15.765765;312.12;66.665855
2024-03-14 00:00:00;1000.0;-15.765765;312.12;69.394966
2024-03-14 06:00:00;1000.0;-15.765765;312.12;74.544495
2024-03-14 12:00:00;1000.0;-15.765765;312.12;63.294212
2024-03-14 18:00:00;1000.0;-15.765765;312.12;58.52997
2024-03-15 00:00:00;1000.0;-15.765765;312.12;74.58552
2024-03-15 06:00:00;1000.0;-15.765765;312.12;76.99472
2024-03-15 12:00:00;1000.0;-15.765765;312.12;60.1534
2024-03-15 18:00:00;1000.0;-15.765765;312.12;29.983723
2024-03-16 00:00:00;1000.0;-15.765765;312.12;64.160416
2024-03-16 06:00:00;1000.0;-15.765765;312.12;71.5121
2024-03-16 12:00:00;1000.0;-15.765765;312.12;62.977974
2024-03-16 18:00:00;1000.0;-15.765765;312.12;50.14059
2024-03-17 00:00:00;1000.0;-15.765765;312.12;65.290474
2024-03-17 06:00:00;1000.0;-15.765765;312.12;71.67139
2024-03-17 12:00:00;1000.0;-15.765765;312.12;56.826763
2024-03-17 18:00:00;1000.0;-15.765765;312.12;30.737513
2024-03-18 00:00:00;1000.0;-15.765765;312.12;65.02716
2024-03-18 06:00:00;1000.0;-15.765765;312.12;72.067665
2024-03-18 12:00:00;1000.0;-15.765765;312.12;52.71464
2024-03-18 18:00:00;1000.0;-15.765765;312.12;27.505695
2024-03-19 00:00:00;1000.0;-15.765765;312.12;60.733677
2024-03-19 06:00:00;1000.0;-15.765765;312.12;67.1886
2024-03-19 12:00:00;1000.0;-15.765765;312.12;54.700382
2024-03-19 18:00:00;1000.0;-15.765765;312.12;27.087614
2024-03-20 00:00:00;1000.0;-15.765765;312.12;55.40923
2024-03-20 06:00:00;1000.0;-15.765765;312.12;67.58474
2024-03-20 12:00:00;1000.0;-15.765765;312.12;55.985676
2024-03-20 18:00:00;1000.0;-15.765765;312.12;53.668446
2024-03-21 00:00:00;1000.0;-15.765765;312.12;62.925297
2024-03-21 06:00:00;1000.0;-15.765765;312.12;77.92227
2024-03-21 12:00:00;1000.0;-15.765765;312.12;61.723347
2024-03-21 18:00:00;1000.0;-15.765765;312.12;52.72239
2024-03-22 00:00:00;1000.0;-15.765765;312.12;70.123764
2024-03-22 06:00:00;1000.0;-15.765765;312.12;81.435486
2024-03-22 12:00:00;1000.0;-15.765765;312.12;63.08829
2024-03-22 18:00:00;1000.0;-15.765765;312.12;31.070179
2024-03-23 00:00:00;1000.0;-15.765765;312.12;66.71936
2024-03-23 06:00:00;1000.0;-15.765765;312.12;84.10624
2024-03-23 12:00:00;1000.0;-15.765765;312.12;76.08852
2024-03-23 18:00:00;1000.0;-15.765765;312.12;68.42233
2024-03-24 00:00:00;1000.0;-15.765765;312.12;75.15508
2024-03-24 06:00:00;1000.0;-15.765765;312.12;86.83221
2024-03-24 12:00:00;1000.0;-15.765765;312.12;81.62443
2024-03-24 18:00:00;1000.0;-15.765765;312.12;61.462723
2024-03-25 00:00:00;1000.0;-15.765765;312.12;73.834435
2024-03-25 06:00:00;1000.0;-15.765765;312.12;82.26771
2024-03-25 12:00:00;1000.0;-15.765765;312.12;69.92518
2024-03-25 18:00:00;1000.0;-15.765765;312.12;39.46862
2024-03-26 00:00:00;1000.0;-15.765765;312.12;66.18643
2024-03-26 06:00:00;1000.0;-15.765765;312.12;85.68524
2024-03-26 12:00:00;1000.0;-15.765765;312.12;81.039154
2024-03-26 18:00:00;1000.0;-15.765765;312.12;60.50979
2024-03-27 00:00:00;1000.0;-15.765765;312.12;66.703514
2024-03-27 06:00:00;1000.0;-15.765765;312.12;84.13025
2024-03-27 12:00:00;1000.0;-15.765765;312.12;79.79606
2024-03-27 18:00:00;1000.0;-15.765765;312.12;28.5128
2024-03-28 00:00:00;1000.0;-15.765765;312.12;66.911354
2024-03-28 06:00:00;1000.0;-15.765765;312.12;84.62489
2024-03-28 12:00:00;1000.0;-15.765765;312.12;74.056435
2024-03-28 18:00:00;1000.0;-15.765765;312.12;44.63826
2024-03-29 00:00:00;1000.0;-15.765765;312.12;81.09734
2024-03-29 06:00:00;1000.0;-15.765765;312.12;85.71656
2024-03-29 12:00:00;1000.0;-15.765765;312.12;79.42112
2024-03-29 18:00:00;1000.0;-15.765765;312.12;39.604733
2024-03-30 00:00:00;1000.0;-15.765765;312.12;70.157974
2024-03-30 06:00:00;1000.0;-15.765765;312.12;75.404045
2024-03-30 12:00:00;1000.0;-15.765765;312.12;61.385773
2024-03-30 18:00:00;1000.0;-15.765765;312.12;39.24291
2024-03-31 00:00:00;1000.0;-15.765765;312.12;66.656715
2024-03-31 06:00:00;1000.0;-15.765765;312.12;74.64177
2024-03-31 12:00:00;1000.0;-15.765765;312.12;57.898098
2024-03-31 18:00:00;1000.0;-15.765765;312.12;44.514225
2024-04-01 00:00:00;1000.0;-15.765765;312.12;69.74272
2024-04-01 06:00:00;1000.0;-15.765765;312.12;76.06537
2024-04-01 12:00:00;1000.0;-15.765765;312.12;62.286896
2024-04-01 18:00:00;1000.0;-15.765765;312.12;38.897915
2024-04-02 00:00:00;1000.0;-15.765765;312.12;66.31131
2024-04-02 06:00:00;1000.0;-15.765765;312.12;72.41704
2024-04-02 12:00:00;1000.0;-15.765765;312.12;76.59153
2024-04-02 18:00:00;1000.0;-15.765765;312.12;67.91574
2024-04-03 00:00:00;1000.0;-15.765765;312.12;69.093666
2024-04-03 06:00:00;1000.0;-15.765765;312.12;73.29998
2024-04-03 12:00:00;1000.0;-15.765765;312.12;71.89076
2024-04-03 18:00:00;1000.0;-15.765765;312.12;55.827858
2024-04-04 00:00:00;1000.0;-15.765765;312.12;76.123375
2024-04-04 06:00:00;1000.0;-15.765765;312.12;76.66524
2024-04-04 12:00:00;1000.0;-15.765765;312.12;73.72691
2024-04-04 18:00:00;1000.0;-15.765765;312.12;59.216965
2024-04-05 00:00:00;1000.0;-15.765765;312.12;82.70843
2024-04-05 06:00:00;1000.0;-15.765765;312.12;83.736015
2024-04-05 12:00:00;1000.0;-15.765765;312.12;65.87438
2024-04-05 18:00:00;1000.0;-15.765765;312.12;37.13113
2024-04-06 00:00:00;1000.0;-15.765765;312.12;68.477234
2024-04-06 06:00:00;1000.0;-15.765765;312.12;79.03315
2024-04-06 12:00:00;1000.0;-15.765765;312.12;67.08395
2024-04-06 18:00:00;1000.0;-15.765765;312.12;61.34053
2024-04-07 00:00:00;1000.0;-15.765765;312.12;79.58013
2024-04-07 06:00:00;1000.0;-15.765765;312.12;81.78655
2024-04-07 12:00:00;1000.0;-15.765765;312.12;74.0204
2024-04-07 18:00:00;1000.0;-15.765765;312.12;39.841106
2024-04-08 00:00:00;1000.0;-15.765765;312.12;78.45178
2024-04-08 06:00:00;1000.0;-15.765765;312.12;82.00737
2024-04-08 12:00:00;1000.0;-15.765765;312.12;57.16474
2024-04-08 18:00:00;1000.0;-15.765765;312.12;33.3346
2024-04-09 00:00:00;1000.0;-15.765765;312.12;67.92495
2024-04-09 06:00:00;1000.0;-15.765765;312.12;73.485794
2024-04-09 12:00:00;1000.0;-15.765765;312.12;61.75355
2024-04-09 18:00:00;1000.0;-15.765765;312.12;31.176952
2024-04-10 00:00:00;1000.0;-15.765765;312.12;59.42114
2024-04-10 06:00:00;1000.0;-15.765765;312.12;62.588726
2024-04-10 12:00:00;1000.0;-15.765765;312.12;68.781456
2024-04-10 18:00:00;1000.0;-15.765765;312.12;47.94201
2024-04-11 00:00:00;1000.0;-15.765765;312.12;65.32592
2024-04-11 06:00:00;1000.0;-15.765765;312.12;69.18461
2024-04-11 12:00:00;1000.0;-15.765765;312.12;65.923485
2024-04-11 18:00:00;1000.0;-15.765765;312.12;51.11639
2024-04-12 00:00:00;1000.0;-15.765765;312.12;73.82555
2024-04-12 06:00:00;1000.0;-15.765765;312.12;75.027756
2024-04-12 12:00:00;1000.0;-15.765765;312.12;72.318825
2024-04-12 18:00:00;1000.0;-15.765765;312.12;67.4778
2024-04-13 00:00:00;1000.0;-15.765765;312.12;76.58716
2024-04-13 06:00:00;1000.0;-15.765765;312.12;83.36161
2024-04-13 12:00:00;1000.0;-15.765765;312.12;67.7571
2024-04-13 18:00:00;1000.0;-15.765765;312.12;36.61754
2024-04-14 00:00:00;1000.0;-15.765765;312.12;73.138794
2024-04-14 06:00:00;1000.0;-15.765765;312.12;74.43366
2024-04-14 12:00:00;1000.0;-15.765765;312.12;73.159004
2024-04-14 18:00:00;1000.0;-15.765765;312.12;35.370125
2024-04-15 00:00:00;1000.0;-15.765765;312.12;72.26597
2024-04-15 06:00:00;1000.0;-15.765765;312.12;81.058205
2024-04-15 12:00:00;1000.0;-15.765765;312.12;65.19463
2024-04-15 18:00:00;1000.0;-15.765765;312.12;35.119686
2024-04-16 00:00:00;1000.0;-15.765765;312.12;72.529396
2024-04-16 06:00:00;1000.0;-15.765765;312.12;79.4538
2024-04-16 12:00:00;1000.0;-15.765765;312.12;70.61488
2024-04-16 18:00:00;1000.0;-15.765765;312.12;38.446243
2024-04-17 00:00:00;1000.0;-15.765765;312.12;71.76998
2024-04-17 06:00:00;1000.0;-15.765765;312.12;87.21657
2024-04-17 12:00:00;1000.0;-15.765765;312.12;63.27793
2024-04-17 18:00:00;1000.0;-15.765765;312.12;35.69051
2024-04-18 00:00:00;1000.0;-15.765765;312.12;71.17147
2024-04-18 06:00:00;1000.0;-15.765765;312.12;78.044556
2024-04-18 12:00:00;1000.0;-15.765765;312.12;54.953026
2024-04-18 18:00:00;1000.0;-15.765765;312.12;32.080276
2024-04-19 00:00:00;1000.0;-15.765765;312.12;58.866013
2024-04-19 06:00:00;1000.0;-15.765765;312.12;66.15359
2024-04-19 12:00:00;1000.0;-15.765765;312.12;57.382645
2024-04-19 18:00:00;1000.0;-15.765765;312.12;30.752745
2024-04-20 00:00:00;1000.0;-15.765765;312.12;62.167652
2024-04-20 06:00:00;1000.0;-15.765765;312.12;82.92829
2024-04-20 12:00:00;1000.0;-15.765765;312.12;77.471306
2024-04-20 18:00:00;1000.0;-15.765765;312.12;38.345524
2024-04-21 00:00:00;1000.0;-15.765765;312.12;67.74446
2024-04-21 06:00:00;1000.0;-15.765765;312.12;79.61332
2024-04-21 12:00:00;1000.0;-15.765765;312.12;75.76993
2024-04-21 18:00:00;1000.0;-15.765765;312.12;35.255615
2024-04-22 00:00:00;1000.0;-15.765765;312.12;67.62424
2024-04-22 06:00:00;1000.0;-15.765765;312.12;85.322365
2024-04-22 12:00:00;1000.0;-15.765765;312.12;69.61339
2024-04-22 18:00:00;1000.0;-15.765765;312.12;38.26722
2024-04-23 00:00:00;1000.0;-15.765765;312.12;64.96368
2024-04-23 06:00:00;1000.0;-15.765765;312.12;66.92095
2024-04-23 12:00:00;1000.0;-15.765765;312.12;63.457386
2024-04-23 18:00:00;1000.0;-15.765765;312.12;32.159985
2024-04-24 00:00:00;1000.0;-15.765765;312.12;60.33053
2024-04-24 06:00:00;1000.0;-15.765765;312.12;66.21874
2024-04-24 12:00:00;1000.0;-15.765765;312.12;52.317886
2024-04-24 18:00:00;1000.0;-15.765765;312.12;31.808414
2024-04-25 00:00:00;1000.0;-15.765765;312.12;51.257603
2024-04-25 06:00:00;1000.0;-15.765765;312.12;60.660507
2024-04-25 12:00:00;1000.0;-15.765765;312.12;56.156414
2024-04-25 18:00:00;1000.0;-15.765765;312.12;33.358303
2024-04-26 00:00:00;1000.0;-15.765765;312.12;57.38244
2024-04-26 06:00:00;1000.0;-15.765765;312.12;58.177155
2024-04-26 12:00:00;1000.0;-15.765765;312.12;55.525528
2024-04-26 18:00:00;1000.0;-15.765765;312.12;40.343597
2024-04-27 00:00:00;1000.0;-15.765765;312.12;60.82788
2024-04-27 06:00:00;1000.0;-15.765765;312.12;76.02802
2024-04-27 12:00:00;1000.0;-15.765765;312.12;65.09283
2024-04-27 18:00:00;1000.0;-15.765765;312.12;40.409077
2024-04-28 00:00:00;1000.0;-15.765765;312.12;59.049034
2024-04-28 06:00:00;1000.0;-15.765765;312.12;65.14518
2024-04-28 12:00:00;1000.0;-15.765765;312.12;63.406002
2024-04-28 18:00:00;1000.0;-15.765765;312.12;44.17852
2024-04-29 00:00:00;1000.0;-15.765765;312.12;61.271072
2024-04-29 06:00:00;1000.0;-15.765765;312.12;71.522125
2024-04-29 12:00:00;1000.0;-15.765765;312.12;58.894962
2024-04-29 18:00:00;1000.0;-15.765765;312.12;41.586502
2024-04-30 00:00:00;1000.0;-15.765765;312.12;59.14033
2024-04-30 06:00:00;1000.0;-15.765765;312.12;68.12606
2024-04-30 12:00:00;1000.0;-15.765765;312.12;59.832375
2024-04-30 18:00:00;1000.0;-15.765765;312.12;46.050243
2024-05-01 00:00:00;1000.0;-15.765765;312.12;45.953743
2024-05-01 06:00:00;1000.0;-15.765765;312.12;59.485752
2024-05-01 12:00:00;1000.0;-15.765765;312.12;58.79452
2024-05-01 18:00:00;1000.0;-15.765765;312.12;41.624012
2024-05-02 00:00:00;1000.0;-15.765765;312.12;51.239143
2024-05-02 06:00:00;1000.0;-15.765765;312.12;64.98499
2024-05-02 12:00:00;1000.0;-15.765765;312.12;59.469826
2024-05-02 18:00:00;1000.0;-15.765765;312.12;41.85201
2024-05-03 00:00:00;1000.0;-15.765765;312.12;48.38599
2024-05-03 06:00:00;1000.0;-15.765765;312.12;57.478077
2024-05-03 12:00:00;1000.0;-15.765765;312.12;63.199055
2024-05-03 18:00:00;1000.0;-15.765765;312.12;42.011246
2024-05-04 00:00:00;1000.0;-15.765765;312.12;54.63282
2024-05-04 06:00:00;1000.0;-15.765765;312.12;60.73992
2024-05-04 12:00:00;1000.0;-15.765765;312.12;56.10676
2024-05-04 18:00:00;1000.0;-15.765765;312.12;43.130676
2024-05-05 00:00:00;1000.0;-15.765765;312.12;50.177277
2024-05-05 06:00:00;1000.0;-15.765765;312.12;77.2927
2024-05-05 12:00:00;1000.0;-15.765765;312.12;69.81011
2024-05-05 18:00:00;1000.0;-15.765765;312.12;53.02677
2024-05-06 00:00:00;1000.0;-15.765765;312.12;56.930847
2024-05-06 06:00:00;1000.0;-15.765765;312.12;85.23885
2024-05-06 12:00:00;1000.0;-15.765765;312.12;71.75073
2024-05-06 18:00:00;1000.0;-15.765765;312.12;54.88299
2024-05-07 00:00:00;1000.0;-15.765765;312.12;53.907257
2024-05-07 06:00:00;1000.0;-15.765765;312.12;79.04974
2024-05-07 12:00:00;1000.0;-15.765765;312.12;74.51629
2024-05-07 18:00:00;1000.0;-15.765765;312.12;52.21547
2024-05-08 00:00:00;1000.0;-15.765765;312.12;52.784615
2024-05-08 06:00:00;1000.0;-15.765765;312.12;66.597176
2024-05-08 12:00:00;1000.0;-15.765765;312.12;66.6426
2024-05-08 18:00:00;1000.0;-15.765765;312.12;51.141716
2024-05-09 00:00:00;1000.0;-15.765765;312.12;53.62212
2024-05-09 06:00:00;1000.0;-15.765765;312.12;64.220604
2024-05-09 12:00:00;1000.0;-15.765765;312.12;59.069336
2024-05-09 18:00:00;1000.0;-15.765765;312.12;47.283237
2024-05-10 00:00:00;1000.0;-15.765765;312.12;51.19608
2024-05-10 06:00:00;1000.0;-15.765765;312.12;60.93725
2024-05-10 12:00:00;1000.0;-15.765765;312.12;58.933525
2024-05-10 18:00:00;1000.0;-15.765765;312.12;48.550587
2024-05-11 00:00:00;1000.0;-15.765765;312.12;45.574913
2024-05-11 06:00:00;1000.0;-15.765765;312.12;59.279217
2024-05-11 12:00:00;1000.0;-15.765765;312.12;66.808334
2024-05-11 18:00:00;1000.0;-15.765765;312.12;42.733936
2024-05-12 00:00:00;1000.0;-15.765765;312.12;41.758
2024-05-12 06:00:00;1000.0;-15.765765;312.12;47.54407
2024-05-12 12:00:00;1000.0;-15.765765;312.12;53.896576
2024-05-12 18:00:00;1000.0;-15.765765;312.12;40.9589
2024-05-13 00:00:00;1000.0;-15.765765;312.12;45.092995
2024-05-13 06:00:00;1000.0;-15.765765;312.12;47.819775
2024-05-13 12:00:00;1000.0;-15.765765;312.12;60.652466
2024-05-13 18:00:00;1000.0;-15.765765;312.12;53.05193
2024-05-14 00:00:00;1000.0;-15.765765;312.12;49.254192
2024-05-14 06:00:00;1000.0;-15.765765;312.12;51.429348
2024-05-14 12:00:00;1000.0;-15.765765;312.12;51.238937
2024-05-14 18:00:00;1000.0;-15.765765;312.12;37.634
2024-05-15 00:00:00;1000.0;-15.765765;312.12;47.24201
2024-05-15 06:00:00;1000.0;-15.765765;312.12;59.436935
2024-05-15 12:00:00;1000.0;-15.765765;312.12;46.780674
2024-05-15 18:00:00;1000.0;-15.765765;312.12;36.707756
2024-05-16 00:00:00;1000.0;-15.765765;312.12;42.349476
2024-05-16 06:00:00;1000.0;-15.765765;312.12;46.79177
2024-05-16 12:00:00;1000.0;-15.765765;312.12;48.368008
2024-05-16 18:00:00;1000.0;-15.765765;312.12;42.29114
2024-05-17 00:00:00;1000.0;-15.765765;312.12;41.92225
2024-05-17 06:00:00;1000.0;-15.765765;312.12;48.354824
2024-05-17 12:00:00;1000.0;-15.765765;312.12;53.52822
2024-05-17 18:00:00;1000.0;-15.765765;312.12;49.203568
2024-05-18 00:00:00;1000.0;-15.765765;312.12;52.605957
2024-05-18 06:00:00;1000.0;-15.765765;312.12;60.087948
2024-05-18 12:00:00;1000.0;-15.765765;312.12;55.67769
2024-05-18 18:00:00;1000.0;-15.765765;312.12;41.248116
2024-05-19 00:00:00;1000.0;-15.765765;312.12;48.01573
2024-05-19 06:00:00;1000.0;-15.765765;312.12;61.800636
2024-05-19 12:00:00;1000.0;-15.765765;312.12;59.04471
2024-05-19 18:00:00;1000.0;-15.765765;312.12;42.51839
2024-05-20 00:00:00;1000.0;-15.765765;312.12;50.607197
2024-05-20 06:00:00;1000.0;-15.765765;312.12;59.78119
2024-05-20 12:00:00;1000.0;-15.765765;312.12;65.99523
2024-05-20 18:00:00;1000.0;-15.765765;312.12;51.44732
2024-05-21 00:00:00;1000.0;-15.765765;312.12;54.799236
2024-05-21 06:00:00;1000.0;-15.765765;312.12;65.40923
2024-05-21 12:00:00;1000.0;-15.765765;312.12;59.918774
2024-05-21 18:00:00;1000.0;-15.765765;312.12;47.039165
2024-05-22 00:00:00;1000.0;-15.765765;312.12;50.775284
2024-05-22 06:00:00;1000.0;-15.765765;312.12;74.31855
2024-05-22 12:00:00;1000.0;-15.765765;312.12;62.684803
2024-05-22 18:00:00;1000.0;-15.765765;312.12;50.750153
2024-05-23 00:00:00;1000.0;-15.765765;312.12;50.98361
2024-05-23 06:00:00;1000.0;-15.765765;312.12;66.263084
2024-05-23 12:00:00;1000.0;-15.765765;312.12;71.15501
2024-05-23 18:00:00;1000.0;-15.765765;312.12;51.153954
2024-05-24 00:00:00;1000.0;-15.765765;312.12;51.6482
2024-05-24 06:00:00;1000.0;-15.765765;312.12;64.4921
2024-05-24 12:00:00;1000.0;-15.765765;312.12;58.972652
2024-05-24 18:00:00;1000.0;-15.765765;312.12;46.11271
2024-05-25 00:00:00;1000.0;-15.765765;312.12;45.038097
2024-05-25 06:00:00;1000.0;-15.765765;312.12;54.00768
2024-05-25 12:00:00;1000.0;-15.765765;312.12;61.767788
2024-05-25 18:00:00;1000.0;-15.765765;312.12;42.54979
2024-05-26 00:00:00;1000.0;-15.765765;312.12;50.368904
2024-05-26 06:00:00;1000.0;-15.765765;312.12;59.915085
2024-05-26 12:00:00;1000.0;-15.765765;312.12;56.70306
2024-05-26 18:00:00;1000.0;-15.765765;312.12;41.969563
2024-05-27 00:00:00;1000.0;-15.765765;312.12;37.318577
2024-05-27 06:00:00;1000.0;-15.765765;312.12;50.92113
2024-05-27 12:00:00;1000.0;-15.765765;312.12;52.9758
2024-05-27 18:00:00;1000.0;-15.765765;312.12;49.918686
2024-05-28 00:00:00;1000.0;-15.765765;312.12;47.140556
2024-05-28 06:00:00;1000.0;-15.765765;312.12;58.871674
2024-05-28 12:00:00;1000.0;-15.765765;312.12;60.575497
2024-05-28 18:00:00;1000.0;-15.765765;312.12;47.049038
2024-05-29 00:00:00;1000.0;-15.765765;312.12;45.874237
2024-05-29 06:00:00;1000.0;-15.765765;312.12;82.775246
2024-05-29 12:00:00;1000.0;-15.765765;312.12;82.85984
2024-05-29 18:00:00;1000.0;-15.765765;312.12;52.79203
2024-05-30 00:00:00;1000.0;-15.765765;312.12;46.612804
2024-05-30 06:00:00;1000.0;-15.765765;312.12;75.21961
2024-05-30 12:00:00;1000.0;-15.765765;312.12;58.557594
2024-05-30 18:00:00;1000.0;-15.765765;312.12;44.988003
2024-05-31 00:00:00;1000.0;-15.765765;312.12;43.86315
2024-05-31 06:00:00;1000.0;-15.765765;312.12;67.24664
2024-05-31 12:00:00;1000.0;-15.765765;312.12;57.958054
2024-05-31 18:00:00;1000.0;-15.765765;312.12;52.740906
2024-06-01 00:00:00;1000.0;-15.765765;312.12;49.185413
2024-06-01 06:00:00;1000.0;-15.765765;312.12;92.22641
2024-06-01 12:00:00;1000.0;-15.765765;312.12;77.65824
2024-06-01 18:00:00;1000.0;-15.765765;312.12;51.597477
2024-06-02 00:00:00;1000.0;-15.765765;312.12;47.845768
2024-06-02 06:00:00;1000.0;-15.765765;312.12;68.75653
2024-06-02 12:00:00;1000.0;-15.765765;312.12;81.20292
2024-06-02 18:00:00;1000.0;-15.765765;312.12;52.808075
2024-06-03 00:00:00;1000.0;-15.765765;312.12;58.70207
2024-06-03 06:00:00;1000.0;-15.765765;312.12;92.839005
2024-06-03 12:00:00;1000.0;-15.765765;312.12;74.19993
2024-06-03 18:00:00;1000.0;-15.765765;312.12;55.00843
2024-06-04 00:00:00;1000.0;-15.765765;312.12;42.952354
2024-06-04 06:00:00;1000.0;-15.765765;312.12;73.79874
2024-06-04 12:00:00;1000.0;-15.765765;312.12;73.37604
2024-06-04 18:00:00;1000.0;-15.765765;312.12;52.254932
2024-06-05 00:00:00;1000.0;-15.765765;312.12;50.689976
2024-06-05 06:00:00;1000.0;-15.765765;312.12;73.026146
2024-06-05 12:00:00;1000.0;-15.765765;312.12;70.27625
2024-06-05 18:00:00;1000.0;-15.765765;312.12;50.388657
2024-06-06 00:00:00;1000.0;-15.765765;312.12;47.9597
2024-06-06 06:00:00;1000.0;-15.765765;312.12;79.276985
2024-06-06 12:00:00;1000.0;-15.765765;312.12;72.52969
2024-06-06 18:00:00;1000.0;-15.765765;312.12;50.36884
2024-06-07 00:00:00;1000.0;-15.765765;312.12;53.741764
2024-06-07 06:00:00;1000.0;-15.765765;312.12;89.80545
2024-06-07 12:00:00;1000.0;-15.765765;312.12;73.20607
2024-06-07 18:00:00;1000.0;-15.765765;312.12;52.436493
2024-06-08 00:00:00;1000.0;-15.765765;312.12;48.219303
2024-06-08 06:00:00;1000.0;-15.765765;312.12;78.34494
2024-06-08 12:00:00;1000.0;-15.765765;312.12;67.94349
2024-06-08 18:00:00;1000.0;-15.765765;312.12;51.581635
2024-06-09 00:00:00;1000.0;-15.765765;312.12;53.062225
2024-06-09 06:00:00;1000.0;-15.765765;312.12;74.22171
2024-06-09 12:00:00;1000.0;-15.765765;312.12;68.93505
2024-06-09 18:00:00;1000.0;-15.765765;312.12;53.931385
2024-06-10 00:00:00;1000.0;-15.765765;312.12;48.871246
2024-06-10 06:00:00;1000.0;-15.765765;312.12;63.23829
2024-06-10 12:00:00;1000.0;-15.765765;312.12;71.05251
2024-06-10 18:00:00;1000.0;-15.765765;312.12;50.451588
2024-06-11 00:00:00;1000.0;-15.765765;312.12;48.82515
2024-06-11 06:00:00;1000.0;-15.765765;312.12;76.77936
2024-06-11 12:00:00;1000.0;-15.765765;312.12;67.03761
2024-06-11 18:00:00;1000.0;-15.765765;312.12;52.921932
2024-06-12 00:00:00;1000.0;-15.765765;312.12;53.44485
2024-06-12 06:00:00;1000.0;-15.765765;312.12;76.08012
2024-06-12 12:00:00;1000.0;-15.765765;312.12;59.103924
2024-06-12 18:00:00;1000.0;-15.765765;312.12;43.04254
2024-06-13 00:00:00;1000.0;-15.765765;312.12;44.03405
2024-06-13 06:00:00;1000.0;-15.765765;312.12;67.50381
2024-06-13 12:00:00;1000.0;-15.765765;312.12;59.6836
2024-06-13 18:00:00;1000.0;-15.765765;312.12;56.586655
2024-06-14 00:00:00;1000.0;-15.765765;312.12;48.044376
2024-06-14 06:00:00;1000.0;-15.765765;312.12;83.97196
2024-06-14 12:00:00;1000.0;-15.765765;312.12;65.16378
2024-06-14 18:00:00;1000.0;-15.765765;312.12;54.100716
2024-06-15 00:00:00;1000.0;-15.765765;312.12;45.75524
2024-06-15 06:00:00;1000.0;-15.765765;312.12;70.8514
2024-06-15 12:00:00;1000.0;-15.765765;312.12;69.527855
2024-06-15 18:00:00;1000.0;-15.765765;312.12;55.3729
2024-06-16 00:00:00;1000.0;-15.765765;312.12;55.029476
2024-06-16 06:00:00;1000.0;-15.765765;312.12;69.10493
2024-06-16 12:00:00;1000.0;-15.765765;312.12;60.66436
2024-06-16 18:00:00;1000.0;-15.765765;312.12;53.085865
2024-06-17 00:00:00;1000.0;-15.765765;312.12;38.724655
2024-06-17 06:00:00;1000.0;-15.765765;312.12;49.440613
2024-06-17 12:00:00;1000.0;-15.765765;312.12;52.78266
2024-06-17 18:00:00;1000.0;-15.765765;312.12;47.329704
2024-06-18 00:00:00;1000.0;-15.765765;312.12;38.08328
2024-06-18 06:00:00;1000.0;-15.765765;312.12;60.522938
2024-06-18 12:00:00;1000.0;-15.765765;312.12;59.705734
2024-06-18 18:00:00;1000.0;-15.765765;312.12;48.129612
2024-06-19 00:00:00;1000.0;-15.765765;312.12;39.60614
2024-06-19 06:00:00;1000.0;-15.765765;312.12;48.631554
2024-06-19 12:00:00;1000.0;-15.765765;312.12;58.338974
2024-06-19 18:00:00;1000.0;-15.765765;312.12;50.594765
2024-06-20 00:00:00;1000.0;-15.765765;312.12;52.145863
2024-06-20 06:00:00;1000.0;-15.765765;312.12;64.53598
2024-06-20 12:00:00;1000.0;-15.765765;312.12;58.40224
2024-06-20 18:00:00;1000.0;-15.765765;312.12;49.142906
2024-06-21 00:00:00;1000.0;-15.765765;312.12;45.14499
2024-06-21 06:00:00;1000.0;-15.765765;312.12;59.616936
2024-06-21 12:00:00;1000.0;-15.765765;312.12;58.4054
2024-06-21 18:00:00;1000.0;-15.765765;312.12;49.631084
2024-06-22 00:00:00;1000.0;-15.765765;312.12;46.85257
2024-06-22 06:00:00;1000.0;-15.765765;312.12;60.45583
2024-06-22 12:00:00;1000.0;-15.765765;312.12;61.518333
2024-06-22 18:00:00;1000.0;-15.765765;312.12;48.244606
2024-06-23 00:00:00;1000.0;-15.765765;312.12;47.75726
2024-06-23 06:00:00;1000.0;-15.765765;312.12;52.70722
2024-06-23 12:00:00;1000.0;-15.765765;312.12;59.653885
2024-06-23 18:00:00;1000.0;-15.765765;312.12;47.159203
2024-06-24 00:00:00;1000.0;-15.765765;312.12;40.872894
2024-06-24 06:00:00;1000.0;-15.765765;312.12;53.2675
2024-06-24 12:00:00;1000.0;-15.765765;312.12;55.713306
2024-06-24 18:00:00;1000.0;-15.765765;312.12;44.04568
2024-06-25 00:00:00;1000.0;-15.765765;312.12;39.276375
2024-06-25 06:00:00;1000.0;-15.765765;312.12;49.56652
2024-06-25 12:00:00;1000.0;-15.765765;312.12;51.09289
2024-06-25 18:00:00;1000.0;-15.765765;312.12;38.02133
2024-06-26 00:00:00;1000.0;-15.765765;312.12;39.683952
2024-06-26 06:00:00;1000.0;-15.765765;312.12;44.30098
2024-06-26 12:00:00;1000.0;-15.765765;312.12;48.774914
2024-06-26 18:00:00;1000.0;-15.765765;312.12;38.350925
2024-06-27 00:00:00;1000.0;-15.765765;312.12;32.03789
2024-06-27 06:00:00;1000.0;-15.765765;312.12;39.45063
2024-06-27 12:00:00;1000.0;-15.765765;312.12;50.73272
2024-06-27 18:00:00;1000.0;-15.765765;312.12;34.49724
2024-06-28 00:00:00;1000.0;-15.765765;312.12;38.110577
2024-06-28 06:00:00;1000.0;-15.765765;312.12;42.99125
2024-06-28 12:00:00;1000.0;-15.765765;312.12;48.434975
2024-06-28 18:00:00;1000.0;-15.765765;312.12;34.44912
2024-06-29 00:00:00;1000.0;-15.765765;312.12;27.782223
2024-06-29 06:00:00;1000.0;-15.765765;312.12;35.198612
2024-06-29 12:00:00;1000.0;-15.765765;312.12;51.077652
2024-06-29 18:00:00;1000.0;-15.765765;312.12;29.22811
2024-06-30 00:00:00;1000.0;-15.765765;312.12;27.875305
2024-06-30 06:00:00;1000.0;-15.765765;312.12;35.92697
2024-06-30 12:00:00;1000.0;-15.765765;312.12;50.466274
2024-06-30 18:00:00;1000.0;-15.765765;312.12;29.663567
2024-07-01 00:00:00;1000.0;-15.765765;312.12;27.5641
2024-07-01 06:00:00;1000.0;-15.765765;312.12;36.539474
2024-07-01 12:00:00;1000.0;-15.765765;312.12;48.00767
2024-07-01 18:00:00;1000.0;-15.765765;312.12;43.555023
2024-07-02 00:00:00;1000.0;-15.765765;312.12;33.24002
2024-07-02 06:00:00;1000.0;-15.765765;312.12;56.769783
2024-07-02 12:00:00;1000.0;-15.765765;312.12;57.226013
2024-07-02 18:00:00;1000.0;-15.765765;312.12;50.63762
2024-07-03 00:00:00;1000.0;-15.765765;312.12;38.080166
2024-07-03 06:00:00;1000.0;-15.765765;312.12;61.51588
2024-07-03 12:00:00;1000.0;-15.765765;312.12;73.744995
2024-07-03 18:00:00;1000.0;-15.765765;312.12;52.60048
2024-07-04 00:00:00;1000.0;-15.765765;312.12;39.97227
2024-07-04 06:00:00;1000.0;-15.765765;312.12;62.228752
2024-07-04 12:00:00;1000.0;-15.765765;312.12;53.7624
2024-07-04 18:00:00;1000.0;-15.765765;312.12;42.904827
2024-07-05 00:00:00;1000.0;-15.765765;312.12;41.87349
2024-07-05 06:00:00;1000.0;-15.765765;312.12;52.460785
2024-07-05 12:00:00;1000.0;-15.765765;312.12;50.38188
2024-07-05 18:00:00;1000.0;-15.765765;312.12;47.84632
2024-07-06 00:00:00;1000.0;-15.765765;312.12;42.42276
2024-07-06 06:00:00;1000.0;-15.765765;312.12;56.65011
2024-07-06 12:00:00;1000.0;-15.765765;312.12;54.89233
2024-07-06 18:00:00;1000.0;-15.765765;312.12;47.5918
2024-07-07 00:00:00;1000.0;-15.765765;312.12;46.509052
2024-07-07 06:00:00;1000.0;-15.765765;312.12;61.455376
2024-07-07 12:00:00;1000.0;-15.765765;312.12;59.482204
2024-07-07 18:00:00;1000.0;-15.765765;312.12;43.890537
2024-07-08 00:00:00;1000.0;-15.765765;312.12;33.93271
2024-07-08 06:00:00;1000.0;-15.765765;312.12;39.655247
2024-07-08 12:00:00;1000.0;-15.765765;312.12;47.192688
2024-07-08 18:00:00;1000.0;-15.765765;312.12;39.337177
2024-07-09 00:00:00;1000.0;-15.765765;312.12;34.20149
2024-07-09 06:00:00;1000.0;-15.765765;312.12;41.154007
2024-07-09 12:00:00;1000.0;-15.765765;312.12;46.730362
2024-07-09 18:00:00;1000.0;-15.765765;312.12;38.007175
2024-07-10 00:00:00;1000.0;-15.765765;312.12;34.317467
2024-07-10 06:00:00;1000.0;-15.765765;312.12;39.65799
2024-07-10 12:00:00;1000.0;-15.765765;312.12;43.61607
2024-07-10 18:00:00;1000.0;-15.765765;312.12;34.32956
2024-07-11 00:00:00;1000.0;-15.765765;312.12;31.260416
2024-07-11 06:00:00;1000.0;-15.765765;312.12;38.023003
2024-07-11 12:00:00;1000.0;-15.765765;312.12;45.968945
2024-07-11 18:00:00;1000.0;-15.765765;312.12;38.629555
2024-07-12 00:00:00;1000.0;-15.765765;312.12;36.70508
2024-07-12 06:00:00;1000.0;-15.765765;312.12;51.69391
2024-07-12 12:00:00;1000.0;-15.765765;312.12;62.787174
2024-07-12 18:00:00;1000.0;-15.765765;312.12;47.22638
2024-07-13 00:00:00;1000.0;-15.765765;312.12;38.352184
2024-07-13 06:00:00;1000.0;-15.765765;312.12;56.05761
2024-07-13 12:00:00;1000.0;-15.765765;312.12;56.340385
2024-07-13 18:00:00;1000.0;-15.765765;312.12;44.133434
2024-07-14 00:00:00;1000.0;-15.765765;312.12;33.719406
2024-07-14 06:00:00;1000.0;-15.765765;312.12;49.86506
2024-07-14 12:00:00;1000.0;-15.765765;312.12;57.65701
2024-07-14 18:00:00;1000.0;-15.765765;312.12;47.714725
2024-07-15 00:00:00;1000.0;-15.765765;312.12;40.67401
2024-07-15 06:00:00;1000.0;-15.765765;312.12;53.772526
2024-07-15 12:00:00;1000.0;-15.765765;312.12;51.549786
2024-07-15 18:00:00;1000.0;-15.765765;312.12;47.909946
2024-07-16 00:00:00;1000.0;-15.765765;312.12;42.079216
2024-07-16 06:00:00;1000.0;-15.765765;312.12;69.91747
2024-07-16 12:00:00;1000.0;-15.765765;312.12;55.23436
2024-07-16 18:00:00;1000.0;-15.765765;312.12;49.57611
2024-07-17 00:00:00;1000.0;-15.765765;312.12;36.091526
2024-07-17 06:00:00;1000.0;-15.765765;312.12;51.092987
2024-07-17 12:00:00;1000.0;-15.765765;312.12;52.15252
2024-07-17 18:00:00;1000.0;-15.765765;312.12;46.4576
2024-07-18 00:00:00;1000.0;-15.765765;312.12;44.38218
2024-07-18 06:00:00;1000.0;-15.765765;312.12;59.61631
2024-07-18 12:00:00;1000.0;-15.765765;312.12;51.80395
2024-07-18 18:00:00;1000.0;-15.765765;312.12;39.789055
2024-07-19 00:00:00;1000.0;-15.765765;312.12;41.689907
2024-07-19 06:00:00;1000.0;-15.765765;312.12;54.48601
2024-07-19 12:00:00;1000.0;-15.765765;312.12;50.519234
2024-07-19 18:00:00;1000.0;-15.765765;312.12;37.322906
2024-07-20 00:00:00;1000.0;-15.765765;312.12;33.4585
2024-07-20 06:00:00;1000.0;-15.765765;312.12;52.286575
2024-07-20 12:00:00;1000.0;-15.765765;312.12;52.43091
2024-07-20 18:00:00;1000.0;-15.765765;312.12;44.829193
2024-07-21 00:00:00;1000.0;-15.765765;312.12;38.05891
2024-07-21 06:00:00;1000.0;-15.765765;312.12;59.611015
2024-07-21 12:00:00;1000.0;-15.765765;312.12;62.46215
2024-07-21 18:00:00;1000.0;-15.765765;312.12;47.659065
2024-07-22 00:00:00;1000.0;-15.765765;312.12;38.532944
2024-07-22 06:00:00;1000.0;-15.765765;312.12;52.48179
2024-07-22 12:00:00;1000.0;-15.765765;312.12;56.85097
2024-07-22 18:00:00;1000.0;-15.765765;312.12;50.2095
2024-07-23 00:00:00;1000.0;-15.765765;312.12;41.54462
2024-07-23 06:00:00;1000.0;-15.765765;312.12;54.486233
2024-07-23 12:00:00;1000.0;-15.765765;312.12;51.093082
2024-07-23 18:00:00;1000.0;-15.765765;312.12;42.70252
2024-07-24 00:00:00;1000.0;-15.765765;312.12;35.424805
2024-07-24 06:00:00;1000.0;-15.765765;312.12;57.825844
2024-07-24 12:00:00;1000.0;-15.765765;312.12;48.935272
2024-07-24 18:00:00;1000.0;-15.765765;312.12;42.05044
2024-07-25 00:00:00;1000.0;-15.765765;312.12;28.046093
2024-07-25 06:00:00;1000.0;-15.765765;312.12;52.78902
2024-07-25 12:00:00;1000.0;-15.765765;312.12;50.28823
2024-07-25 18:00:00;1000.0;-15.765765;312.12;40.23706
2024-07-26 00:00:00;1000.0;-15.765765;312.12;37.123512
2024-07-26 06:00:00;1000.0;-15.765765;312.12;64.443954
2024-07-26 12:00:00;1000.0;-15.765765;312.12;47.67574
2024-07-26 18:00:00;1000.0;-15.765765;312.12;43.60794
2024-07-27 00:00:00;1000.0;-15.765765;312.12;33.169556
2024-07-27 06:00:00;1000.0;-15.765765;312.12;40.87339
2024-07-27 12:00:00;1000.0;-15.765765;312.12;66.95114
2024-07-27 18:00:00;1000.0;-15.765765;312.12;51.460983
2024-07-28 00:00:00;1000.0;-15.765765;312.12;43.962208
2024-07-28 06:00:00;1000.0;-15.765765;312.12;60.715294
2024-07-28 12:00:00;1000.0;-15.765765;312.12;58.18485
2024-07-28 18:00:00;1000.0;-15.765765;312.12;47.331795
2024-07-29 00:00:00;1000.0;-15.765765;312.12;36.563538
2024-07-29 06:00:00;1000.0;-15.765765;312.12;51.5486
2024-07-29 12:00:00;1000.0;-15.765765;312.12;50.72728
2024-07-29 18:00:00;1000.0;-15.765765;312.12;46.530724
2024-07-30 00:00:00;1000.0;-15.765765;312.12;28.334164
2024-07-30 06:00:00;1000.0;-15.765765;312.12;43.47158
2024-07-30 12:00:00;1000.0;-15.765765;312.12;44.102077
2024-07-30 18:00:00;1000.0;-15.765765;312.12;35.54827
2024-07-31 00:00:00;1000.0;-15.765765;312.12;31.45424
2024-07-31 06:00:00;1000.0;-15.765765;312.12;47.382812
2024-07-31 12:00:00;1000.0;-15.765765;312.12;51.827206
2024-07-31 18:00:00;1000.0;-15.765765;312.12;55.085
2024-08-01 00:00:00;1000.0;-15.765765;312.12;36.698338
2024-08-01 06:00:00;1000.0;-15.765765;312.12;75.49461
2024-08-01 12:00:00;1000.0;-15.765765;312.12;73.75093
2024-08-01 18:00:00;1000.0;-15.765765;312.12;51.032387
2024-08-02 00:00:00;1000.0;-15.765765;312.12;36.99058
2024-08-02 06:00:00;1000.0;-15.765765;312.12;69.96423
2024-08-02 12:00:00;1000.0;-15.765765;312.12;78.78975
2024-08-02 18:00:00;1000.0;-15.765765;312.12;52.65377
2024-08-03 00:00:00;1000.0;-15.765765;312.12;44.76361
2024-08-03 06:00:00;1000.0;-15.765765;312.12;97.351776
2024-08-03 12:00:00;1000.0;-15.765765;312.12;71.94628
2024-08-03 18:00:00;1000.0;-15.765765;312.12;52.984894
2024-08-04 00:00:00;1000.0;-15.765765;312.12;40.97004
2024-08-04 06:00:00;1000.0;-15.765765;312.12;86.31233
2024-08-04 12:00:00;1000.0;-15.765765;312.12;71.78723
2024-08-04 18:00:00;1000.0;-15.765765;312.12;49.24658
2024-08-05 00:00:00;1000.0;-15.765765;312.12;42.5264
2024-08-05 06:00:00;1000.0;-15.765765;312.12;73.554085
2024-08-05 12:00:00;1000.0;-15.765765;312.12;61.328854
2024-08-05 18:00:00;1000.0;-15.765765;312.12;47.396652
2024-08-06 00:00:00;1000.0;-15.765765;312.12;37.755245
2024-08-06 06:00:00;1000.0;-15.765765;312.12;75.25496
2024-08-06 12:00:00;1000.0;-15.765765;312.12;65.14922
2024-08-06 18:00:00;1000.0;-15.765765;312.12;46.815746
2024-08-07 00:00:00;1000.0;-15.765765;312.12;37.73456
2024-08-07 06:00:00;1000.0;-15.765765;312.12;42.278393
2024-08-07 12:00:00;1000.0;-15.765765;312.12;66.08083
2024-08-07 18:00:00;1000.0;-15.765765;312.12;45.828594
2024-08-08 00:00:00;1000.0;-15.765765;312.12;33.42311
2024-08-08 06:00:00;1000.0;-15.765765;312.12;42.785423
2024-08-08 12:00:00;1000.0;-15.765765;312.12;60.20881
2024-08-08 18:00:00;1000.0;-15.765765;312.12;44.369953
2024-08-09 00:00:00;1000.0;-15.765765;312.12;31.256327
2024-08-09 06:00:00;1000.0;-15.765765;312.12;43.884884
2024-08-09 12:00:00;1000.0;-15.765765;312.12;47.17829
2024-08-09 18:00:00;1000.0;-15.765765;312.12;36.841274
2024-08-10 00:00:00;1000.0;-15.765765;312.12;24.600674
2024-08-10 06:00:00;1000.0;-15.765765;312.12;33.379074
2024-08-10 12:00:00;1000.0;-15.765765;312.12;82.70142
2024-08-10 18:00:00;1000.0;-15.765765;312.12;49.011745
2024-08-11 00:00:00;1000.0;-15.765765;312.12;52.699192
2024-08-11 06:00:00;1000.0;-15.765765;312.12;78.433395
2024-08-11 12:00:00;1000.0;-15.765765;312.12;41.217304
2024-08-11 18:00:00;1000.0;-15.765765;312.12;38.10566
2024-08-12 00:00:00;1000.0;-15.765765;312.12;28.101173
2024-08-12 06:00:00;1000.0;-15.765765;312.12;48.337753
2024-08-12 12:00:00;1000.0;-15.765765;312.12;25.282944
2024-08-12 18:00:00;1000.0;-15.765765;312.12;23.861258
2024-08-13 00:00:00;1000.0;-15.765765;312.12;10.820278
2024-08-13 06:00:00;1000.0;-15.765765;312.12;50.30118
2024-08-13 12:00:00;1000.0;-15.765765;312.12;25.424341
2024-08-13 18:00:00;1000.0;-15.765765;312.12;21.870813
2024-08-14 00:00:00;1000.0;-15.765765;312.12;18.602905
2024-08-14 06:00:00;1000.0;-15.765765;312.12;42.95309
2024-08-14 12:00:00;1000.0;-15.765765;312.12;82.82188
2024-08-14 18:00:00;1000.0;-15.765765;312.12;61.86554
2024-08-15 00:00:00;1000.0;-15.765765;312.12;50.042446
2024-08-15 06:00:00;1000.0;-15.765765;312.12;74.72718
2024-08-15 12:00:00;1000.0;-15.765765;312.12;67.84535
2024-08-15 18:00:00;1000.0;-15.765765;312.12;58.607162
2024-08-16 00:00:00;1000.0;-15.765765;312.12;36.701622
2024-08-16 06:00:00;1000.0;-15.765765;312.12;68.79857
2024-08-16 12:00:00;1000.0;-15.765765;312.12;65.24937
2024-08-16 18:00:00;1000.0;-15.765765;312.12;42.53996
2024-08-17 00:00:00;1000.0;-15.765765;312.12;34.519375
2024-08-17 06:00:00;1000.0;-15.765765;312.12;53.49311
2024-08-17 12:00:00;1000.0;-15.765765;312.12;42.557068
2024-08-17 18:00:00;1000.0;-15.765765;312.12;37.765743
2024-08-18 00:00:00;1000.0;-15.765765;312.12;25.105661
2024-08-18 06:00:00;1000.0;-15.765765;312.12;41.20337
2024-08-18 12:00:00;1000.0;-15.765765;312.12;40.2897
2024-08-18 18:00:00;1000.0;-15.765765;312.12;33.423264
2024-08-19 00:00:00;1000.0;-15.765765;312.12;23.978033
2024-08-19 06:00:00;1000.0;-15.765765;312.12;34.435184
2024-08-19 12:00:00;1000.0;-15.765765;312.12;45.811783
2024-08-19 18:00:00;1000.0;-15.765765;312.12;41.841145
2024-08-20 00:00:00;1000.0;-15.765765;312.12;25.046127
2024-08-20 06:00:00;1000.0;-15.765765;312.12;45.131264
2024-08-20 12:00:00;1000.0;-15.765765;312.12;47.26155
2024-08-20 18:00:00;1000.0;-15.765765;312.12;34.81749
2024-08-21 00:00:00;1000.0;-15.765765;312.12;24.26354
2024-08-21 06:00:00;1000.0;-15.765765;312.12;41.836376
2024-08-21 12:00:00;1000.0;-15.765765;312.12;41.745934
2024-08-21 18:00:00;1000.0;-15.765765;312.12;34.43679
2024-08-22 00:00:00;1000.0;-15.765765;312.12;23.453062
2024-08-22 06:00:00;1000.0;-15.765765;312.12;34.943123
2024-08-22 12:00:00;1000.0;-15.765765;312.12;49.569763
2024-08-22 18:00:00;1000.0;-15.765765;312.12;36.935787
2024-08-23 00:00:00;1000.0;-15.765765;312.12;24.82333
2024-08-23 06:00:00;1000.0;-15.765765;312.12;41.989796
2024-08-23 12:00:00;1000.0;-15.765765;312.12;60.455894
2024-08-23 18:00:00;1000.0;-15.765765;312.12;44.85821
2024-08-24 00:00:00;1000.0;-15.765765;312.12;29.419273
2024-08-24 06:00:00;1000.0;-15.765765;312.12;49.249855
2024-08-24 12:00:00;1000.0;-15.765765;312.12;45.645245
2024-08-24 18:00:00;1000.0;-15.765765;312.12;41.296776
2024-08-25 00:00:00;1000.0;-15.765765;312.12;25.232277
2024-08-25 06:00:00;1000.0;-15.765765;312.12;39.92664
2024-08-25 12:00:00;1000.0;-15.765765;312.12;36.375996
2024-08-25 18:00:00;1000.0;-15.765765;312.12;31.891611
2024-08-26 00:00:00;1000.0;-15.765765;312.12;26.129414
2024-08-26 06:00:00;1000.0;-15.765765;312.12;68.62568
2024-08-26 12:00:00;1000.0;-15.765765;312.12;63.430553
2024-08-26 18:00:00;1000.0;-15.765765;312.12;38.56944
2024-08-27 00:00:00;1000.0;-15.765765;312.12;33.005436
2024-08-27 06:00:00;1000.0;-15.765765;312.12;60.448437
2024-08-27 12:00:00;1000.0;-15.765765;312.12;57.043713
2024-08-27 18:00:00;1000.0;-15.765765;312.12;47.48973
2024-08-28 00:00:00;1000.0;-15.765765;312.12;29.486698
2024-08-28 06:00:00;1000.0;-15.765765;312.12;58.669697
2024-08-28 12:00:00;1000.0;-15.765765;312.12;73.45125
2024-08-28 18:00:00;1000.0;-15.765765;312.12;52.795677
2024-08-29 00:00:00;1000.0;-15.765765;312.12;36.029423
2024-08-29 06:00:00;1000.0;-15.765765;312.12;64.90514
2024-08-29 12:00:00;1000.0;-15.765765;312.12;77.21131
2024-08-29 18:00:00;1000.0;-15.765765;312.12;50.447327
2024-08-30 00:00:00;1000.0;-15.765765;312.12;36.626793
2024-08-30 06:00:00;1000.0;-15.765765;312.12;72.74978
2024-08-30 12:00:00;1000.0;-15.765765;312.12;60.503113
2024-08-30 18:00:00;1000.0;-15.765765;312.12;44.436855
2024-08-31 00:00:00;1000.0;-15.765765;312.12;30.203516
2024-08-31 06:00:00;1000.0;-15.765765;312.12;47.283833
2024-08-31 12:00:00;1000.0;-15.765765;312.12;40.037544
2024-08-31 18:00:00;1000.0;-15.765765;312.12;38.02191
2024-09-01 00:00:00;1000.0;-15.765765;312.12;20.66994
2024-09-01 06:00:00;1000.0;-15.765765;312.12;39.596508
2024-09-01 12:00:00;1000.0;-15.765765;312.12;38.748756
2024-09-01 18:00:00;1000.0;-15.765765;312.12;36.051308
2024-09-02 00:00:00;1000.0;-15.765765;312.12;18.423847
2024-09-02 06:00:00;1000.0;-15.765765;312.12;38.250385
2024-09-02 12:00:00;1000.0;-15.765765;312.12;38.284218
2024-09-02 18:00:00;1000.0;-15.765765;312.12;31.34771
2024-09-03 00:00:00;1000.0;-15.765765;312.12;18.42993
2024-09-03 06:00:00;1000.0;-15.765765;312.12;26.347479
2024-09-03 12:00:00;1000.0;-15.765765;312.12;32.7763
2024-09-03 18:00:00;1000.0;-15.765765;312.12;21.918123
2024-09-04 00:00:00;1000.0;-15.765765;312.12;14.963097
2024-09-04 06:00:00;1000.0;-15.765765;312.12;21.810593
2024-09-04 12:00:00;1000.0;-15.765765;312.12;30.942389
2024-09-04 18:00:00;1000.0;-15.765765;312.12;22.455683
2024-09-05 00:00:00;1000.0;-15.765765;312.12;14.862338
2024-09-05 06:00:00;1000.0;-15.765765;312.12;24.732426
2024-09-05 12:00:00;1000.0;-15.765765;312.12;37.12588
2024-09-05 18:00:00;1000.0;-15.765765;312.12;35.19924
2024-09-06 00:00:00;1000.0;-15.765765;312.12;20.611849
2024-09-06 06:00:00;1000.0;-15.765765;312.12;36.726383
2024-09-06 12:00:00;1000.0;-15.765765;312.12;34.825436
2024-09-06 18:00:00;1000.0;-15.765765;312.12;31.085619
2024-09-07 00:00:00;1000.0;-15.765765;312.12;22.259962
2024-09-07 06:00:00;1000.0;-15.765765;312.12;52.948242
2024-09-07 12:00:00;1000.0;-15.765765;312.12;47.27615
2024-09-07 18:00:00;1000.0;-15.765765;312.12;36.154472
2024-09-08 00:00:00;1000.0;-15.765765;312.12;23.428682
2024-09-08 06:00:00;1000.0;-15.765765;312.12;59.836205
2024-09-08 12:00:00;1000.0;-15.765765;312.12;49.482872
2024-09-08 18:00:00;1000.0;-15.765765;312.12;39.819656
2024-09-09 00:00:00;1000.0;-15.765765;312.12;19.91308
2024-09-09 06:00:00;1000.0;-15.765765;312.12;40.888134
2024-09-09 12:00:00;1000.0;-15.765765;312.12;51.32534
2024-09-09 18:00:00;1000.0;-15.765765;312.12;37.579697
2024-09-10 00:00:00;1000.0;-15.765765;312.12;19.427242
2024-09-10 06:00:00;1000.0;-15.765765;312.12;49.30677
2024-09-10 12:00:00;1000.0;-15.765765;312.12;55.14683
2024-09-10 18:00:00;1000.0;-15.765765;312.12;40.481873
2024-09-11 00:00:00;1000.0;-15.765765;312.12;28.366344
2024-09-11 06:00:00;1000.0;-15.765765;312.12;64.213295
2024-09-11 12:00:00;1000.0;-15.765765;312.12;55.75035
2024-09-11 18:00:00;1000.0;-15.765765;312.12;38.58676
2024-09-12 00:00:00;1000.0;-15.765765;312.12;27.123997
2024-09-12 06:00:00;1000.0;-15.765765;312.12;58.666386
2024-09-12 12:00:00;1000.0;-15.765765;312.12;63.06247
2024-09-12 18:00:00;1000.0;-15.765765;312.12;42.189335
2024-09-13 00:00:00;1000.0;-15.765765;312.12;30.316555
2024-09-13 06:00:00;1000.0;-15.765765;312.12;52.826202
2024-09-13 12:00:00;1000.0;-15.765765;312.12;69.62625
2024-09-13 18:00:00;1000.0;-15.765765;312.12;47.278843
2024-09-14 00:00:00;1000.0;-15.765765;312.12;30.30006
2024-09-14 06:00:00;1000.0;-15.765765;312.12;64.68125
2024-09-14 12:00:00;1000.0;-15.765765;312.12;53.51694
2024-09-14 18:00:00;1000.0;-15.765765;312.12;43.384434
2024-09-15 00:00:00;1000.0;-15.765765;312.12;27.703354
2024-09-15 06:00:00;1000.0;-15.765765;312.12;48.2997
2024-09-15 12:00:00;1000.0;-15.765765;312.12;48.761723
2024-09-15 18:00:00;1000.0;-15.765765;312.12;34.96573
2024-09-16 00:00:00;1000.0;-15.765765;312.12;19.647606
2024-09-16 06:00:00;1000.0;-15.765765;312.12;31.327375
2024-09-16 12:00:00;1000.0;-15.765765;312.12;42.623173
2024-09-16 18:00:00;1000.0;-15.765765;312.12;38.827396
2024-09-17 00:00:00;1000.0;-15.765765;312.12;21.914337
2024-09-17 06:00:00;1000.0;-15.765765;312.12;52.454205
2024-09-17 12:00:00;1000.0;-15.765765;312.12;42.442474
2024-09-17 18:00:00;1000.0;-15.765765;312.12;34.321156
2024-09-18 00:00:00;1000.0;-15.765765;312.12;26.639175
2024-09-18 06:00:00;1000.0;-15.765765;312.12;50.32212
2024-09-18 12:00:00;1000.0;-15.765765;312.12;57.00153
2024-09-18 18:00:00;1000.0;-15.765765;312.12;50.334232
2024-09-19 00:00:00;1000.0;-15.765765;312.12;32.34642
2024-09-19 06:00:00;1000.0;-15.765765;312.12;67.513145
2024-09-19 12:00:00;1000.0;-15.765765;312.12;64.55224
2024-09-19 18:00:00;1000.0;-15.765765;312.12;47.503975
2024-09-20 00:00:00;1000.0;-15.765765;312.12;30.944065
2024-09-20 06:00:00;1000.0;-15.765765;312.12;62.212955
2024-09-20 12:00:00;1000.0;-15.765765;312.12;55.25468
2024-09-20 18:00:00;1000.0;-15.765765;312.12;39.3093
2024-09-21 00:00:00;1000.0;-15.765765;312.12;24.211315
2024-09-21 06:00:00;1000.0;-15.765765;312.12;49.59412
2024-09-21 12:00:00;1000.0;-15.765765;312.12;40.282433
2024-09-21 18:00:00;1000.0;-15.765765;312.12;35.29123
2024-09-22 00:00:00;1000.0;-15.765765;312.12;23.27302
2024-09-22 06:00:00;1000.0;-15.765765;312.12;42.69175
2024-09-22 12:00:00;1000.0;-15.765765;312.12;46.82478
2024-09-22 18:00:00;1000.0;-15.765765;312.12;36.00512
2024-09-23 00:00:00;1000.0;-15.765765;312.12;22.20189
2024-09-23 06:00:00;1000.0;-15.765765;312.12;57.637882
2024-09-23 12:00:00;1000.0;-15.765765;312.12;47.14669
2024-09-23 18:00:00;1000.0;-15.765765;312.12;34.830917
2024-09-24 00:00:00;1000.0;-15.765765;312.12;26.504797
2024-09-24 06:00:00;1000.0;-15.765765;312.12;56.879807
2024-09-24 12:00:00;1000.0;-15.765765;312.12;57.957214
2024-09-24 18:00:00;1000.0;-15.765765;312.12;39.374657
2024-09-25 00:00:00;1000.0;-15.765765;312.12;26.898617
2024-09-25 06:00:00;1000.0;-15.765765;312.12;53.38186
2024-09-25 12:00:00;1000.0;-15.765765;312.12;64.25012
2024-09-25 18:00:00;1000.0;-15.765765;312.12;39.209427
2024-09-26 00:00:00;1000.0;-15.765765;312.12;25.255657
2024-09-26 06:00:00;1000.0;-15.765765;312.12;56.359367
2024-09-26 12:00:00;1000.0;-15.765765;312.12;52.74035
2024-09-26 18:00:00;1000.0;-15.765765;312.12;37.729317
2024-09-27 00:00:00;1000.0;-15.765765;312.12;21.033154
2024-09-27 06:00:00;1000.0;-15.765765;312.12;36.557514
2024-09-27 12:00:00;1000.0;-15.765765;312.12;45.079998
2024-09-27 18:00:00;1000.0;-15.765765;312.12;34.58592
2024-09-28 00:00:00;1000.0;-15.765765;312.12;20.468506
2024-09-28 06:00:00;1000.0;-15.765765;312.12;27.183025
2024-09-28 12:00:00;1000.0;-15.765765;312.12;29.556376
2024-09-28 18:00:00;1000.0;-15.765765;312.12;26.852533
2024-09-29 00:00:00;1000.0;-15.765765;312.12;18.661852
2024-09-29 06:00:00;1000.0;-15.765765;312.12;50.32092
2024-09-29 12:00:00;1000.0;-15.765765;312.12;48.955452
2024-09-29 18:00:00;1000.0;-15.765765;312.12;45.035072
2024-09-30 00:00:00;1000.0;-15.765765;312.12;34.485207
2024-09-30 06:00:00;1000.0;-15.765765;312.12;53.63833
2024-09-30 12:00:00;1000.0;-15.765765;312.12;59.87699
2024-09-30 18:00:00;1000.0;-15.765765;312.12;38.848816
2024-10-01 00:00:00;1000.0;-15.765765;312.12;19.220293
2024-10-01 06:00:00;1000.0;-15.765765;312.12;50.142204
2024-10-01 12:00:00;1000.0;-15.765765;312.12;56.68119
2024-10-01 18:00:00;1000.0;-15.765765;312.12;40.88966
2024-10-02 00:00:00;1000.0;-15.765765;312.12;27.060228
2024-10-02 06:00:00;1000.0;-15.765765;312.12;48.117996
2024-10-02 12:00:00;1000.0;-15.765765;312.12;44.96035
2024-10-02 18:00:00;1000.0;-15.765765;312.12;37.131023
2024-10-03 00:00:00;1000.0;-15.765765;312.12;21.4851
2024-10-03 06:00:00;1000.0;-15.765765;312.12;32.217834
2024-10-03 12:00:00;1000.0;-15.765765;312.12;35.53617
2024-10-03 18:00:00;1000.0;-15.765765;312.12;25.504402
2024-10-04 00:00:00;1000.0;-15.765765;312.12;21.596132
2024-10-04 06:00:00;1000.0;-15.765765;312.12;37.69232
2024-10-04 12:00:00;1000.0;-15.765765;312.12;34.595272
2024-10-04 18:00:00;1000.0;-15.765765;312.12;36.0195
2024-10-05 00:00:00;1000.0;-15.765765;312.12;20.602911
2024-10-05 06:00:00;1000.0;-15.765765;312.12;34.064114
2024-10-05 12:00:00;1000.0;-15.765765;312.12;40.218235
2024-10-05 18:00:00;1000.0;-15.765765;312.12;34.358494
2024-10-06 00:00:00;1000.0;-15.765765;312.12;18.646631
2024-10-06 06:00:00;1000.0;-15.765765;312.12;28.036558
2024-10-06 12:00:00;1000.0;-15.765765;312.12;53.880882
2024-10-06 18:00:00;1000.0;-15.765765;312.12;47.489418
2024-10-07 00:00:00;1000.0;-15.765765;312.12;22.965544
2024-10-07 06:00:00;1000.0;-15.765765;312.12;37.50501
2024-10-07 12:00:00;1000.0;-15.765765;312.12;47.89437
2024-10-07 18:00:00;1000.0;-15.765765;312.12;48.75613
2024-10-08 00:00:00;1000.0;-15.765765;312.12;27.807682
2024-10-08 06:00:00;1000.0;-15.765765;312.12;59.14707
2024-10-08 12:00:00;1000.0;-15.765765;312.12;61.909782
2024-10-08 18:00:00;1000.0;-15.765765;312.12;50.190628
2024-10-09 00:00:00;1000.0;-15.765765;312.12;42.24331
2024-10-09 06:00:00;1000.0;-15.765765;312.12;49.621677
2024-10-09 12:00:00;1000.0;-15.765765;312.12;48.674023
2024-10-09 18:00:00;1000.0;-15.765765;312.12;38.556263
2024-10-10 00:00:00;1000.0;-15.765765;312.12;40.791138
2024-10-10 06:00:00;1000.0;-15.765765;312.12;63.975918
2024-10-10 12:00:00;1000.0;-15.765765;312.12;62.763603
2024-10-10 18:00:00;1000.0;-15.765765;312.12;53.55245
2024-10-11 00:00:00;1000.0;-15.765765;312.12;67.30382
2024-10-11 06:00:00;1000.0;-15.765765;312.12;83.0119
2024-10-11 12:00:00;1000.0;-15.765765;312.12;72.708855
2024-10-11 18:00:00;1000.0;-15.765765;312.12;49.58528
2024-10-12 00:00:00;1000.0;-15.765765;312.12;64.75558
2024-10-12 06:00:00;1000.0;-15.765765;312.12;69.48797
2024-10-12 12:00:00;1000.0;-15.765765;312.12;74.11436
2024-10-12 18:00:00;1000.0;-15.765765;312.12;67.44419
2024-10-13 00:00:00;1000.0;-15.765765;312.12;57.864708
2024-10-13 06:00:00;1000.0;-15.765765;312.12;85.15972
2024-10-13 12:00:00;1000.0;-15.765765;312.12;55.26833
2024-10-13 18:00:00;1000.0;-15.765765;312.12;54.571873
2024-10-14 00:00:00;1000.0;-15.765765;312.12;52.89948
2024-10-14 06:00:00;1000.0;-15.765765;312.12;85.43463
2024-10-14 12:00:00;1000.0;-15.765765;312.12;68.002335
2024-10-14 18:00:00;1000.0;-15.765765;312.12;61.676342
2024-10-15 00:00:00;1000.0;-15.765765;312.12;55.6705
2024-10-15 06:00:00;1000.0;-15.765765;312.12;85.66318
2024-10-15 12:00:00;1000.0;-15.765765;312.12;77.99612
2024-10-15 18:00:00;1000.0;-15.765765;312.12;53.736835
2024-10-16 00:00:00;1000.0;-15.765765;312.12;74.90879
2024-10-16 06:00:00;1000.0;-15.765765;312.12;86.00756
2024-10-16 12:00:00;1000.0;-15.765765;312.12;82.15582
2024-10-16 18:00:00;1000.0;-15.765765;312.12;66.9473
2024-10-17 00:00:00;1000.0;-15.765765;312.12;69.041725
2024-10-17 06:00:00;1000.0;-15.765765;312.12;80.15075
2024-10-17 12:00:00;1000.0;-15.765765;312.12;71.96031
2024-10-17 18:00:00;1000.0;-15.765765;312.12;43.572853
2024-10-18 00:00:00;1000.0;-15.765765;312.12;65.414894
2024-10-18 06:00:00;1000.0;-15.765765;312.12;86.17601
2024-10-18 12:00:00;1000.0;-15.765765;312.12;71.419
2024-10-18 18:00:00;1000.0;-15.765765;312.12;48.468456
2024-10-19 00:00:00;1000.0;-15.765765;312.12;68.15688
2024-10-19 06:00:00;1000.0;-15.765765;312.12;72.75674
2024-10-19 12:00:00;1000.0;-15.765765;312.12;76.83379
2024-10-19 18:00:00;1000.0;-15.765765;312.12;70.97183
2024-10-20 00:00:00;1000.0;-15.765765;312.12;77.93913
2024-10-20 06:00:00;1000.0;-15.765765;312.12;85.86972
2024-10-20 12:00:00;1000.0;-15.765765;312.12;68.21601
2024-10-20 18:00:00;1000.0;-15.765765;312.12;49.49027
2024-10-21 00:00:00;1000.0;-15.765765;312.12;68.707565
2024-10-21 06:00:00;1000.0;-15.765765;312.12;69.90658
2024-10-21 12:00:00;1000.0;-15.765765;312.12;83.053276
2024-10-21 18:00:00;1000.0;-15.765765;312.12;71.08119
2024-10-22 00:00:00;1000.0;-15.765765;312.12;75.9097
2024-10-22 06:00:00;1000.0;-15.765765;312.12;85.942
2024-10-22 12:00:00;1000.0;-15.765765;312.12;79.18495
2024-10-22 18:00:00;1000.0;-15.765765;312.12;67.591354
2024-10-23 00:00:00;1000.0;-15.765765;312.12;75.937256
2024-10-23 06:00:00;1000.0;-15.765765;312.12;86.53547
2024-10-23 12:00:00;1000.0;-15.765765;312.12;73.784935
2024-10-23 18:00:00;1000.0;-15.765765;312.12;45.034027
2024-10-24 00:00:00;1000.0;-15.765765;312.12;64.30996
2024-10-24 06:00:00;1000.0;-15.765765;312.12;67.5507
2024-10-24 12:00:00;1000.0;-15.765765;312.12;66.03196
2024-10-24 18:00:00;1000.0;-15.765765;312.12;67.91628
2024-10-25 00:00:00;1000.0;-15.765765;312.12;61.105663
2024-10-25 06:00:00;1000.0;-15.765765;312.12;81.35104
2024-10-25 12:00:00;1000.0;-15.765765;312.12;78.81625
2024-10-25 18:00:00;1000.0;-15.765765;312.12;57.314575
2024-10-26 00:00:00;1000.0;-15.765765;312.12;60.925613
2024-10-26 06:00:00;1000.0;-15.765765;312.12;59.323864
2024-10-26 12:00:00;1000.0;-15.765765;312.12;68.83582
2024-10-26 18:00:00;1000.0;-15.765765;312.12;32.10789
2024-10-27 00:00:00;1000.0;-15.765765;312.12;61.084385
2024-10-27 06:00:00;1000.0;-15.765765;312.12;71.15261
2024-10-27 12:00:00;1000.0;-15.765765;312.12;76.93891
2024-10-27 18:00:00;1000.0;-15.765765;312.12;77.68281
2024-10-28 00:00:00;1000.0;-15.765765;312.12;63.067986
2024-10-28 06:00:00;1000.0;-15.765765;312.12;83.51884
2024-10-28 12:00:00;1000.0;-15.765765;312.12;81.33168
2024-10-28 18:00:00;1000.0;-15.765765;312.12;29.184347
2024-10-29 00:00:00;1000.0;-15.765765;312.12;61.001915
2024-10-29 06:00:00;1000.0;-15.765765;312.12;85.69082
2024-10-29 12:00:00;1000.0;-15.765765;312.12;85.35852
2024-10-29 18:00:00;1000.0;-15.765765;312.12;63.45055
2024-10-30 00:00:00;1000.0;-15.765765;312.12;70.14223
2024-10-30 06:00:00;1000.0;-15.765765;312.12;87.20267
2024-10-30 12:00:00;1000.0;-15.765765;312.12;79.30376
2024-10-30 18:00:00;1000.0;-15.765765;312.12;67.00474
2024-10-31 00:00:00;1000.0;-15.765765;312.12;78.15305
2024-10-31 06:00:00;1000.0;-15.765765;312.12;86.2249
2024-10-31 12:00:00;1000.0;-15.765765;312.12;81.57169
2024-10-31 18:00:00;1000.0;-15.765765;312.12;61.148407
2024-11-01 00:00:00;1000.0;-15.765765;312.12;79.34543
2024-11-01 06:00:00;1000.0;-15.765765;312.12;86.05366
2024-11-01 12:00:00;1000.0;-15.765765;312.12;79.16175
2024-11-01 18:00:00;1000.0;-15.765765;312.12;54.126514
2024-11-02 00:00:00;1000.0;-15.765765;312.12;71.292465
2024-11-02 06:00:00;1000.0;-15.765765;312.12;78.06442
2024-11-02 12:00:00;1000.0;-15.765765;312.12;75.8945
2024-11-02 18:00:00;1000.0;-15.765765;312.12;50.935493
2024-11-03 00:00:00;1000.0;-15.765765;312.12;62.057537
2024-11-03 06:00:00;1000.0;-15.765765;312.12;87.39298
2024-11-03 12:00:00;1000.0;-15.765765;312.12;79.9413
2024-11-03 18:00:00;1000.0;-15.765765;312.12;69.89555
2024-11-04 00:00:00;1000.0;-15.765765;312.12;71.140465
2024-11-04 06:00:00;1000.0;-15.765765;312.12;85.76759
2024-11-04 12:00:00;1000.0;-15.765765;312.12;69.05088
2024-11-04 18:00:00;1000.0;-15.765765;312.12;64.37017
2024-11-05 00:00:00;1000.0;-15.765765;312.12;72.97095
2024-11-05 06:00:00;1000.0;-15.765765;312.12;84.72499
2024-11-05 12:00:00;1000.0;-15.765765;312.12;82.596054
2024-11-05 18:00:00;1000.0;-15.765765;312.12;69.85513
2024-11-06 00:00:00;1000.0;-15.765765;312.12;84.17395
2024-11-06 06:00:00;1000.0;-15.765765;312.12;84.95532
2024-11-06 12:00:00;1000.0;-15.765765;312.12;83.00842
2024-11-06 18:00:00;1000.0;-15.765765;312.12;59.500565
2024-11-07 00:00:00;1000.0;-15.765765;312.12;69.64404
2024-11-07 06:00:00;1000.0;-15.765765;312.12;81.99167
2024-11-07 12:00:00;1000.0;-15.765765;312.12;81.09776
2024-11-07 18:00:00;1000.0;-15.765765;312.12;66.28788
2024-11-08 00:00:00;1000.0;-15.765765;312.12;73.5142
2024-11-08 06:00:00;1000.0;-15.765765;312.12;85.54555
2024-11-08 12:00:00;1000.0;-15.765765;312.12;79.25222
2024-11-08 18:00:00;1000.0;-15.765765;312.12;73.21966
2024-11-09 00:00:00;1000.0;-15.765765;312.12;75.42156
2024-11-09 06:00:00;1000.0;-15.765765;312.12;81.9951
2024-11-09 12:00:00;1000.0;-15.765765;312.12;81.35767
2024-11-09 18:00:00;1000.0;-15.765765;312.12;64.15435
2024-11-10 00:00:00;1000.0;-15.765765;312.12;72.33614
2024-11-10 06:00:00;1000.0;-15.765765;312.12;76.00872
2024-11-10 12:00:00;1000.0;-15.765765;312.12;62.05565
2024-11-10 18:00:00;1000.0;-15.765765;312.12;42.01388
2024-11-11 00:00:00;1000.0;-15.765765;312.12;68.45909
2024-11-11 06:00:00;1000.0;-15.765765;312.12;70.723595
2024-11-11 12:00:00;1000.0;-15.765765;312.12;68.59639
2024-11-11 18:00:00;1000.0;-15.765765;312.12;55.490517
2024-11-12 00:00:00;1000.0;-15.765765;312.12;70.95855
2024-11-12 06:00:00;1000.0;-15.765765;312.12;83.65244
2024-11-12 12:00:00;1000.0;-15.765765;312.12;81.14059
2024-11-12 18:00:00;1000.0;-15.765765;312.12;51.431656
2024-11-13 00:00:00;1000.0;-15.765765;312.12;61.24914
2024-11-13 06:00:00;1000.0;-15.765765;312.12;86.943855
2024-11-13 12:00:00;1000.0;-15.765765;312.12;84.091965
2024-11-13 18:00:00;1000.0;-15.765765;312.12;63.038372
2024-11-14 00:00:00;1000.0;-15.765765;312.12;82.813866
2024-11-14 06:00:00;1000.0;-15.765765;312.12;85.998955
2024-11-14 12:00:00;1000.0;-15.765765;312.12;81.97075
2024-11-14 18:00:00;1000.0;-15.765765;312.12;75.34491
2024-11-15 00:00:00;1000.0;-15.765765;312.12;79.6186
2024-11-15 06:00:00;1000.0;-15.765765;312.12;85.03431
2024-11-15 12:00:00;1000.0;-15.765765;312.12;84.280914
2024-11-15 18:00:00;1000.0;-15.765765;312.12;81.17897
2024-11-16 00:00:00;1000.0;-15.765765;312.12;85.09508
2024-11-16 06:00:00;1000.0;-15.765765;312.12;86.60704
2024-11-16 12:00:00;1000.0;-15.765765;312.12;83.97884
2024-11-16 18:00:00;1000.0;-15.765765;312.12;77.372505
2024-11-17 00:00:00;1000.0;-15.765765;312.12;72.03353
2024-11-17 06:00:00;1000.0;-15.765765;312.12;85.48385
2024-11-17 12:00:00;1000.0;-15.765765;312.12;76.92548
2024-11-17 18:00:00;1000.0;-15.765765;312.12;54.29064
2024-11-18 00:00:00;1000.0;-15.765765;312.12;78.02597
2024-11-18 06:00:00;1000.0;-15.765765;312.12;85.2084
2024-11-18 12:00:00;1000.0;-15.765765;312.12;74.12843
2024-11-18 18:00:00;1000.0;-15.765765;312.12;48.644318
2024-11-19 00:00:00;1000.0;-15.765765;312.12;75.15901
2024-11-19 06:00:00;1000.0;-15.765765;312.12;77.484314
2024-11-19 12:00:00;1000.0;-15.765765;312.12;58.561726
2024-11-19 18:00:00;1000.0;-15.765765;312.12;45.62072
2024-11-20 00:00:00;1000.0;-15.765765;312.12;64.130745
2024-11-20 06:00:00;1000.0;-15.765765;312.12;78.41347
2024-11-20 12:00:00;1000.0;-15.765765;312.12;66.0273
2024-11-20 18:00:00;1000.0;-15.765765;312.12;58.93448
2024-11-21 00:00:00;1000.0;-15.765765;312.12;71.121666
2024-11-21 06:00:00;1000.0;-15.765765;312.12;79.44267
2024-11-21 12:00:00;1000.0;-15.765765;312.12;65.03849
2024-11-21 18:00:00;1000.0;-15.765765;312.12;48.117386
2024-11-22 00:00:00;1000.0;-15.765765;312.12;69.04023
2024-11-22 06:00:00;1000.0;-15.765765;312.12;81.702126
2024-11-22 12:00:00;1000.0;-15.765765;312.12;60.79799
2024-11-22 18:00:00;1000.0;-15.765765;312.12;47.42469
2024-11-23 00:00:00;1000.0;-15.765765;312.12;73.267136
2024-11-23 06:00:00;1000.0;-15.765765;312.12;85.16211
2024-11-23 12:00:00;1000.0;-15.765765;312.12;66.71324
2024-11-23 18:00:00;1000.0;-15.765765;312.12;58.49948
2024-11-24 00:00:00;1000.0;-15.765765;312.12;64.60624
2024-11-24 06:00:00;1000.0;-15.765765;312.12;86.09212
2024-11-24 12:00:00;1000.0;-15.765765;312.12;73.63803
2024-11-24 18:00:00;1000.0;-15.765765;312.12;70.368645
2024-11-25 00:00:00;1000.0;-15.765765;312.12;77.46231
2024-11-25 06:00:00;1000.0;-15.765765;312.12;86.386795
2024-11-25 12:00:00;1000.0;-15.765765;312.12;83.39183
2024-11-25 18:00:00;1000.0;-15.765765;312.12;54.727417
2024-11-26 00:00:00;1000.0;-15.765765;312.12;77.185394
2024-11-26 06:00:00;1000.0;-15.765765;312.12;83.08152
2024-11-26 12:00:00;1000.0;-15.765765;312.12;69.90714
2024-11-26 18:00:00;1000.0;-15.765765;312.12;51.233143
2024-11-27 00:00:00;1000.0;-15.765765;312.12;76.52012
2024-11-27 06:00:00;1000.0;-15.765765;312.12;83.618484
2024-11-27 12:00:00;1000.0;-15.765765;312.12;65.91684
2024-11-27 18:00:00;1000.0;-15.765765;312.12;46.475983
2024-11-28 00:00:00;1000.0;-15.765765;312.12;73.61768
2024-11-28 06:00:00;1000.0;-15.765765;312.12;73.88696
2024-11-28 12:00:00;1000.0;-15.765765;312.12;64.385864
2024-11-28 18:00:00;1000.0;-15.765765;312.12;51.30485
2024-11-29 00:00:00;1000.0;-15.765765;312.12;68.307915
2024-11-29 06:00:00;1000.0;-15.765765;312.12;75.04619
2024-11-29 12:00:00;1000.0;-15.765765;312.12;51.674175
2024-11-29 18:00:00;1000.0;-15.765765;312.12;32.583878
2024-11-30 00:00:00;1000.0;-15.765765;312.12;63.699635
2024-11-30 06:00:00;1000.0;-15.765765;312.12;77.73987
2024-11-30 12:00:00;1000.0;-15.765765;312.12;60.627235
2024-11-30 18:00:00;1000.0;-15.765765;312.12;53.467
2024-12-01 00:00:00;1000.0;-15.765765;312.12;67.398384
2024-12-01 06:00:00;1000.0;-15.765765;312.12;65.99515
2024-12-01 12:00:00;1000.0;-15.765765;312.12;72.44749
2024-12-01 18:00:00;1000.0;-15.765765;312.12;56.987064
2024-12-02 00:00:00;1000.0;-15.765765;312.12;69.45224
2024-12-02 06:00:00;1000.0;-15.765765;312.12;81.85473
2024-12-02 12:00:00;1000.0;-15.765765;312.12;66.16467
2024-12-02 18:00:00;1000.0;-15.765765;312.12;52.91292
2024-12-03 00:00:00;1000.0;-15.765765;312.12;75.85243
2024-12-03 06:00:00;1000.0;-15.765765;312.12;78.074875
2024-12-03 12:00:00;1000.0;-15.765765;312.12;76.573524
2024-12-03 18:00:00;1000.0;-15.765765;312.12;34.761482
2024-12-04 00:00:00;1000.0;-15.765765;312.12;64.79228
2024-12-04 06:00:00;1000.0;-15.765765;312.12;79.96844
2024-12-04 12:00:00;1000.0;-15.765765;312.12;79.06203
2024-12-04 18:00:00;1000.0;-15.765765;312.12;45.28519
2024-12-05 00:00:00;1000.0;-15.765765;312.12;69.968056
2024-12-05 06:00:00;1000.0;-15.765765;312.12;84.81144
2024-12-05 12:00:00;1000.0;-15.765765;312.12;68.442726
2024-12-05 18:00:00;1000.0;-15.765765;312.12;67.47109
2024-12-06 00:00:00;1000.0;-15.765765;312.12;61.520744
2024-12-06 06:00:00;1000.0;-15.765765;312.12;60.07202
2024-12-06 12:00:00;1000.0;-15.765765;312.12;44.634438
2024-12-06 18:00:00;1000.0;-15.765765;312.12;18.98886
2024-12-07 00:00:00;1000.0;-15.765765;312.12;54.14152
2024-12-07 06:00:00;1000.0;-15.765765;312.12;58.17499
2024-12-07 12:00:00;1000.0;-15.765765;312.12;42.410404
2024-12-07 18:00:00;1000.0;-15.765765;312.12;19.150137
2024-12-08 00:00:00;1000.0;-15.765765;312.12;45.291473
2024-12-08 06:00:00;1000.0;-15.765765;312.12;43.990475
2024-12-08 12:00:00;1000.0;-15.765765;312.12;51.32481
2024-12-08 18:00:00;1000.0;-15.765765;312.12;22.714468
2024-12-09 00:00:00;1000.0;-15.765765;312.12;53.20777
2024-12-09 06:00:00;1000.0;-15.765765;312.12;56.909554
2024-12-09 12:00:00;1000.0;-15.765765;312.12;51.679783
2024-12-09 18:00:00;1000.0;-15.765765;312.12;25.360384
2024-12-10 00:00:00;1000.0;-15.765765;312.12;54.19342
2024-12-10 06:00:00;1000.0;-15.765765;312.12;63.577675
2024-12-10 12:00:00;1000.0;-15.765765;312.12;63.863796
2024-12-10 18:00:00;1000.0;-15.765765;312.12;57.822002
2024-12-11 00:00:00;1000.0;-15.765765;312.12;64.819595
2024-12-11 06:00:00;1000.0;-15.765765;312.12;72.28196
2024-12-11 12:00:00;1000.0;-15.765765;312.12;79.26774
2024-12-11 18:00:00;1000.0;-15.765765;312.12;61.996777
2024-12-12 00:00:00;1000.0;-15.765765;312.12;64.5687
2024-12-12 06:00:00;1000.0;-15.765765;312.12;74.43836
2024-12-12 12:00:00;1000.0;-15.765765;312.12;57.41996
2024-12-12 18:00:00;1000.0;-15.765765;312.12;53.04893
2024-12-13 00:00:00;1000.0;-15.765765;312.12;63.614155
2024-12-13 06:00:00;1000.0;-15.765765;312.12;77.58497
2024-12-13 12:00:00;1000.0;-15.765765;312.12;75.91992
2024-12-13 18:00:00;1000.0;-15.765765;312.12;55.029636
2024-12-14 00:00:00;1000.0;-15.765765;312.12;58.334614
2024-12-14 06:00:00;1000.0;-15.765765;312.12;72.450165
2024-12-14 12:00:00;1000.0;-15.765765;312.12;62.317734
2024-12-14 18:00:00;1000.0;-15.765765;312.12;49.817303
2024-12-15 00:00:00;1000.0;-15.765765;312.12;73.11824
2024-12-15 06:00:00;1000.0;-15.765765;312.12;85.79355
2024-12-15 12:00:00;1000.0;-15.765765;312.12;81.33023
2024-12-15 18:00:00;1000.0;-15.765765;312.12;64.758766
2024-12-16 00:00:00;1000.0;-15.765765;312.12;72.42527
2024-12-16 06:00:00;1000.0;-15.765765;312.12;80.2653
2024-12-16 12:00:00;1000.0;-15.765765;312.12;53.03456
2024-12-16 18:00:00;1000.0;-15.765765;312.12;44.791233
2024-12-17 00:00:00;1000.0;-15.765765;312.12;68.10032
2024-12-17 06:00:00;1000.0;-15.765765;312.12;71.414635
2024-12-17 12:00:00;1000.0;-15.765765;312.12;65.720055
2024-12-17 18:00:00;1000.0;-15.765765;312.12;43.521374
2024-12-18 00:00:00;1000.0;-15.765765;312.12;66.35166
2024-12-18 06:00:00;1000.0;-15.765765;312.12;73.20966
2024-12-18 12:00:00;1000.0;-15.765765;312.12;72.52084
2024-12-18 18:00:00;1000.0;-15.765765;312.12;42.0466
2024-12-19 00:00:00;1000.0;-15.765765;312.12;69.04877
2024-12-19 06:00:00;1000.0;-15.765765;312.12;69.39161
2024-12-19 12:00:00;1000.0;-15.765765;312.12;70.33755
2024-12-19 18:00:00;1000.0;-15.765765;312.12;48.59954
2024-12-20 00:00:00;1000.0;-15.765765;312.12;69.34544
2024-12-20 06:00:00;1000.0;-15.765765;312.12;75.01432
2024-12-20 12:00:00;1000.0;-15.765765;312.12;61.873318
2024-12-20 18:00:00;1000.0;-15.765765;312.12;64.07284
2024-12-21 00:00:00;1000.0;-15.765765;312.12;69.11957
2024-12-21 06:00:00;1000.0;-15.765765;312.12;80.427704
2024-12-21 12:00:00;1000.0;-15.765765;312.12;86.02037
2024-12-21 18:00:00;1000.0;-15.765765;312.12;63.3884
2024-12-22 00:00:00;1000.0;-15.765765;312.12;69.22038
2024-12-22 06:00:00;1000.0;-15.765765;312.12;78.64156
2024-12-22 12:00:00;1000.0;-15.765765;312.12;84.63398
2024-12-22 18:00:00;1000.0;-15.765765;312.12;55.06989
2024-12-23 00:00:00;1000.0;-15.765765;312.12;64.46498
2024-12-23 06:00:00;1000.0;-15.765765;312.12;64.90443
2024-12-23 12:00:00;1000.0;-15.765765;312.12;49.906982
2024-12-23 18:00:00;1000.0;-15.765765;312.12;50.41468
2024-12-24 00:00:00;1000.0;-15.765765;312.12;62.56841
2024-12-24 06:00:00;1000.0;-15.765765;312.12;68.78567
2024-12-24 12:00:00;1000.0;-15.765765;312.12;73.63569
2024-12-24 18:00:00;1000.0;-15.765765;312.12;56.20814
2024-12-25 00:00:00;1000.0;-15.765765;312.12;72.62296
2024-12-25 06:00:00;1000.0;-15.765765;312.12;78.561005
2024-12-25 12:00:00;1000.0;-15.765765;312.12;81.43647
2024-12-25 18:00:00;1000.0;-15.765765;312.12;71.31123
2024-12-26 00:00:00;1000.0;-15.765765;312.12;73.7491
2024-12-26 06:00:00;1000.0;-15.765765;312.12;86.35979
2024-12-26 12:00:00;1000.0;-15.765765;312.12;81.65432
2024-12-26 18:00:00;1000.0;-15.765765;312.12;67.4731
2024-12-27 00:00:00;1000.0;-15.765765;312.12;74.355194
2024-12-27 06:00:00;1000.0;-15.765765;312.12;80.677185
2024-12-27 12:00:00;1000.0;-15.765765;312.12;82.656944
2024-12-27 18:00:00;1000.0;-15.765765;312.12;55.28465
2024-12-28 00:00:00;1000.0;-15.765765;312.12;70.19593
2024-12-28 06:00:00;1000.0;-15.765765;312.12;70.25735
2024-12-28 12:00:00;1000.0;-15.765765;312.12;84.59715
2024-12-28 18:00:00;1000.0;-15.765765;312.12;52.71938
2024-12-29 00:00:00;1000.0;-15.765765;312.12;81.796555
2024-12-29 06:00:00;1000.0;-15.765765;312.12;82.74878
2024-12-29 12:00:00;1000.0;-15.765765;312.12;84.10335
2024-12-29 18:00:00;1000.0;-15.765765;312.12;51.450203
2024-12-30 00:00:00;1000.0;-15.765765;312.12;65.991516
2024-12-30 06:00:00;1000.0;-15.765765;312.12;74.37606
2024-12-30 12:00:00;1000.0;-15.765765;312.12;78.61549
2024-12-30 18:00:00;1000.0;-15.765765;312.12;61.492676
2024-12-31 00:00:00;1000.0;-15.765765;312.12;70.28843
2024-12-31 06:00:00;1000.0;-15.765765;312.12;76.03959
2024-12-31 12:00:00;1000.0;-15.765765;312.12;64.59114
2024-12-31 18:00:00;1000.0;-15.765765;312.12;57.64817
