time;latitude;longitude;t2m
2023-10-20 00:00:00;-15.765765;312.12;28.045868
2023-10-20 06:00:00;-15.765765;312.12;24.06369
2023-10-20 12:00:00;-15.765765;312.12;23.186768
2023-10-20 18:00:00;-15.765765;312.12;26.789398
2023-10-21 00:00:00;-15.765765;312.12;24.661163
2023-10-21 06:00:00;-15.765765;312.12;20.837616
2023-10-21 12:00:00;-15.765765;312.12;19.716766
2023-10-21 18:00:00;-15.765765;312.12;24.125336
2023-10-22 00:00:00;-15.765765;312.12;22.38382
2023-10-22 06:00:00;-15.765765;312.12;17.425323
2023-10-22 12:00:00;-15.765765;312.12;20.532928
2023-10-22 18:00:00;-15.765765;312.12;25.090546
2023-10-23 00:00:00;-15.765765;312.12;25.905273
2023-10-23 06:00:00;-15.765765;312.12;19.337738
2023-10-23 12:00:00;-15.765765;312.12;20.395844
2023-10-23 18:00:00;-15.765765;312.12;23.925507
2023-10-24 00:00:00;-15.765765;312.12;26.740204
2023-10-24 06:00:00;-15.765765;312.12;31.029144
2023-10-24 12:00:00;-15.765765;312.12;24.398132
2023-10-24 18:00:00;-15.765765;312.12;27.819275
2023-10-25 00:00:00;-15.765765;312.12;26.160706
2023-10-25 06:00:00;-15.765765;312.12;19.274994
2023-10-25 12:00:00;-15.765765;312.12;23.35907
2023-10-25 18:00:00;-15.765765;312.12;28.002594
2023-10-26 00:00:00;-15.765765;312.12;24.441498
2023-10-26 06:00:00;-15.765765;312.12;20.6091
2023-10-26 12:00:00;-15.765765;312.12;23.855316
2023-10-26 18:00:00;-15.765765;312.12;24.186615
2023-10-27 00:00:00;-15.765765;312.12;21.337463
2023-10-27 06:00:00;-15.765765;312.12;17.825775
2023-10-27 12:00:00;-15.765765;312.12;23.012451
2023-10-27 18:00:00;-15.765765;312.12;25.898346
2023-10-28 00:00:00;-15.765765;312.12;21.19873
2023-10-28 06:00:00;-15.765765;312.12;20.999695
2023-10-28 12:00:00;-15.765765;312.12;20.720978
2023-10-28 18:00:00;-15.765765;312.12;25.425629
2023-10-29 00:00:00;-15.765765;312.12;22.802582
2023-10-29 06:00:00;-15.765765;312.12;21.990143
2023-10-29 12:00:00;-15.765765;312.12;23.512726
2023-10-29 18:00:00;-15.765765;312.12;29.488861
2023-10-30 00:00:00;-15.765765;312.12;28.834595
2023-10-30 06:00:00;-15.765765;312.12;26.49588
2023-10-30 12:00:00;-15.765765;312.12;26.322235
2023-10-30 18:00:00;-15.765765;312.12;31.672516
2023-10-31 00:00:00;-15.765765;312.12;27.827728
2023-10-31 06:00:00;-15.765765;312.12;26.627136
2023-10-31 12:00:00;-15.765765;312.12;25.96817
2023-10-31 18:00:00;-15.765765;312.12;29.87851
2023-11-01 00:00:00;-15.765765;312.12;20.90091
2023-11-01 06:00:00;-15.765765;312.12;18.452454
2023-11-01 12:00:00;-15.765765;312.12;19.978668
2023-11-01 18:00:00;-15.765765;312.12;27.849915
2023-11-02 00:00:00;-15.765765;312.12;22.796173
2023-11-02 06:00:00;-15.765765;312.12;18.456055
2023-11-02 12:00:00;-15.765765;312.12;23.500214
2023-11-02 18:00:00;-15.765765;312.12;28.384857
2023-11-03 00:00:00;-15.765765;312.12;21.636444
2023-11-03 06:00:00;-15.765765;312.12;19.53888
2023-11-03 12:00:00;-15.765765;312.12;21.696564
2023-11-03 18:00:00;-15.765765;312.12;25.150848
2023-11-04 00:00:00;-15.765765;312.12;20.74826
2023-11-04 06:00:00;-15.765765;312.12;19.017487
2023-11-04 12:00:00;-15.765765;312.12;20.918488
2023-11-04 18:00:00;-15.765765;312.12;27.617096
2023-11-05 00:00:00;-15.765765;312.12;22.004303
2023-11-05 06:00:00;-15.765765;312.12;18.315796
2023-11-05 12:00:00;-15.765765;312.12;21.11087
2023-11-05 18:00:00;-15.765765;312.12;29.751343
2023-11-06 00:00:00;-15.765765;312.12;22.345612
2023-11-06 06:00:00;-15.765765;312.12;18.84555
2023-11-06 12:00:00;-15.765765;312.12;22.969666
2023-11-06 18:00:00;-15.765765;312.12;25.105011
2023-11-07 00:00:00;-15.765765;312.12;25.288696
2023-11-07 06:00:00;-15.765765;312.12;17.702484
2023-11-07 12:00:00;-15.765765;312.12;19.5802
2023-11-07 18:00:00;-15.765765;312.12;27.90622
2023-11-08 00:00:00;-15.765765;312.12;24.653961
2023-11-08 06:00:00;-15.765765;312.12;17.215271
2023-11-08 12:00:00;-15.765765;312.12;18.888672
2023-11-08 18:00:00;-15.765765;312.12;27.433105
2023-11-09 00:00:00;-15.765765;312.12;24.271332
2023-11-09 06:00:00;-15.765765;312.12;18.388458
2023-11-09 12:00:00;-15.765765;312.12;20.737915
2023-11-09 18:00:00;-15.765765;312.12;27.462067
2023-11-10 00:00:00;-15.765765;312.12;25.063538
2023-11-10 06:00:00;-15.765765;312.12;22.982697
2023-11-10 12:00:00;-15.765765;312.12;22.178741
2023-11-10 18:00:00;-15.765765;312.12;27.403778
2023-11-11 00:00:00;-15.765765;312.12;27.158722
2023-11-11 06:00:00;-15.765765;312.12;26.089813
2023-11-11 12:00:00;-15.765765;312.12;23.0466
2023-11-11 18:00:00;-15.765765;312.12;28.48349
2023-11-12 00:00:00;-15.765765;312.12;26.854034
2023-11-12 06:00:00;-15.765765;312.12;30.34311
2023-11-12 12:00:00;-15.765765;312.12;24.738953
2023-11-12 18:00:00;-15.765765;312.12;29.361603
2023-11-13 00:00:00;-15.765765;312.12;28.029175
2023-11-13 06:00:00;-15.765765;312.12;32.55661
2023-11-13 12:00:00;-15.765765;312.12;25.818329
2023-11-13 18:00:00;-15.765765;312.12;30.624481
2023-11-14 00:00:00;-15.765765;312.12;28.691376
2023-11-14 06:00:00;-15.765765;312.12;30.632538
2023-11-14 12:00:00;-15.765765;312.12;25.725006
2023-11-14 18:00:00;-15.765765;312.12;31.404572
2023-11-15 00:00:00;-15.765765;312.12;30.63263
2023-11-15 06:00:00;-15.765765;312.12;27.53543
2023-11-15 12:00:00;-15.765765;312.12;25.52301
2023-11-15 18:00:00;-15.765765;312.12;31.799438
2023-11-16 00:00:00;-15.765765;312.12;27.664429
2023-11-16 06:00:00;-15.765765;312.12;21.236328
2023-11-16 12:00:00;-15.765765;312.12;25.257477
2023-11-16 18:00:00;-15.765765;312.12;30.297577
2023-11-17 00:00:00;-15.765765;312.12;26.318542
2023-11-17 06:00:00;-15.765765;312.12;23.596771
2023-11-17 12:00:00;-15.765765;312.12;24.153656
2023-11-17 18:00:00;-15.765765;312.12;28.525513
2023-11-18 00:00:00;-15.765765;312.12;25.732819
2023-11-18 06:00:00;-15.765765;312.12;23.844269
2023-11-18 12:00:00;-15.765765;312.12;23.828583
2023-11-18 18:00:00;-15.765765;312.12;28.565704
2023-11-19 00:00:00;-15.765765;312.12;25.99588
2023-11-19 06:00:00;-15.765765;312.12;21.33194
2023-11-19 12:00:00;-15.765765;312.12;24.06601
2023-11-19 18:00:00;-15.765765;312.12;28.833069
2023-11-20 00:00:00;-15.765765;312.12;26.432281
2023-11-20 06:00:00;-15.765765;312.12;20.822296
2023-11-20 12:00:00;-15.765765;312.12;20.537628
2023-11-20 18:00:00;-15.765765;312.12;26.957855
2023-11-21 00:00:00;-15.765765;312.12;20.325287
2023-11-21 06:00:00;-15.765765;312.12;18.414825
2023-11-21 12:00:00;-15.765765;312.12;20.994751
2023-11-21 18:00:00;-15.765765;312.12;23.420471
2023-11-22 00:00:00;-15.765765;312.12;21.844269
2023-11-22 06:00:00;-15.765765;312.12;20.703705
2023-11-22 12:00:00;-15.765765;312.12;19.856323
2023-11-22 18:00:00;-15.765765;312.12;23.087982
2023-11-23 00:00:00;-15.765765;312.12;21.79184
2023-11-23 06:00:00;-15.765765;312.12;20.745758
2023-11-23 12:00:00;-15.765765;312.12;21.90268
2023-11-23 18:00:00;-15.765765;312.12;29.566193
2023-11-24 00:00:00;-15.765765;312.12;24.432526
2023-11-24 06:00:00;-15.765765;312.12;17.813293
2023-11-24 12:00:00;-15.765765;312.12;24.16745
2023-11-24 18:00:00;-15.765765;312.12;30.552643
2023-11-25 00:00:00;-15.765765;312.12;25.325897
2023-11-25 06:00:00;-15.765765;312.12;23.605804
2023-11-25 12:00:00;-15.765765;312.12;24.440796
2023-11-25 18:00:00;-15.765765;312.12;28.96756
2023-11-26 00:00:00;-15.765765;312.12;26.0018
2023-11-26 06:00:00;-15.765765;312.12;20.682892
2023-11-26 12:00:00;-15.765765;312.12;20.822174
2023-11-26 18:00:00;-15.765765;312.12;25.960876
2023-11-27 00:00:00;-15.765765;312.12;25.047363
2023-11-27 06:00:00;-15.765765;312.12;18.051971
2023-11-27 12:00:00;-15.765765;312.12;22.667206
2023-11-27 18:00:00;-15.765765;312.12;27.663116
2023-11-28 00:00:00;-15.765765;312.12;23.83548
2023-11-28 06:00:00;-15.765765;312.12;23.280243
2023-11-28 12:00:00;-15.765765;312.12;22.919525
2023-11-28 18:00:00;-15.765765;312.12;27.731659
2023-11-29 00:00:00;-15.765765;312.12;25.826965
2023-11-29 06:00:00;-15.765765;312.12;23.95279
2023-11-29 12:00:00;-15.765765;312.12;26.33075
2023-11-29 18:00:00;-15.765765;312.12;31.17752
2023-11-30 00:00:00;-15.765765;312.12;23.664032
2023-11-30 06:00:00;-15.765765;312.12;20.449371
2023-11-30 12:00:00;-15.765765;312.12;22.454865
2023-11-30 18:00:00;-15.765765;312.12;25.532684
2023-12-01 00:00:00;-15.765765;312.12;24.609344
2023-12-01 06:00:00;-15.765765;312.12;23.02655
2023-12-01 12:00:00;-15.765765;312.12;23.906525
2023-12-01 18:00:00;-15.765765;312.12;27.652985
2023-12-02 00:00:00;-15.765765;312.12;24.385834
2023-12-02 06:00:00;-15.765765;312.12;23.96521
2023-12-02 12:00:00;-15.765765;312.12;26.539795
2023-12-02 18:00:00;-15.765765;312.12;28.61316
2023-12-03 00:00:00;-15.765765;312.12;22.884247
2023-12-03 06:00:00;-15.765765;312.12;20.538727
2023-12-03 12:00:00;-15.765765;312.12;22.290558
2023-12-03 18:00:00;-15.765765;312.12;28.201721
2023-12-04 00:00:00;-15.765765;312.12;21.133575
2023-12-04 06:00:00;-15.765765;312.12;18.81308
2023-12-04 12:00:00;-15.765765;312.12;20.936127
2023-12-04 18:00:00;-15.765765;312.12;23.308746
2023-12-05 00:00:00;-15.765765;312.12;22.085419
2023-12-05 06:00:00;-15.765765;312.12;21.016327
2023-12-05 12:00:00;-15.765765;312.12;24.016327
2023-12-05 18:00:00;-15.765765;312.12;29.782623
2023-12-06 00:00:00;-15.765765;312.12;21.619965
2023-12-06 06:00:00;-15.765765;312.12;18.96457
2023-12-06 12:00:00;-15.765765;312.12;23.955841
2023-12-06 18:00:00;-15.765765;312.12;31.623657
2023-12-07 00:00:00;-15.765765;312.12;24.67566
2023-12-07 06:00:00;-15.765765;312.12;23.181946
2023-12-07 12:00:00;-15.765765;312.12;23.466461
2023-12-07 18:00:00;-15.765765;312.12;30.90567
2023-12-08 00:00:00;-15.765765;312.12;24.966461
2023-12-08 06:00:00;-15.765765;312.12;23.30896
2023-12-08 12:00:00;-15.765765;312.12;25.918304
2023-12-08 18:00:00;-15.765765;312.12;31.085114
2023-12-09 00:00:00;-15.765765;312.12;26.673676
2023-12-09 06:00:00;-15.765765;312.12;24.877472
2023-12-09 12:00:00;-15.765765;312.12;27.916962
2023-12-09 18:00:00;-15.765765;312.12;32.064606
2023-12-10 00:00:00;-15.765765;312.12;26.948395
2023-12-10 06:00:00;-15.765765;312.12;19.509644
2023-12-10 12:00:00;-15.765765;312.12;22.25827
2023-12-10 18:00:00;-15.765765;312.12;28.029633
2023-12-11 00:00:00;-15.765765;312.12;27.980743
2023-12-11 06:00:00;-15.765765;312.12;23.374603
2023-12-11 12:00:00;-15.765765;312.12;24.8609
2023-12-11 18:00:00;-15.765765;312.12;27.02182
2023-12-12 00:00:00;-15.765765;312.12;22.080109
2023-12-12 06:00:00;-15.765765;312.12;21.223389
2023-12-12 12:00:00;-15.765765;312.12;22.612396
2023-12-12 18:00:00;-15.765765;312.12;27.384521
2023-12-13 00:00:00;-15.765765;312.12;23.335388
2023-12-13 06:00:00;-15.765765;312.12;20.567352
2023-12-13 12:00:00;-15.765765;312.12;23.991058
2023-12-13 18:00:00;-15.765765;312.12;28.585114
2023-12-14 00:00:00;-15.765765;312.12;27.02481
2023-12-14 06:00:00;-15.765765;312.12;24.3461
2023-12-14 12:00:00;-15.765765;312.12;23.194061
2023-12-14 18:00:00;-15.765765;312.12;28.171844
2023-12-15 00:00:00;-15.765765;312.12;25.466705
2023-12-15 06:00:00;-15.765765;312.12;27.799896
2023-12-15 12:00:00;-15.765765;312.12;21.427216
2023-12-15 18:00:00;-15.765765;312.12;28.315094
2023-12-16 00:00:00;-15.765765;312.12;25.645233
2023-12-16 06:00:00;-15.765765;312.12;23.440613
2023-12-16 12:00:00;-15.765765;312.12;22.214172
2023-12-16 18:00:00;-15.765765;312.12;28.450836
2023-12-17 00:00:00;-15.765765;312.12;27.454987
2023-12-17 06:00:00;-15.765765;312.12;25.90036
2023-12-17 12:00:00;-15.765765;312.12;23.34439
2023-12-17 18:00:00;-15.765765;312.12;27.478699
2023-12-18 00:00:00;-15.765765;312.12;27.664825
2023-12-18 06:00:00;-15.765765;312.12;25.516724
2023-12-18 12:00:00;-15.765765;312.12;25.959839
2023-12-18 18:00:00;-15.765765;312.12;28.005096
2023-12-19 00:00:00;-15.765765;312.12;25.46402
2023-12-19 06:00:00;-15.765765;312.12;23.628174
2023-12-19 12:00:00;-15.765765;312.12;26.056854
2023-12-19 18:00:00;-15.765765;312.12;29.104767
2023-12-20 00:00:00;-15.765765;312.12;25.003937
2023-12-20 06:00:00;-15.765765;312.12;19.8768
2023-12-20 12:00:00;-15.765765;312.12;24.213959
2023-12-20 18:00:00;-15.765765;312.12;24.81372
2023-12-21 00:00:00;-15.765765;312.12;20.780579
2023-12-21 06:00:00;-15.765765;312.12;18.029297
2023-12-21 12:00:00;-15.765765;312.12;19.997833
2023-12-21 18:00:00;-15.765765;312.12;23.188843
2023-12-22 00:00:00;-15.765765;312.12;20.467194
2023-12-22 06:00:00;-15.765765;312.12;18.550262
2023-12-22 12:00:00;-15.765765;312.12;22.293
2023-12-22 18:00:00;-15.765765;312.12;30.234406
2023-12-23 00:00:00;-15.765765;312.12;21.958832
2023-12-23 06:00:00;-15.765765;312.12;21.246216
2023-12-23 12:00:00;-15.765765;312.12;21.504974
2023-12-23 18:00:00;-15.765765;312.12;25.225128
2023-12-24 00:00:00;-15.765765;312.12;21.29773
2023-12-24 06:00:00;-15.765765;312.12;20.265717
2023-12-24 12:00:00;-15.765765;312.12;22.826355
2023-12-24 18:00:00;-15.765765;312.12;27.877106
2023-12-25 00:00:00;-15.765765;312.12;22.525696
2023-12-25 06:00:00;-15.765765;312.12;19.394562
2023-12-25 12:00:00;-15.765765;312.12;23.554169
2023-12-25 18:00:00;-15.765765;312.12;26.935516
2023-12-26 00:00:00;-15.765765;312.12;23.979095
2023-12-26 06:00:00;-15.765765;312.12;23.353668
2023-12-26 12:00:00;-15.765765;312.12;24.055145
2023-12-26 18:00:00;-15.765765;312.12;31.422882
2023-12-27 00:00:00;-15.765765;312.12;23.334076
2023-12-27 06:00:00;-15.765765;312.12;20.483429
2023-12-27 12:00:00;-15.765765;312.12;26.414215
2023-12-27 18:00:00;-15.765765;312.12;32.90396
2023-12-28 00:00:00;-15.765765;312.12;26.163666
2023-12-28 06:00:00;-15.765765;312.12;23.699432
2023-12-28 12:00:00;-15.765765;312.12;25.279388
2023-12-28 18:00:00;-15.765765;312.12;31.852509
2023-12-29 00:00:00;-15.765765;312.12;23.704254
2023-12-29 06:00:00;-15.765765;312.12;23.01242
2023-12-29 12:00:00;-15.765765;312.12;26.258636
2023-12-29 18:00:00;-15.765765;312.12;29.246857
2023-12-30 00:00:00;-15.765765;312.12;23.938507
2023-12-30 06:00:00;-15.765765;312.12;22.872314
2023-12-30 12:00:00;-15.765765;312.12;25.976837
2023-12-30 18:00:00;-15.765765;312.12;30.089874
2023-12-31 00:00:00;-15.765765;312.12;21.693878
2023-12-31 06:00:00;-15.765765;312.12;20.490875
2023-12-31 12:00:00;-15.765765;312.12;24.139008
2023-12-31 18:00:00;-15.765765;312.12;27.718842
2024-01-01 00:00:00;-15.765765;312.12;22.718964
2024-01-01 06:00:00;-15.765765;312.12;20.44806
2024-01-01 12:00:00;-15.765765;312.12;22.409698
2024-01-01 18:00:00;-15.765765;312.12;24.993256
2024-01-02 00:00:00;-15.765765;312.12;21.389862
2024-01-02 06:00:00;-15.765765;312.12;19.708038
2024-01-02 12:00:00;-15.765765;312.12;23.135284
2024-01-02 18:00:00;-15.765765;312.12;24.48883
2024-01-03 00:00:00;-15.765765;312.12;20.764862
2024-01-03 06:00:00;-15.765765;312.12;19.095734
2024-01-03 12:00:00;-15.765765;312.12;20.381378
2024-01-03 18:00:00;-15.765765;312.12;24.550018
2024-01-04 00:00:00;-15.765765;312.12;21.21878
2024-01-04 06:00:00;-15.765765;312.12;19.809448
2024-01-04 12:00:00;-15.765765;312.12;21.895874
2024-01-04 18:00:00;-15.765765;312.12;22.97342
2024-01-05 00:00:00;-15.765765;312.12;21.14804
2024-01-05 06:00:00;-15.765765;312.12;19.178009
2024-01-05 12:00:00;-15.765765;312.12;20.55606
2024-01-05 18:00:00;-15.765765;312.12;22.536469
2024-01-06 00:00:00;-15.765765;312.12;20.785187
2024-01-06 06:00:00;-15.765765;312.12;18.859344
2024-01-06 12:00:00;-15.765765;312.12;19.966492
2024-01-06 18:00:00;-15.765765;312.12;29.057587
2024-01-07 00:00:00;-15.765765;312.12;22.449402
2024-01-07 06:00:00;-15.765765;312.12;20.975037
2024-01-07 12:00:00;-15.765765;312.12;22.952759
2024-01-07 18:00:00;-15.765765;312.12;28.23703
2024-01-08 00:00:00;-15.765765;312.12;22.216827
2024-01-08 06:00:00;-15.765765;312.12;20.813416
2024-01-08 12:00:00;-15.765765;312.12;22.884277
2024-01-08 18:00:00;-15.765765;312.12;26.584503
2024-01-09 00:00:00;-15.765765;312.12;20.663574
2024-01-09 06:00:00;-15.765765;312.12;19.546417
2024-01-09 12:00:00;-15.765765;312.12;20.863953
2024-01-09 18:00:00;-15.765765;312.12;23.865875
2024-01-10 00:00:00;-15.765765;312.12;21.571869
2024-01-10 06:00:00;-15.765765;312.12;19.075867
2024-01-10 12:00:00;-15.765765;312.12;21.266693
2024-01-10 18:00:00;-15.765765;312.12;26.964844
2024-01-11 00:00:00;-15.765765;312.12;21.265594
2024-01-11 06:00:00;-15.765765;312.12;19.628479
2024-01-11 12:00:00;-15.765765;312.12;23.193512
2024-01-11 18:00:00;-15.765765;312.12;25.393616
2024-01-12 00:00:00;-15.765765;312.12;21.52652
2024-01-12 06:00:00;-15.765765;312.12;21.44931
2024-01-12 12:00:00;-15.765765;312.12;23.85086
2024-01-12 18:00:00;-15.765765;312.12;30.373688
2024-01-13 00:00:00;-15.765765;312.12;22.6138
2024-01-13 06:00:00;-15.765765;312.12;21.934113
2024-01-13 12:00:00;-15.765765;312.12;25.615082
2024-01-13 18:00:00;-15.765765;312.12;30.579834
2024-01-14 00:00:00;-15.765765;312.12;23.233704
2024-01-14 06:00:00;-15.765765;312.12;21.598969
2024-01-14 12:00:00;-15.765765;312.12;23.938995
2024-01-14 18:00:00;-15.765765;312.12;24.376617
2024-01-15 00:00:00;-15.765765;312.12;20.869537
2024-01-15 06:00:00;-15.765765;312.12;18.70285
2024-01-15 12:00:00;-15.765765;312.12;20.971283
2024-01-15 18:00:00;-15.765765;312.12;24.937347
2024-01-16 00:00:00;-15.765765;312.12;22.187897
2024-01-16 06:00:00;-15.765765;312.12;21.380157
2024-01-16 12:00:00;-15.765765;312.12;25.0289
2024-01-16 18:00:00;-15.765765;312.12;32.352905
2024-01-17 00:00:00;-15.765765;312.12;22.918121
2024-01-17 06:00:00;-15.765765;312.12;21.414337
2024-01-17 12:00:00;-15.765765;312.12;25.815582
2024-01-17 18:00:00;-15.765765;312.12;32.496185
2024-01-18 00:00:00;-15.765765;312.12;24.464386
2024-01-18 06:00:00;-15.765765;312.12;23.633331
2024-01-18 12:00:00;-15.765765;312.12;26.824402
2024-01-18 18:00:00;-15.765765;312.12;33.053528
2024-01-19 00:00:00;-15.765765;312.12;22.880646
2024-01-19 06:00:00;-15.765765;312.12;22.108307
2024-01-19 12:00:00;-15.765765;312.12;26.639008
2024-01-19 18:00:00;-15.765765;312.12;32.777374
2024-01-20 00:00:00;-15.765765;312.12;25.409943
2024-01-20 06:00:00;-15.765765;312.12;23.54129
2024-01-20 12:00:00;-15.765765;312.12;27.754852
2024-01-20 18:00:00;-15.765765;312.12;33.528625
2024-01-21 00:00:00;-15.765765;312.12;25.45401
2024-01-21 06:00:00;-15.765765;312.12;23.816315
2024-01-21 12:00:00;-15.765765;312.12;26.03122
2024-01-21 18:00:00;-15.765765;312.12;32.944916
2024-01-22 00:00:00;-15.765765;312.12;21.711578
2024-01-22 06:00:00;-15.765765;312.12;19.752625
2024-01-22 12:00:00;-15.765765;312.12;25.258759
2024-01-22 18:00:00;-15.765765;312.12;31.06717
2024-01-23 00:00:00;-15.765765;312.12;21.880035
2024-01-23 06:00:00;-15.765765;312.12;20.132782
2024-01-23 12:00:00;-15.765765;312.12;23.793549
2024-01-23 18:00:00;-15.765765;312.12;25.68512
2024-01-24 00:00:00;-15.765765;312.12;21.539917
2024-01-24 06:00:00;-15.765765;312.12;20.853607
2024-01-24 12:00:00;-15.765765;312.12;23.00293
2024-01-24 18:00:00;-15.765765;312.12;25.059967
2024-01-25 00:00:00;-15.765765;312.12;21.627167
2024-01-25 06:00:00;-15.765765;312.12;19.407684
2024-01-25 12:00:00;-15.765765;312.12;22.46231
2024-01-25 18:00:00;-15.765765;312.12;26.783173
2024-01-26 00:00:00;-15.765765;312.12;21.833008
2024-01-26 06:00:00;-15.765765;312.12;19.614716
2024-01-26 12:00:00;-15.765765;312.12;23.170197
2024-01-26 18:00:00;-15.765765;312.12;24.3779
2024-01-27 00:00:00;-15.765765;312.12;21.627747
2024-01-27 06:00:00;-15.765765;312.12;20.22232
2024-01-27 12:00:00;-15.765765;312.12;23.484161
2024-01-27 18:00:00;-15.765765;312.12;28.238922
2024-01-28 00:00:00;-15.765765;312.12;21.800598
2024-01-28 06:00:00;-15.765765;312.12;18.533813
2024-01-28 12:00:00;-15.765765;312.12;21.602295
2024-01-28 18:00:00;-15.765765;312.12;28.462433
2024-01-29 00:00:00;-15.765765;312.12;20.287354
2024-01-29 06:00:00;-15.765765;312.12;17.2883
2024-01-29 12:00:00;-15.765765;312.12;20.74411
2024-01-29 18:00:00;-15.765765;312.12;29.902649
2024-01-30 00:00:00;-15.765765;312.12;22.960022
2024-01-30 06:00:00;-15.765765;312.12;21.215302
2024-01-30 12:00:00;-15.765765;312.12;25.247314
2024-01-30 18:00:00;-15.765765;312.12;32.2695
2024-01-31 00:00:00;-15.765765;312.12;22.795593
2024-01-31 06:00:00;-15.765765;312.12;20.767853
2024-01-31 12:00:00;-15.765765;312.12;24.213745
2024-01-31 18:00:00;-15.765765;312.12;29.191895
2024-02-01 00:00:00;-15.765765;312.12;20.381378
2024-02-01 06:00:00;-15.765765;312.12;17.733429
2024-02-01 12:00:00;-15.765765;312.12;19.650848
2024-02-01 18:00:00;-15.765765;312.12;24.594696
2024-02-02 00:00:00;-15.765765;312.12;21.03241
2024-02-02 06:00:00;-15.765765;312.12;18.774902
2024-02-02 12:00:00;-15.765765;312.12;22.034882
2024-02-02 18:00:00;-15.765765;312.12;23.90622
2024-02-03 00:00:00;-15.765765;312.12;20.617706
2024-02-03 06:00:00;-15.765765;312.12;18.233368
2024-02-03 12:00:00;-15.765765;312.12;21.266937
2024-02-03 18:00:00;-15.765765;312.12;25.541718
2024-02-04 00:00:00;-15.765765;312.12;20.924835
2024-02-04 06:00:00;-15.765765;312.12;20.005035
2024-02-04 12:00:00;-15.765765;312.12;23.124237
2024-02-04 18:00:00;-15.765765;312.12;29.854858
2024-02-05 00:00:00;-15.765765;312.12;21.645203
2024-02-05 06:00:00;-15.765765;312.12;20.960083
2024-02-05 12:00:00;-15.765765;312.12;23.697266
2024-02-05 18:00:00;-15.765765;312.12;30.49881
2024-02-06 00:00:00;-15.765765;312.12;20.377502
2024-02-06 06:00:00;-15.765765;312.12;18.749176
2024-02-06 12:00:00;-15.765765;312.12;21.045624
2024-02-06 18:00:00;-15.765765;312.12;25.247406
2024-02-07 00:00:00;-15.765765;312.12;21.820892
2024-02-07 06:00:00;-15.765765;312.12;20.241669
2024-02-07 12:00:00;-15.765765;312.12;22.402985
2024-02-07 18:00:00;-15.765765;312.12;27.127228
2024-02-08 00:00:00;-15.765765;312.12;22.576813
2024-02-08 06:00:00;-15.765765;312.12;21.131866
2024-02-08 12:00:00;-15.765765;312.12;20.775208
2024-02-08 18:00:00;-15.765765;312.12;24.71579
2024-02-09 00:00:00;-15.765765;312.12;22.603851
2024-02-09 06:00:00;-15.765765;312.12;21.982971
2024-02-09 12:00:00;-15.765765;312.12;22.125427
2024-02-09 18:00:00;-15.765765;312.12;23.394379
2024-02-10 00:00:00;-15.765765;312.12;20.114655
2024-02-10 06:00:00;-15.765765;312.12;18.10199
2024-02-10 12:00:00;-15.765765;312.12;18.478882
2024-02-10 18:00:00;-15.765765;312.12;20.900665
2024-02-11 00:00:00;-15.765765;312.12;20.365326
2024-02-11 06:00:00;-15.765765;312.12;18.813965
2024-02-11 12:00:00;-15.765765;312.12;20.417572
2024-02-11 18:00:00;-15.765765;312.12;21.963501
2024-02-12 00:00:00;-15.765765;312.12;19.753876
2024-02-12 06:00:00;-15.765765;312.12;17.197723
2024-02-12 12:00:00;-15.765765;312.12;22.494507
2024-02-12 18:00:00;-15.765765;312.12;27.203644
2024-02-13 00:00:00;-15.765765;312.12;21.142303
2024-02-13 06:00:00;-15.765765;312.12;18.844666
2024-02-13 12:00:00;-15.765765;312.12;23.12796
2024-02-13 18:00:00;-15.765765;312.12;31.400177
2024-02-14 00:00:00;-15.765765;312.12;22.648102
2024-02-14 06:00:00;-15.765765;312.12;21.280243
2024-02-14 12:00:00;-15.765765;312.12;25.18451
2024-02-14 18:00:00;-15.765765;312.12;31.866608
2024-02-15 00:00:00;-15.765765;312.12;23.75888
2024-02-15 06:00:00;-15.765765;312.12;26.595612
2024-02-15 12:00:00;-15.765765;312.12;25.349945
2024-02-15 18:00:00;-15.765765;312.12;30.8721
2024-02-16 00:00:00;-15.765765;312.12;20.695435
2024-02-16 06:00:00;-15.765765;312.12;18.851074
2024-02-16 12:00:00;-15.765765;312.12;21.930786
2024-02-16 18:00:00;-15.765765;312.12;28.275208
2024-02-17 00:00:00;-15.765765;312.12;21.428131
2024-02-17 06:00:00;-15.765765;312.12;19.841614
2024-02-17 12:00:00;-15.765765;312.12;20.303802
2024-02-17 18:00:00;-15.765765;312.12;24.521667
2024-02-18 00:00:00;-15.765765;312.12;21.36087
2024-02-18 06:00:00;-15.765765;312.12;18.42929
2024-02-18 12:00:00;-15.765765;312.12;21.56546
2024-02-18 18:00:00;-15.765765;312.12;24.622345
2024-02-19 00:00:00;-15.765765;312.12;20.259308
2024-02-19 06:00:00;-15.765765;312.12;17.907623
2024-02-19 12:00:00;-15.765765;312.12;19.273071
2024-02-19 18:00:00;-15.765765;312.12;23.443634
2024-02-20 00:00:00;-15.765765;312.12;19.705292
2024-02-20 06:00:00;-15.765765;312.12;18.980835
2024-02-20 12:00:00;-15.765765;312.12;18.642792
2024-02-20 18:00:00;-15.765765;312.12;20.145721
2024-02-21 00:00:00;-15.765765;312.12;19.325592
2024-02-21 06:00:00;-15.765765;312.12;18.493134
2024-02-21 12:00:00;-15.765765;312.12;19.027191
2024-02-21 18:00:00;-15.765765;312.12;23.448608
2024-02-22 00:00:00;-15.765765;312.12;19.855621
2024-02-22 06:00:00;-15.765765;312.12;18.60736
2024-02-22 12:00:00;-15.765765;312.12;18.854523
2024-02-22 18:00:00;-15.765765;312.12;21.503479
2024-02-23 00:00:00;-15.765765;312.12;20.548157
2024-02-23 06:00:00;-15.765765;312.12;18.235138
2024-02-23 12:00:00;-15.765765;312.12;18.849304
2024-02-23 18:00:00;-15.765765;312.12;20.978607
2024-02-24 00:00:00;-15.765765;312.12;20.122437
2024-02-24 06:00:00;-15.765765;312.12;18.371796
2024-02-24 12:00:00;-15.765765;312.12;21.344452
2024-02-24 18:00:00;-15.765765;312.12;26.54837
2024-02-25 00:00:00;-15.765765;312.12;20.174713
2024-02-25 06:00:00;-15.765765;312.12;18.44394
2024-02-25 12:00:00;-15.765765;312.12;21.302368
2024-02-25 18:00:00;-15.765765;312.12;27.423065
2024-02-26 00:00:00;-15.765765;312.12;20.808746
2024-02-26 06:00:00;-15.765765;312.12;18.401215
2024-02-26 12:00:00;-15.765765;312.12;21.197266
2024-02-26 18:00:00;-15.765765;312.12;28.209381
2024-02-27 00:00:00;-15.765765;312.12;20.070343
2024-02-27 06:00:00;-15.765765;312.12;22.091309
2024-02-27 12:00:00;-15.765765;312.12;21.459259
2024-02-27 18:00:00;-15.765765;312.12;28.715057
2024-02-28 00:00:00;-15.765765;312.12;22.687408
2024-02-28 06:00:00;-15.765765;312.12;21.726776
2024-02-28 12:00:00;-15.765765;312.12;23.631348
2024-02-28 18:00:00;-15.765765;312.12;30.43808
2024-02-29 00:00:00;-15.765765;312.12;24.831085
2024-02-29 06:00:00;-15.765765;312.12;27.522125
2024-02-29 12:00:00;-15.765765;312.12;26.09378
2024-02-29 18:00:00;-15.765765;312.12;31.122375
2024-03-01 00:00:00;-15.765765;312.12;24.408966
2024-03-01 06:00:00;-15.765765;312.12;19.169647
2024-03-01 12:00:00;-15.765765;312.12;25.437286
2024-03-01 18:00:00;-15.765765;312.12;30.926056
2024-03-02 00:00:00;-15.765765;312.12;24.07022
2024-03-02 06:00:00;-15.765765;312.12;21.66742
2024-03-02 12:00:00;-15.765765;312.12;25.648956
2024-03-02 18:00:00;-15.765765;312.12;29.210815
2024-03-03 00:00:00;-15.765765;312.12;24.739319
2024-03-03 06:00:00;-15.765765;312.12;22.968597
2024-03-03 12:00:00;-15.765765;312.12;25.868866
2024-03-03 18:00:00;-15.765765;312.12;27.169159
2024-03-04 00:00:00;-15.765765;312.12;21.1651
2024-03-04 06:00:00;-15.765765;312.12;17.586945
2024-03-04 12:00:00;-15.765765;312.12;19.04837
2024-03-04 18:00:00;-15.765765;312.12;24.68985
2024-03-05 00:00:00;-15.765765;312.12;20.47763
2024-03-05 06:00:00;-15.765765;312.12;17.940643
2024-03-05 12:00:00;-15.765765;312.12;20.091705
2024-03-05 18:00:00;-15.765765;312.12;28.065216
2024-03-06 00:00:00;-15.765765;312.12;20.937286
2024-03-06 06:00:00;-15.765765;312.12;20.403442
2024-03-06 12:00:00;-15.765765;312.12;22.369019
2024-03-06 18:00:00;-15.765765;312.12;25.467316
2024-03-07 00:00:00;-15.765765;312.12;22.128265
2024-03-07 06:00:00;-15.765765;312.12;20.828735
2024-03-07 12:00:00;-15.765765;312.12;23.452606
2024-03-07 18:00:00;-15.765765;312.12;26.295746
2024-03-08 00:00:00;-15.765765;312.12;21.82785
2024-03-08 06:00:00;-15.765765;312.12;21.21399
2024-03-08 12:00:00;-15.765765;312.12;23.53366
2024-03-08 18:00:00;-15.765765;312.12;30.710785
2024-03-09 00:00:00;-15.765765;312.12;23.673096
2024-03-09 06:00:00;-15.765765;312.12;21.717957
2024-03-09 12:00:00;-15.765765;312.12;23.228424
2024-03-09 18:00:00;-15.765765;312.12;30.450775
2024-03-10 00:00:00;-15.765765;312.12;23.479645
2024-03-10 06:00:00;-15.765765;312.12;20.91922
2024-03-10 12:00:00;-15.765765;312.12;23.151947
2024-03-10 18:00:00;-15.765765;312.12;28.214386
2024-03-11 00:00:00;-15.765765;312.12;21.900787
2024-03-11 06:00:00;-15.765765;312.12;21.602997
2024-03-11 12:00:00;-15.765765;312.12;23.740509
2024-03-11 18:00:00;-15.765765;312.12;26.277283
2024-03-12 00:00:00;-15.765765;312.12;22.750458
2024-03-12 06:00:00;-15.765765;312.12;22.226013
2024-03-12 12:00:00;-15.765765;312.12;24.894135
2024-03-12 18:00:00;-15.765765;312.12;30.30191
2024-03-13 00:00:00;-15.765765;312.12;23.358063
2024-03-13 06:00:00;-15.765765;312.12;22.662262
2024-03-13 12:00:00;-15.765765;312.12;22.696991
2024-03-13 18:00:00;-15.765765;312.12;24.248749
2024-03-14 00:00:00;-15.765765;312.12;22.545044
2024-03-14 06:00:00;-15.765765;312.12;21.352875
2024-03-14 12:00:00;-15.765765;312.12;23.657776
2024-03-14 18:00:00;-15.765765;312.12;25.986603
2024-03-15 00:00:00;-15.765765;312.12;22.253143
2024-03-15 06:00:00;-15.765765;312.12;21.966156
2024-03-15 12:00:00;-15.765765;312.12;24.141388
2024-03-15 18:00:00;-15.765765;312.12;30.83371
2024-03-16 00:00:00;-15.765765;312.12;23.423187
2024-03-16 06:00:00;-15.765765;312.12;21.914093
2024-03-16 12:00:00;-15.765765;312.12;23.847198
2024-03-16 18:00:00;-15.765765;312.12;27.175018
2024-03-17 00:00:00;-15.765765;312.12;23.17929
2024-03-17 06:00:00;-15.765765;312.12;22.121918
2024-03-17 12:00:00;-15.765765;312.12;24.626862
2024-03-17 18:00:00;-15.765765;312.12;30.623596
2024-03-18 00:00:00;-15.765765;312.12;23.552704
2024-03-18 06:00:00;-15.765765;312.12;21.072296
2024-03-18 12:00:00;-15.765765;312.12;25.237976
2024-03-18 18:00:00;-15.765765;312.12;31.55249
2024-03-19 00:00:00;-15.765765;312.12;23.928864
2024-03-19 06:00:00;-15.765765;312.12;22.2706
2024-03-19 12:00:00;-15.765765;312.12;25.15921
2024-03-19 18:00:00;-15.765765;312.12;31.891937
2024-03-20 00:00:00;-15.765765;312.12;24.323914
2024-03-20 06:00:00;-15.765765;312.12;22.466461
2024-03-20 12:00:00;-15.765765;312.12;24.875061
2024-03-20 18:00:00;-15.765765;312.12;26.928864
2024-03-21 00:00:00;-15.765765;312.12;22.862518
2024-03-21 06:00:00;-15.765765;312.12;20.50412
2024-03-21 12:00:00;-15.765765;312.12;23.548737
2024-03-21 18:00:00;-15.765765;312.12;26.079376
2024-03-22 00:00:00;-15.765765;312.12;22.09674
2024-03-22 06:00:00;-15.765765;312.12;19.685516
2024-03-22 12:00:00;-15.765765;312.12;22.698883
2024-03-22 18:00:00;-15.765765;312.12;30.62204
2024-03-23 00:00:00;-15.765765;312.12;23.145203
2024-03-23 06:00:00;-15.765765;312.12;18.907257
2024-03-23 12:00:00;-15.765765;312.12;21.838898
2024-03-23 18:00:00;-15.765765;312.12;23.376068
2024-03-24 00:00:00;-15.765765;312.12;20.993835
2024-03-24 06:00:00;-15.765765;312.12;18.096191
2024-03-24 12:00:00;-15.765765;312.12;18.881317
2024-03-24 18:00:00;-15.765765;312.12;22.988068
2024-03-25 00:00:00;-15.765765;312.12;21.378448
2024-03-25 06:00:00;-15.765765;312.12;18.960846
2024-03-25 12:00:00;-15.765765;312.12;20.66037
2024-03-25 18:00:00;-15.765765;312.12;27.526947
2024-03-26 00:00:00;-15.765765;312.12;21.215363
2024-03-26 06:00:00;-15.765765;312.12;16.935822
2024-03-26 12:00:00;-15.765765;312.12;18.611603
2024-03-26 18:00:00;-15.765765;312.12;22.90158
2024-03-27 00:00:00;-15.765765;312.12;21.048676
2024-03-27 06:00:00;-15.765765;312.12;17.244446
2024-03-27 12:00:00;-15.765765;312.12;18.97699
2024-03-27 18:00:00;-15.765765;312.12;29.150543
2024-03-28 00:00:00;-15.765765;312.12;21.920624
2024-03-28 06:00:00;-15.765765;312.12;18.023163
2024-03-28 12:00:00;-15.765765;312.12;20.76944
2024-03-28 18:00:00;-15.765765;312.12;26.798218
2024-03-29 00:00:00;-15.765765;312.12;19.783173
2024-03-29 06:00:00;-15.765765;312.12;18.534393
2024-03-29 12:00:00;-15.765765;312.12;19.37851
2024-03-29 18:00:00;-15.765765;312.12;28.577667
2024-03-30 00:00:00;-15.765765;312.12;21.988586
2024-03-30 06:00:00;-15.765765;312.12;21.254059
2024-03-30 12:00:00;-15.765765;312.12;23.426544
2024-03-30 18:00:00;-15.765765;312.12;26.167328
2024-03-31 00:00:00;-15.765765;312.12;22.74411
2024-03-31 06:00:00;-15.765765;312.12;21.5419
2024-03-31 12:00:00;-15.765765;312.12;23.851166
2024-03-31 18:00:00;-15.765765;312.12;28.950867
2024-04-01 00:00:00;-15.765765;312.12;22.41684
2024-04-01 06:00:00;-15.765765;312.12;21.429901
2024-04-01 12:00:00;-15.765765;312.12;23.371002
2024-04-01 18:00:00;-15.765765;312.12;28.115936
2024-04-02 00:00:00;-15.765765;312.12;23.1091
2024-04-02 06:00:00;-15.765765;312.12;22.175507
2024-04-02 12:00:00;-15.765765;312.12;21.703888
2024-04-02 18:00:00;-15.765765;312.12;24.0195
2024-04-03 00:00:00;-15.765765;312.12;22.13028
2024-04-03 06:00:00;-15.765765;312.12;21.315918
2024-04-03 12:00:00;-15.765765;312.12;21.553192
2024-04-03 18:00:00;-15.765765;312.12;25.552917
2024-04-04 00:00:00;-15.765765;312.12;21.180328
2024-04-04 06:00:00;-15.765765;312.12;20.514526
2024-04-04 12:00:00;-15.765765;312.12;21.331818
2024-04-04 18:00:00;-15.765765;312.12;25.165314
2024-04-05 00:00:00;-15.765765;312.12;19.662903
2024-04-05 06:00:00;-15.765765;312.12;18.911896
2024-04-05 12:00:00;-15.765765;312.12;21.864014
2024-04-05 18:00:00;-15.765765;312.12;28.800629
2024-04-06 00:00:00;-15.765765;312.12;22.538605
2024-04-06 06:00:00;-15.765765;312.12;20.480072
2024-04-06 12:00:00;-15.765765;312.12;22.311401
2024-04-06 18:00:00;-15.765765;312.12;24.092926
2024-04-07 00:00:00;-15.765765;312.12;19.91159
2024-04-07 06:00:00;-15.765765;312.12;19.180878
2024-04-07 12:00:00;-15.765765;312.12;21.060516
2024-04-07 18:00:00;-15.765765;312.12;27.787231
2024-04-08 00:00:00;-15.765765;312.12;20.332947
2024-04-08 06:00:00;-15.765765;312.12;19.213165
2024-04-08 12:00:00;-15.765765;312.12;19.665314
2024-04-08 18:00:00;-15.765765;312.12;27.981415
2024-04-09 00:00:00;-15.765765;312.12;21.666595
2024-04-09 06:00:00;-15.765765;312.12;20.193024
2024-04-09 12:00:00;-15.765765;312.12;20.644562
2024-04-09 18:00:00;-15.765765;312.12;29.135162
2024-04-10 00:00:00;-15.765765;312.12;23.753387
2024-04-10 06:00:00;-15.765765;312.12;22.844574
2024-04-10 12:00:00;-15.765765;312.12;21.658905
2024-04-10 18:00:00;-15.765765;312.12;27.21051
2024-04-11 00:00:00;-15.765765;312.12;22.414398
2024-04-11 06:00:00;-15.765765;312.12;21.615753
2024-04-11 12:00:00;-15.765765;312.12;22.964935
2024-04-11 18:00:00;-15.765765;312.12;25.71347
2024-04-12 00:00:00;-15.765765;312.12;21.59549
2024-04-12 06:00:00;-15.765765;312.12;21.528442
2024-04-12 12:00:00;-15.765765;312.12;21.808197
2024-04-12 18:00:00;-15.765765;312.12;25.92276
2024-04-13 00:00:00;-15.765765;312.12;20.529694
2024-04-13 06:00:00;-15.765765;312.12;19.147308
2024-04-13 12:00:00;-15.765765;312.12;20.025787
2024-04-13 18:00:00;-15.765765;312.12;27.986542
2024-04-14 00:00:00;-15.765765;312.12;20.424225
2024-04-14 06:00:00;-15.765765;312.12;19.816437
2024-04-14 12:00:00;-15.765765;312.12;19.282867
2024-04-14 18:00:00;-15.765765;312.12;27.492096
2024-04-15 00:00:00;-15.765765;312.12;20.434448
2024-04-15 06:00:00;-15.765765;312.12;19.286041
2024-04-15 12:00:00;-15.765765;312.12;19.760986
2024-04-15 18:00:00;-15.765765;312.12;27.903473
2024-04-16 00:00:00;-15.765765;312.12;20.426605
2024-04-16 06:00:00;-15.765765;312.12;19.07428
2024-04-16 12:00:00;-15.765765;312.12;19.468964
2024-04-16 18:00:00;-15.765765;312.12;28.150787
2024-04-17 00:00:00;-15.765765;312.12;20.91977
2024-04-17 06:00:00;-15.765765;312.12;17.730194
2024-04-17 12:00:00;-15.765765;312.12;20.450928
2024-04-17 18:00:00;-15.765765;312.12;28.390656
2024-04-18 00:00:00;-15.765765;312.12;21.542877
2024-04-18 06:00:00;-15.765765;312.12;20.345795
2024-04-18 12:00:00;-15.765765;312.12;22.41922
2024-04-18 18:00:00;-15.765765;312.12;29.171082
2024-04-19 00:00:00;-15.765765;312.12;23.55307
2024-04-19 06:00:00;-15.765765;312.12;21.71698
2024-04-19 12:00:00;-15.765765;312.12;22.631134
2024-04-19 18:00:00;-15.765765;312.12;29.458405
2024-04-20 00:00:00;-15.765765;312.12;22.848938
2024-04-20 06:00:00;-15.765765;312.12;18.565704
2024-04-20 12:00:00;-15.765765;312.12;19.238617
2024-04-20 18:00:00;-15.765765;312.12;27.460846
2024-04-21 00:00:00;-15.765765;312.12;20.868927
2024-04-21 06:00:00;-15.765765;312.12;18.291473
2024-04-21 12:00:00;-15.765765;312.12;17.882477
2024-04-21 18:00:00;-15.765765;312.12;26.360016
2024-04-22 00:00:00;-15.765765;312.12;19.654724
2024-04-22 06:00:00;-15.765765;312.12;16.987122
2024-04-22 12:00:00;-15.765765;312.12;18.385406
2024-04-22 18:00:00;-15.765765;312.12;26.243622
2024-04-23 00:00:00;-15.765765;312.12;20.61853
2024-04-23 06:00:00;-15.765765;312.12;20.423065
2024-04-23 12:00:00;-15.765765;312.12;20.651947
2024-04-23 18:00:00;-15.765765;312.12;27.498627
2024-04-24 00:00:00;-15.765765;312.12;22.129028
2024-04-24 06:00:00;-15.765765;312.12;20.832947
2024-04-24 12:00:00;-15.765765;312.12;22.81894
2024-04-24 18:00:00;-15.765765;312.12;28.020721
2024-04-25 00:00:00;-15.765765;312.12;24.387604
2024-04-25 06:00:00;-15.765765;312.12;22.73941
2024-04-25 12:00:00;-15.765765;312.12;22.689789
2024-04-25 18:00:00;-15.765765;312.12;27.658234
2024-04-26 00:00:00;-15.765765;312.12;22.681488
2024-04-26 06:00:00;-15.765765;312.12;22.243866
2024-04-26 12:00:00;-15.765765;312.12;21.170319
2024-04-26 18:00:00;-15.765765;312.12;26.12732
2024-04-27 00:00:00;-15.765765;312.12;21.815613
2024-04-27 06:00:00;-15.765765;312.12;18.699799
2024-04-27 12:00:00;-15.765765;312.12;19.2518
2024-04-27 18:00:00;-15.765765;312.12;25.734528
2024-04-28 00:00:00;-15.765765;312.12;21.933044
2024-04-28 06:00:00;-15.765765;312.12;21.064789
2024-04-28 12:00:00;-15.765765;312.12;19.837982
2024-04-28 18:00:00;-15.765765;312.12;26.07022
2024-04-29 00:00:00;-15.765765;312.12;21.642548
2024-04-29 06:00:00;-15.765765;312.12;19.615356
2024-04-29 12:00:00;-15.765765;312.12;21.411835
2024-04-29 18:00:00;-15.765765;312.12;26.095428
2024-04-30 00:00:00;-15.765765;312.12;21.718658
2024-04-30 06:00:00;-15.765765;312.12;23.572327
2024-04-30 12:00:00;-15.765765;312.12;20.88266
2024-04-30 18:00:00;-15.765765;312.12;26.242218
2024-05-01 00:00:00;-15.765765;312.12;24.561401
2024-05-01 06:00:00;-15.765765;312.12;21.663727
2024-05-01 12:00:00;-15.765765;312.12;20.232452
2024-05-01 18:00:00;-15.765765;312.12;25.812164
2024-05-02 00:00:00;-15.765765;312.12;21.870453
2024-05-02 06:00:00;-15.765765;312.12;22.347076
2024-05-02 12:00:00;-15.765765;312.12;20.206696
2024-05-02 18:00:00;-15.765765;312.12;25.65213
2024-05-03 00:00:00;-15.765765;312.12;23.021881
2024-05-03 06:00:00;-15.765765;312.12;21.71817
2024-05-03 12:00:00;-15.765765;312.12;20.97934
2024-05-03 18:00:00;-15.765765;312.12;25.773834
2024-05-04 00:00:00;-15.765765;312.12;21.1409
2024-05-04 06:00:00;-15.765765;312.12;23.420807
2024-05-04 12:00:00;-15.765765;312.12;18.89978
2024-05-04 18:00:00;-15.765765;312.12;24.600494
2024-05-05 00:00:00;-15.765765;312.12;20.421234
2024-05-05 06:00:00;-15.765765;312.12;15.465057
2024-05-05 12:00:00;-15.765765;312.12;18.01706
2024-05-05 18:00:00;-15.765765;312.12;23.280304
2024-05-06 00:00:00;-15.765765;312.12;21.176361
2024-05-06 06:00:00;-15.765765;312.12;15.4401245
2024-05-06 12:00:00;-15.765765;312.12;18.371124
2024-05-06 18:00:00;-15.765765;312.12;23.334198
2024-05-07 00:00:00;-15.765765;312.12;21.361786
2024-05-07 06:00:00;-15.765765;312.12;16.322296
2024-05-07 12:00:00;-15.765765;312.12;17.778534
2024-05-07 18:00:00;-15.765765;312.12;23.527374
2024-05-08 00:00:00;-15.765765;312.12;19.64981
2024-05-08 06:00:00;-15.765765;312.12;19.8721
2024-05-08 12:00:00;-15.765765;312.12;17.50766
2024-05-08 18:00:00;-15.765765;312.12;23.63504
2024-05-09 00:00:00;-15.765765;312.12;20.225677
2024-05-09 06:00:00;-15.765765;312.12;21.759918
2024-05-09 12:00:00;-15.765765;312.12;18.704956
2024-05-09 18:00:00;-15.765765;312.12;23.571686
2024-05-10 00:00:00;-15.765765;312.12;19.169891
2024-05-10 06:00:00;-15.765765;312.12;22.028046
2024-05-10 12:00:00;-15.765765;312.12;17.883575
2024-05-10 18:00:00;-15.765765;312.12;23.489105
2024-05-11 00:00:00;-15.765765;312.12;19.454437
2024-05-11 06:00:00;-15.765765;312.12;22.819855
2024-05-11 12:00:00;-15.765765;312.12;18.742584
2024-05-11 18:00:00;-15.765765;312.12;24.248383
2024-05-12 00:00:00;-15.765765;312.12;24.34842
2024-05-12 06:00:00;-15.765765;312.12;26.168
2024-05-12 12:00:00;-15.765765;312.12;20.595978
2024-05-12 18:00:00;-15.765765;312.12;25.691437
2024-05-13 00:00:00;-15.765765;312.12;22.391693
2024-05-13 06:00:00;-15.765765;312.12;26.44577
2024-05-13 12:00:00;-15.765765;312.12;18.95456
2024-05-13 18:00:00;-15.765765;312.12;24.36618
2024-05-14 00:00:00;-15.765765;312.12;23.786774
2024-05-14 06:00:00;-15.765765;312.12;22.387573
2024-05-14 12:00:00;-15.765765;312.12;20.75821
2024-05-14 18:00:00;-15.765765;312.12;26.372559
2024-05-15 00:00:00;-15.765765;312.12;22.400116
2024-05-15 06:00:00;-15.765765;312.12;18.914276
2024-05-15 12:00:00;-15.765765;312.12;19.831146
2024-05-15 18:00:00;-15.765765;312.12;25.804352
2024-05-16 00:00:00;-15.765765;312.12;21.13327
2024-05-16 06:00:00;-15.765765;312.12;23.844452
2024-05-16 12:00:00;-15.765765;312.12;18.252136
2024-05-16 18:00:00;-15.765765;312.12;24.227325
2024-05-17 00:00:00;-15.765765;312.12;19.856598
2024-05-17 06:00:00;-15.765765;312.12;24.756683
2024-05-17 12:00:00;-15.765765;312.12;18.232391
2024-05-17 18:00:00;-15.765765;312.12;23.670776
2024-05-18 00:00:00;-15.765765;312.12;19.758026
2024-05-18 06:00:00;-15.765765;312.12;23.294647
2024-05-18 12:00:00;-15.765765;312.12;18.776337
2024-05-18 18:00:00;-15.765765;312.12;24.061188
2024-05-19 00:00:00;-15.765765;312.12;19.925262
2024-05-19 06:00:00;-15.765765;312.12;22.18991
2024-05-19 12:00:00;-15.765765;312.12;18.825134
2024-05-19 18:00:00;-15.765765;312.12;24.267456
2024-05-20 00:00:00;-15.765765;312.12;20.942047
2024-05-20 06:00:00;-15.765765;312.12;23.66159
2024-05-20 12:00:00;-15.765765;312.12;18.138428
2024-05-20 18:00:00;-15.765765;312.12;24.295135
2024-05-21 00:00:00;-15.765765;312.12;21.731842
2024-05-21 06:00:00;-15.765765;312.12;19.969055
2024-05-21 12:00:00;-15.765765;312.12;18.658112
2024-05-21 18:00:00;-15.765765;312.12;23.602753
2024-05-22 00:00:00;-15.765765;312.12;19.881805
2024-05-22 06:00:00;-15.765765;312.12;17.920074
2024-05-22 12:00:00;-15.765765;312.12;16.548553
2024-05-22 18:00:00;-15.765765;312.12;22.410797
2024-05-23 00:00:00;-15.765765;312.12;19.877777
2024-05-23 06:00:00;-15.765765;312.12;17.05832
2024-05-23 12:00:00;-15.765765;312.12;17.76767
2024-05-23 18:00:00;-15.765765;312.12;23.2388
2024-05-24 00:00:00;-15.765765;312.12;20.885712
2024-05-24 06:00:00;-15.765765;312.12;22.604889
2024-05-24 12:00:00;-15.765765;312.12;19.098602
2024-05-24 18:00:00;-15.765765;312.12;23.901642
2024-05-25 00:00:00;-15.765765;312.12;21.69751
2024-05-25 06:00:00;-15.765765;312.12;23.775116
2024-05-25 12:00:00;-15.765765;312.12;18.23996
2024-05-25 18:00:00;-15.765765;312.12;23.304596
2024-05-26 00:00:00;-15.765765;312.12;20.593475
2024-05-26 06:00:00;-15.765765;312.12;22.353363
2024-05-26 12:00:00;-15.765765;312.12;18.73172
2024-05-26 18:00:00;-15.765765;312.12;23.360748
2024-05-27 00:00:00;-15.765765;312.12;21.242035
2024-05-27 06:00:00;-15.765765;312.12;23.158478
2024-05-27 12:00:00;-15.765765;312.12;17.36496
2024-05-27 18:00:00;-15.765765;312.12;22.909332
2024-05-28 00:00:00;-15.765765;312.12;20.526978
2024-05-28 06:00:00;-15.765765;312.12;22.591156
2024-05-28 12:00:00;-15.765765;312.12;18.38028
2024-05-28 18:00:00;-15.765765;312.12;23.492523
2024-05-29 00:00:00;-15.765765;312.12;21.328033
2024-05-29 06:00:00;-15.765765;312.12;14.280701
2024-05-29 12:00:00;-15.765765;312.12;13.562286
2024-05-29 18:00:00;-15.765765;312.12;22.554169
2024-05-30 00:00:00;-15.765765;312.12;21.241394
2024-05-30 06:00:00;-15.765765;312.12;15.671234
2024-05-30 12:00:00;-15.765765;312.12;16.68039
2024-05-30 18:00:00;-15.765765;312.12;23.356628
2024-05-31 00:00:00;-15.765765;312.12;20.872864
2024-05-31 06:00:00;-15.765765;312.12;17.81546
2024-05-31 12:00:00;-15.765765;312.12;17.233612
2024-05-31 18:00:00;-15.765765;312.12;22.618622
2024-06-01 00:00:00;-15.765765;312.12;19.039948
2024-06-01 06:00:00;-15.765765;312.12;12.423553
2024-06-01 12:00:00;-15.765765;312.12;14.596985
2024-06-01 18:00:00;-15.765765;312.12;20.658478
2024-06-02 00:00:00;-15.765765;312.12;18.686096
2024-06-02 06:00:00;-15.765765;312.12;14.461151
2024-06-02 12:00:00;-15.765765;312.12;14.98587
2024-06-02 18:00:00;-15.765765;312.12;20.571075
2024-06-03 00:00:00;-15.765765;312.12;18.331635
2024-06-03 06:00:00;-15.765765;312.12;12.32077
2024-06-03 12:00:00;-15.765765;312.12;16.011688
2024-06-03 18:00:00;-15.765765;312.12;21.058105
2024-06-04 00:00:00;-15.765765;312.12;20.685486
2024-06-04 06:00:00;-15.765765;312.12;15.65683
2024-06-04 12:00:00;-15.765765;312.12;15.1371155
2024-06-04 18:00:00;-15.765765;312.12;21.875946
2024-06-05 00:00:00;-15.765765;312.12;19.092133
2024-06-05 06:00:00;-15.765765;312.12;17.438995
2024-06-05 12:00:00;-15.765765;312.12;16.5542
2024-06-05 18:00:00;-15.765765;312.12;22.010773
2024-06-06 00:00:00;-15.765765;312.12;20.061432
2024-06-06 06:00:00;-15.765765;312.12;13.934357
2024-06-06 12:00:00;-15.765765;312.12;17.293121
2024-06-06 18:00:00;-15.765765;312.12;21.655518
2024-06-07 00:00:00;-15.765765;312.12;19.255188
2024-06-07 06:00:00;-15.765765;312.12;13.18985
2024-06-07 12:00:00;-15.765765;312.12;16.187164
2024-06-07 18:00:00;-15.765765;312.12;21.919952
2024-06-08 00:00:00;-15.765765;312.12;19.935913
2024-06-08 06:00:00;-15.765765;312.12;14.42569
2024-06-08 12:00:00;-15.765765;312.12;16.374695
2024-06-08 18:00:00;-15.765765;312.12;21.937134
2024-06-09 00:00:00;-15.765765;312.12;19.485748
2024-06-09 06:00:00;-15.765765;312.12;18.053497
2024-06-09 12:00:00;-15.765765;312.12;15.472382
2024-06-09 18:00:00;-15.765765;312.12;21.693146
2024-06-10 00:00:00;-15.765765;312.12;19.115143
2024-06-10 06:00:00;-15.765765;312.12;20.12796
2024-06-10 12:00:00;-15.765765;312.12;16.234772
2024-06-10 18:00:00;-15.765765;312.12;22.493103
2024-06-11 00:00:00;-15.765765;312.12;21.930328
2024-06-11 06:00:00;-15.765765;312.12;16.392303
2024-06-11 12:00:00;-15.765765;312.12;17.84024
2024-06-11 18:00:00;-15.765765;312.12;22.469849
2024-06-12 00:00:00;-15.765765;312.12;19.493927
2024-06-12 06:00:00;-15.765765;312.12;17.368073
2024-06-12 12:00:00;-15.765765;312.12;16.210724
2024-06-12 18:00:00;-15.765765;312.12;21.745972
2024-06-13 00:00:00;-15.765765;312.12;19.329895
2024-06-13 06:00:00;-15.765765;312.12;16.249634
2024-06-13 12:00:00;-15.765765;312.12;15.090881
2024-06-13 18:00:00;-15.765765;312.12;22.051666
2024-06-14 00:00:00;-15.765765;312.12;19.552216
2024-06-14 06:00:00;-15.765765;312.12;15.014069
2024-06-14 12:00:00;-15.765765;312.12;16.764984
2024-06-14 18:00:00;-15.765765;312.12;21.605835
2024-06-15 00:00:00;-15.765765;312.12;19.750397
2024-06-15 06:00:00;-15.765765;312.12;17.091614
2024-06-15 12:00:00;-15.765765;312.12;16.167877
2024-06-15 18:00:00;-15.765765;312.12;21.255035
2024-06-16 00:00:00;-15.765765;312.12;18.43341
2024-06-16 06:00:00;-15.765765;312.12;19.588165
2024-06-16 12:00:00;-15.765765;312.12;15.088898
2024-06-16 18:00:00;-15.765765;312.12;20.444977
2024-06-17 00:00:00;-15.765765;312.12;20.10141
2024-06-17 06:00:00;-15.765765;312.12;21.307281
2024-06-17 12:00:00;-15.765765;312.12;15.513367
2024-06-17 18:00:00;-15.765765;312.12;20.87912
2024-06-18 00:00:00;-15.765765;312.12;18.325775
2024-06-18 06:00:00;-15.765765;312.12;18.428375
2024-06-18 12:00:00;-15.765765;312.12;14.921722
2024-06-18 18:00:00;-15.765765;312.12;21.26474
2024-06-19 00:00:00;-15.765765;312.12;21.524231
2024-06-19 06:00:00;-15.765765;312.12;21.626068
2024-06-19 12:00:00;-15.765765;312.12;16.719025
2024-06-19 18:00:00;-15.765765;312.12;22.236267
2024-06-20 00:00:00;-15.765765;312.12;19.6362
2024-06-20 06:00:00;-15.765765;312.12;20.243622
2024-06-20 12:00:00;-15.765765;312.12;17.324432
2024-06-20 18:00:00;-15.765765;312.12;21.924896
2024-06-21 00:00:00;-15.765765;312.12;19.32309
2024-06-21 06:00:00;-15.765765;312.12;19.58731
2024-06-21 12:00:00;-15.765765;312.12;16.074097
2024-06-21 18:00:00;-15.765765;312.12;21.220337
2024-06-22 00:00:00;-15.765765;312.12;19.333282
2024-06-22 06:00:00;-15.765765;312.12;19.516022
2024-06-22 12:00:00;-15.765765;312.12;16.35025
2024-06-22 18:00:00;-15.765765;312.12;21.24173
2024-06-23 00:00:00;-15.765765;312.12;18.958588
2024-06-23 06:00:00;-15.765765;312.12;22.200775
2024-06-23 12:00:00;-15.765765;312.12;16.809418
2024-06-23 18:00:00;-15.765765;312.12;22.33899
2024-06-24 00:00:00;-15.765765;312.12;22.974915
2024-06-24 06:00:00;-15.765765;312.12;23.335358
2024-06-24 12:00:00;-15.765765;312.12;18.154266
2024-06-24 18:00:00;-15.765765;312.12;22.78189
2024-06-25 00:00:00;-15.765765;312.12;21.52707
2024-06-25 06:00:00;-15.765765;312.12;22.789276
2024-06-25 12:00:00;-15.765765;312.12;18.024261
2024-06-25 18:00:00;-15.765765;312.12;23.262115
2024-06-26 00:00:00;-15.765765;312.12;21.467987
2024-06-26 06:00:00;-15.765765;312.12;23.990845
2024-06-26 12:00:00;-15.765765;312.12;18.21753
2024-06-26 18:00:00;-15.765765;312.12;23.246704
2024-06-27 00:00:00;-15.765765;312.12;24.191803
2024-06-27 06:00:00;-15.765765;312.12;25.230316
2024-06-27 12:00:00;-15.765765;312.12;18.586334
2024-06-27 18:00:00;-15.765765;312.12;23.850677
2024-06-28 00:00:00;-15.765765;312.12;24.009552
2024-06-28 06:00:00;-15.765765;312.12;25.513916
2024-06-28 12:00:00;-15.765765;312.12;19.286957
2024-06-28 18:00:00;-15.765765;312.12;24.516998
2024-06-29 00:00:00;-15.765765;312.12;25.196442
2024-06-29 06:00:00;-15.765765;312.12;26.992523
2024-06-29 12:00:00;-15.765765;312.12;18.43283
2024-06-29 18:00:00;-15.765765;312.12;24.62384
2024-06-30 00:00:00;-15.765765;312.12;24.269073
2024-06-30 06:00:00;-15.765765;312.12;25.415619
2024-06-30 12:00:00;-15.765765;312.12;18.468994
2024-06-30 18:00:00;-15.765765;312.12;24.295074
2024-07-01 00:00:00;-15.765765;312.12;23.598877
2024-07-01 06:00:00;-15.765765;312.12;24.84488
2024-07-01 12:00:00;-15.765765;312.12;18.234161
2024-07-01 18:00:00;-15.765765;312.12;22.427063
2024-07-02 00:00:00;-15.765765;312.12;20.75058
2024-07-02 06:00:00;-15.765765;312.12;17.877502
2024-07-02 12:00:00;-15.765765;312.12;16.4404
2024-07-02 18:00:00;-15.765765;312.12;21.55185
2024-07-03 00:00:00;-15.765765;312.12;18.628845
2024-07-03 06:00:00;-15.765765;312.12;17.522217
2024-07-03 12:00:00;-15.765765;312.12;15.164459
2024-07-03 18:00:00;-15.765765;312.12;21.308258
2024-07-04 00:00:00;-15.765765;312.12;21.656769
2024-07-04 06:00:00;-15.765765;312.12;19.287994
2024-07-04 12:00:00;-15.765765;312.12;16.534424
2024-07-04 18:00:00;-15.765765;312.12;21.60965
2024-07-05 00:00:00;-15.765765;312.12;20.293793
2024-07-05 06:00:00;-15.765765;312.12;20.25003
2024-07-05 12:00:00;-15.765765;312.12;16.302094
2024-07-05 18:00:00;-15.765765;312.12;21.702057
2024-07-06 00:00:00;-15.765765;312.12;19.554596
2024-07-06 06:00:00;-15.765765;312.12;20.576385
2024-07-06 12:00:00;-15.765765;312.12;16.646881
2024-07-06 18:00:00;-15.765765;312.12;22.255035
2024-07-07 00:00:00;-15.765765;312.12;19.980255
2024-07-07 06:00:00;-15.765765;312.12;20.588837
2024-07-07 12:00:00;-15.765765;312.12;17.369171
2024-07-07 18:00:00;-15.765765;312.12;23.002808
2024-07-08 00:00:00;-15.765765;312.12;23.982758
2024-07-08 06:00:00;-15.765765;312.12;25.275177
2024-07-08 12:00:00;-15.765765;312.12;18.889343
2024-07-08 18:00:00;-15.765765;312.12;23.906769
2024-07-09 00:00:00;-15.765765;312.12;22.527618
2024-07-09 06:00:00;-15.765765;312.12;25.44751
2024-07-09 12:00:00;-15.765765;312.12;19.959076
2024-07-09 18:00:00;-15.765765;312.12;23.764526
2024-07-10 00:00:00;-15.765765;312.12;22.490326
2024-07-10 06:00:00;-15.765765;312.12;26.591797
2024-07-10 12:00:00;-15.765765;312.12;19.962128
2024-07-10 18:00:00;-15.765765;312.12;24.167389
2024-07-11 00:00:00;-15.765765;312.12;22.402649
2024-07-11 06:00:00;-15.765765;312.12;25.927185
2024-07-11 12:00:00;-15.765765;312.12;19.559113
2024-07-11 18:00:00;-15.765765;312.12;24.263092
2024-07-12 00:00:00;-15.765765;312.12;22.101135
2024-07-12 06:00:00;-15.765765;312.12;22.352325
2024-07-12 12:00:00;-15.765765;312.12;16.923737
2024-07-12 18:00:00;-15.765765;312.12;22.699066
2024-07-13 00:00:00;-15.765765;312.12;19.923248
2024-07-13 06:00:00;-15.765765;312.12;18.896393
2024-07-13 12:00:00;-15.765765;312.12;13.987274
2024-07-13 18:00:00;-15.765765;312.12;20.28244
2024-07-14 00:00:00;-15.765765;312.12;20.379578
2024-07-14 06:00:00;-15.765765;312.12;19.46051
2024-07-14 12:00:00;-15.765765;312.12;14.815247
2024-07-14 18:00:00;-15.765765;312.12;19.941895
2024-07-15 00:00:00;-15.765765;312.12;20.352997
2024-07-15 06:00:00;-15.765765;312.12;18.946198
2024-07-15 12:00:00;-15.765765;312.12;15.5694275
2024-07-15 18:00:00;-15.765765;312.12;20.552338
2024-07-16 00:00:00;-15.765765;312.12;18.097809
2024-07-16 06:00:00;-15.765765;312.12;16.06134
2024-07-16 12:00:00;-15.765765;312.12;15.744904
2024-07-16 18:00:00;-15.765765;312.12;20.728546
2024-07-17 00:00:00;-15.765765;312.12;21.275482
2024-07-17 06:00:00;-15.765765;312.12;19.340118
2024-07-17 12:00:00;-15.765765;312.12;15.225189
2024-07-17 18:00:00;-15.765765;312.12;21.190277
2024-07-18 00:00:00;-15.765765;312.12;20.060883
2024-07-18 06:00:00;-15.765765;312.12;19.211304
2024-07-18 12:00:00;-15.765765;312.12;17.17337
2024-07-18 18:00:00;-15.765765;312.12;22.039429
2024-07-19 00:00:00;-15.765765;312.12;19.942413
2024-07-19 06:00:00;-15.765765;312.12;19.72293
2024-07-19 12:00:00;-15.765765;312.12;16.785126
2024-07-19 18:00:00;-15.765765;312.12;21.850464
2024-07-20 00:00:00;-15.765765;312.12;21.363037
2024-07-20 06:00:00;-15.765765;312.12;19.671661
2024-07-20 12:00:00;-15.765765;312.12;15.581329
2024-07-20 18:00:00;-15.765765;312.12;20.940338
2024-07-21 00:00:00;-15.765765;312.12;20.423431
2024-07-21 06:00:00;-15.765765;312.12;17.564728
2024-07-21 12:00:00;-15.765765;312.12;15.173431
2024-07-21 18:00:00;-15.765765;312.12;20.009003
2024-07-22 00:00:00;-15.765765;312.12;20.575775
2024-07-22 06:00:00;-15.765765;312.12;18.581635
2024-07-22 12:00:00;-15.765765;312.12;15.728516
2024-07-22 18:00:00;-15.765765;312.12;20.794495
2024-07-23 00:00:00;-15.765765;312.12;21.074738
2024-07-23 06:00:00;-15.765765;312.12;20.528687
2024-07-23 12:00:00;-15.765765;312.12;17.029541
2024-07-23 18:00:00;-15.765765;312.12;21.65866
2024-07-24 00:00:00;-15.765765;312.12;19.42276
2024-07-24 06:00:00;-15.765765;312.12;17.481201
2024-07-24 12:00:00;-15.765765;312.12;14.618774
2024-07-24 18:00:00;-15.765765;312.12;20.727386
2024-07-25 00:00:00;-15.765765;312.12;21.315338
2024-07-25 06:00:00;-15.765765;312.12;18.11795
2024-07-25 12:00:00;-15.765765;312.12;14.495453
2024-07-25 18:00:00;-15.765765;312.12;20.969238
2024-07-26 00:00:00;-15.765765;312.12;18.799866
2024-07-26 06:00:00;-15.765765;312.12;17.121796
2024-07-26 12:00:00;-15.765765;312.12;15.940338
2024-07-26 18:00:00;-15.765765;312.12;21.671356
2024-07-27 00:00:00;-15.765765;312.12;21.98703
2024-07-27 06:00:00;-15.765765;312.12;22.34851
2024-07-27 12:00:00;-15.765765;312.12;16.550446
2024-07-27 18:00:00;-15.765765;312.12;22.240631
2024-07-28 00:00:00;-15.765765;312.12;20.83435
2024-07-28 06:00:00;-15.765765;312.12;20.342804
2024-07-28 12:00:00;-15.765765;312.12;18.15915
2024-07-28 18:00:00;-15.765765;312.12;22.382141
2024-07-29 00:00:00;-15.765765;312.12;21.052826
2024-07-29 06:00:00;-15.765765;312.12;22.086273
2024-07-29 12:00:00;-15.765765;312.12;17.910614
2024-07-29 18:00:00;-15.765765;312.12;23.21939
2024-07-30 00:00:00;-15.765765;312.12;23.827484
2024-07-30 06:00:00;-15.765765;312.12;24.0943
2024-07-30 12:00:00;-15.765765;312.12;20.15152
2024-07-30 18:00:00;-15.765765;312.12;24.555023
2024-07-31 00:00:00;-15.765765;312.12;21.354523
2024-07-31 06:00:00;-15.765765;312.12;22.337372
2024-07-31 12:00:00;-15.765765;312.12;17.895294
2024-07-31 18:00:00;-15.765765;312.12;20.6232
2024-08-01 00:00:00;-15.765765;312.12;21.290741
2024-08-01 06:00:00;-15.765765;312.12;13.269806
2024-08-01 12:00:00;-15.765765;312.12;15.058624
2024-08-01 18:00:00;-15.765765;312.12;20.513092
2024-08-02 00:00:00;-15.765765;312.12;20.285797
2024-08-02 06:00:00;-15.765765;312.12;14.628204
2024-08-02 12:00:00;-15.765765;312.12;14.657379
2024-08-02 18:00:00;-15.765765;312.12;20.215576
2024-08-03 00:00:00;-15.765765;312.12;18.90512
2024-08-03 06:00:00;-15.765765;312.12;11.508881
2024-08-03 12:00:00;-15.765765;312.12;15.604645
2024-08-03 18:00:00;-15.765765;312.12;20.160706
2024-08-04 00:00:00;-15.765765;312.12;19.090302
2024-08-04 06:00:00;-15.765765;312.12;13.121826
2024-08-04 12:00:00;-15.765765;312.12;15.491516
2024-08-04 18:00:00;-15.765765;312.12;21.000885
2024-08-05 00:00:00;-15.765765;312.12;19.580017
2024-08-05 06:00:00;-15.765765;312.12;16.036469
2024-08-05 12:00:00;-15.765765;312.12;16.829956
2024-08-05 18:00:00;-15.765765;312.12;20.934082
2024-08-06 00:00:00;-15.765765;312.12;19.54715
2024-08-06 06:00:00;-15.765765;312.12;14.909546
2024-08-06 12:00:00;-15.765765;312.12;16.778229
2024-08-06 18:00:00;-15.765765;312.12;21.367157
2024-08-07 00:00:00;-15.765765;312.12;19.888123
2024-08-07 06:00:00;-15.765765;312.12;22.527924
2024-08-07 12:00:00;-15.765765;312.12;16.1362
2024-08-07 18:00:00;-15.765765;312.12;21.702454
2024-08-08 00:00:00;-15.765765;312.12;23.26236
2024-08-08 06:00:00;-15.765765;312.12;24.361816
2024-08-08 12:00:00;-15.765765;312.12;17.789062
2024-08-08 18:00:00;-15.765765;312.12;22.88144
2024-08-09 00:00:00;-15.765765;312.12;22.449677
2024-08-09 06:00:00;-15.765765;312.12;24.918427
2024-08-09 12:00:00;-15.765765;312.12;20.078735
2024-08-09 18:00:00;-15.765765;312.12;24.323547
2024-08-10 00:00:00;-15.765765;312.12;26.670013
2024-08-10 06:00:00;-15.765765;312.12;26.078094
2024-08-10 12:00:00;-15.765765;312.12;12.726715
2024-08-10 18:00:00;-15.765765;312.12;21.627228
2024-08-11 00:00:00;-15.765765;312.12;16.700653
2024-08-11 06:00:00;-15.765765;312.12;12.053436
2024-08-11 12:00:00;-15.765765;312.12;12.793213
2024-08-11 18:00:00;-15.765765;312.12;22.579498
2024-08-12 00:00:00;-15.765765;312.12;23.032959
2024-08-12 06:00:00;-15.765765;312.12;15.492493
2024-08-12 12:00:00;-15.765765;312.12;15.843933
2024-08-12 18:00:00;-15.765765;312.12;23.977417
2024-08-13 00:00:00;-15.765765;312.12;19.764923
2024-08-13 06:00:00;-15.765765;312.12;10.760681
2024-08-13 12:00:00;-15.765765;312.12;14.48465
2024-08-13 18:00:00;-15.765765;312.12;22.18695
2024-08-14 00:00:00;-15.765765;312.12;22.66446
2024-08-14 06:00:00;-15.765765;312.12;16.982239
2024-08-14 12:00:00;-15.765765;312.12;13.899384
2024-08-14 18:00:00;-15.765765;312.12;19.835419
2024-08-15 00:00:00;-15.765765;312.12;22.0495
2024-08-15 06:00:00;-15.765765;312.12;17.37741
2024-08-15 12:00:00;-15.765765;312.12;17.849579
2024-08-15 18:00:00;-15.765765;312.12;23.268066
2024-08-16 00:00:00;-15.765765;312.12;23.30899
2024-08-16 06:00:00;-15.765765;312.12;17.474884
2024-08-16 12:00:00;-15.765765;312.12;18.505829
2024-08-16 18:00:00;-15.765765;312.12;24.565277
2024-08-17 00:00:00;-15.765765;312.12;22.522003
2024-08-17 06:00:00;-15.765765;312.12;21.861694
2024-08-17 12:00:00;-15.765765;312.12;19.629425
2024-08-17 18:00:00;-15.765765;312.12;24.76059
2024-08-18 00:00:00;-15.765765;312.12;23.122284
2024-08-18 06:00:00;-15.765765;312.12;23.640778
2024-08-18 12:00:00;-15.765765;312.12;19.313965
2024-08-18 18:00:00;-15.765765;312.12;24.374481
2024-08-19 00:00:00;-15.765765;312.12;25.08255
2024-08-19 06:00:00;-15.765765;312.12;26.128296
2024-08-19 12:00:00;-15.765765;312.12;18.615906
2024-08-19 18:00:00;-15.765765;312.12;23.058289
2024-08-20 00:00:00;-15.765765;312.12;23.187164
2024-08-20 06:00:00;-15.765765;312.12;20.479889
2024-08-20 12:00:00;-15.765765;312.12;18.633698
2024-08-20 18:00:00;-15.765765;312.12;24.05426
2024-08-21 00:00:00;-15.765765;312.12;22.273773
2024-08-21 06:00:00;-15.765765;312.12;23.602509
2024-08-21 12:00:00;-15.765765;312.12;19.847687
2024-08-21 18:00:00;-15.765765;312.12;24.282745
2024-08-22 00:00:00;-15.765765;312.12;25.714478
2024-08-22 06:00:00;-15.765765;312.12;25.890106
2024-08-22 12:00:00;-15.765765;312.12;16.911957
2024-08-22 18:00:00;-15.765765;312.12;23.853912
2024-08-23 00:00:00;-15.765765;312.12;24.017761
2024-08-23 06:00:00;-15.765765;312.12;24.91043
2024-08-23 12:00:00;-15.765765;312.12;17.45987
2024-08-23 18:00:00;-15.765765;312.12;23.972687
2024-08-24 00:00:00;-15.765765;312.12;23.760986
2024-08-24 06:00:00;-15.765765;312.12;23.058502
2024-08-24 12:00:00;-15.765765;312.12;20.01538
2024-08-24 18:00:00;-15.765765;312.12;24.549042
2024-08-25 00:00:00;-15.765765;312.12;25.177063
2024-08-25 06:00:00;-15.765765;312.12;26.154572
2024-08-25 12:00:00;-15.765765;312.12;21.757263
2024-08-25 18:00:00;-15.765765;312.12;26.286774
2024-08-26 00:00:00;-15.765765;312.12;24.450287
2024-08-26 06:00:00;-15.765765;312.12;14.029114
2024-08-26 12:00:00;-15.765765;312.12;14.2164
2024-08-26 18:00:00;-15.765765;312.12;23.967438
2024-08-27 00:00:00;-15.765765;312.12;23.108002
2024-08-27 06:00:00;-15.765765;312.12;14.750549
2024-08-27 12:00:00;-15.765765;312.12;16.879852
2024-08-27 18:00:00;-15.765765;312.12;23.25824
2024-08-28 00:00:00;-15.765765;312.12;24.468597
2024-08-28 06:00:00;-15.765765;312.12;16.936615
2024-08-28 12:00:00;-15.765765;312.12;15.53302
2024-08-28 18:00:00;-15.765765;312.12;21.400787
2024-08-29 00:00:00;-15.765765;312.12;21.613281
2024-08-29 06:00:00;-15.765765;312.12;16.052643
2024-08-29 12:00:00;-15.765765;312.12;14.779907
2024-08-29 18:00:00;-15.765765;312.12;20.902435
2024-08-30 00:00:00;-15.765765;312.12;21.39267
2024-08-30 06:00:00;-15.765765;312.12;14.807098
2024-08-30 12:00:00;-15.765765;312.12;15.414337
2024-08-30 18:00:00;-15.765765;312.12;21.424683
2024-08-31 00:00:00;-15.765765;312.12;21.220306
2024-08-31 06:00:00;-15.765765;312.12;22.138885
2024-08-31 12:00:00;-15.765765;312.12;18.226532
2024-08-31 18:00:00;-15.765765;312.12;23.509491
2024-09-01 00:00:00;-15.765765;312.12;22.99356
2024-09-01 06:00:00;-15.765765;312.12;22.782623
2024-09-01 12:00:00;-15.765765;312.12;18.351837
2024-09-01 18:00:00;-15.765765;312.12;24.257172
2024-09-02 00:00:00;-15.765765;312.12;23.07022
2024-09-02 06:00:00;-15.765765;312.12;24.182709
2024-09-02 12:00:00;-15.765765;312.12;19.718628
2024-09-02 18:00:00;-15.765765;312.12;25.069519
2024-09-03 00:00:00;-15.765765;312.12;27.214905
2024-09-03 06:00:00;-15.765765;312.12;28.44168
2024-09-03 12:00:00;-15.765765;312.12;21.079681
2024-09-03 18:00:00;-15.765765;312.12;26.8349
2024-09-04 00:00:00;-15.765765;312.12;28.32901
2024-09-04 06:00:00;-15.765765;312.12;30.104218
2024-09-04 12:00:00;-15.765765;312.12;21.932281
2024-09-04 18:00:00;-15.765765;312.12;27.438446
2024-09-05 00:00:00;-15.765765;312.12;30.022827
2024-09-05 06:00:00;-15.765765;312.12;30.251373
2024-09-05 12:00:00;-15.765765;312.12;21.1922
2024-09-05 18:00:00;-15.765765;312.12;26.00357
2024-09-06 00:00:00;-15.765765;312.12;25.496979
2024-09-06 06:00:00;-15.765765;312.12;27.255157
2024-09-06 12:00:00;-15.765765;312.12;20.507965
2024-09-06 18:00:00;-15.765765;312.12;26.615509
2024-09-07 00:00:00;-15.765765;312.12;25.293274
2024-09-07 06:00:00;-15.765765;312.12;20.404388
2024-09-07 12:00:00;-15.765765;312.12;18.291656
2024-09-07 18:00:00;-15.765765;312.12;23.90509
2024-09-08 00:00:00;-15.765765;312.12;23.22763
2024-09-08 06:00:00;-15.765765;312.12;15.562256
2024-09-08 12:00:00;-15.765765;312.12;18.543182
2024-09-08 18:00:00;-15.765765;312.12;22.625488
2024-09-09 00:00:00;-15.765765;312.12;22.47995
2024-09-09 06:00:00;-15.765765;312.12;21.608795
2024-09-09 12:00:00;-15.765765;312.12;17.705841
2024-09-09 18:00:00;-15.765765;312.12;22.938934
2024-09-10 00:00:00;-15.765765;312.12;22.57425
2024-09-10 06:00:00;-15.765765;312.12;19.747223
2024-09-10 12:00:00;-15.765765;312.12;18.068817
2024-09-10 18:00:00;-15.765765;312.12;23.592499
2024-09-11 00:00:00;-15.765765;312.12;22.89505
2024-09-11 06:00:00;-15.765765;312.12;16.487946
2024-09-11 12:00:00;-15.765765;312.12;17.509277
2024-09-11 18:00:00;-15.765765;312.12;23.636322
2024-09-12 00:00:00;-15.765765;312.12;23.020172
2024-09-12 06:00:00;-15.765765;312.12;17.788727
2024-09-12 12:00:00;-15.765765;312.12;17.408783
2024-09-12 18:00:00;-15.765765;312.12;24.117645
2024-09-13 00:00:00;-15.765765;312.12;23.619019
2024-09-13 06:00:00;-15.765765;312.12;18.802765
2024-09-13 12:00:00;-15.765765;312.12;16.850128
2024-09-13 18:00:00;-15.765765;312.12;23.80838
2024-09-14 00:00:00;-15.765765;312.12;23.802338
2024-09-14 06:00:00;-15.765765;312.12;16.22232
2024-09-14 12:00:00;-15.765765;312.12;18.219635
2024-09-14 18:00:00;-15.765765;312.12;24.183655
2024-09-15 00:00:00;-15.765765;312.12;23.99356
2024-09-15 06:00:00;-15.765765;312.12;21.464539
2024-09-15 12:00:00;-15.765765;312.12;19.526428
2024-09-15 18:00:00;-15.765765;312.12;25.221832
2024-09-16 00:00:00;-15.765765;312.12;25.755646
2024-09-16 06:00:00;-15.765765;312.12;26.757965
2024-09-16 12:00:00;-15.765765;312.12;20.796509
2024-09-16 18:00:00;-15.765765;312.12;25.831268
2024-09-17 00:00:00;-15.765765;312.12;28.435944
2024-09-17 06:00:00;-15.765765;312.12;20.032196
2024-09-17 12:00:00;-15.765765;312.12;22.315948
2024-09-17 18:00:00;-15.765765;312.12;27.066925
2024-09-18 00:00:00;-15.765765;312.12;27.241608
2024-09-18 06:00:00;-15.765765;312.12;21.718842
2024-09-18 12:00:00;-15.765765;312.12;18.650116
2024-09-18 18:00:00;-15.765765;312.12;22.635101
2024-09-19 00:00:00;-15.765765;312.12;25.294403
2024-09-19 06:00:00;-15.765765;312.12;17.58374
2024-09-19 12:00:00;-15.765765;312.12;18.087524
2024-09-19 18:00:00;-15.765765;312.12;24.079926
2024-09-20 00:00:00;-15.765765;312.12;23.664337
2024-09-20 06:00:00;-15.765765;312.12;17.49582
2024-09-20 12:00:00;-15.765765;312.12;17.861694
2024-09-20 18:00:00;-15.765765;312.12;24.58554
2024-09-21 00:00:00;-15.765765;312.12;24.196625
2024-09-21 06:00:00;-15.765765;312.12;22.476166
2024-09-21 12:00:00;-15.765765;312.12;21.198029
2024-09-21 18:00:00;-15.765765;312.12;26.375458
2024-09-22 00:00:00;-15.765765;312.12;26.369537
2024-09-22 06:00:00;-15.765765;312.12;25.607086
2024-09-22 12:00:00;-15.765765;312.12;19.70694
2024-09-22 18:00:00;-15.765765;312.12;26.299774
2024-09-23 00:00:00;-15.765765;312.12;26.579865
2024-09-23 06:00:00;-15.765765;312.12;18.411621
2024-09-23 12:00:00;-15.765765;312.12;19.467834
2024-09-23 18:00:00;-15.765765;312.12;26.984344
2024-09-24 00:00:00;-15.765765;312.12;25.69809
2024-09-24 06:00:00;-15.765765;312.12;19.492432
2024-09-24 12:00:00;-15.765765;312.12;18.759247
2024-09-24 18:00:00;-15.765765;312.12;26.813507
2024-09-25 00:00:00;-15.765765;312.12;25.76358
2024-09-25 06:00:00;-15.765765;312.12;19.902496
2024-09-25 12:00:00;-15.765765;312.12;17.687592
2024-09-25 18:00:00;-15.765765;312.12;26.097107
2024-09-26 00:00:00;-15.765765;312.12;24.980682
2024-09-26 06:00:00;-15.765765;312.12;20.5961
2024-09-26 12:00:00;-15.765765;312.12;18.875366
2024-09-26 18:00:00;-15.765765;312.12;26.200653
2024-09-27 00:00:00;-15.765765;312.12;26.341461
2024-09-27 06:00:00;-15.765765;312.12;27.358551
2024-09-27 12:00:00;-15.765765;312.12;20.1828
2024-09-27 18:00:00;-15.765765;312.12;27.25061
2024-09-28 00:00:00;-15.765765;312.12;28.930573
2024-09-28 06:00:00;-15.765765;312.12;25.91397
2024-09-28 12:00:00;-15.765765;312.12;23.311127
2024-09-28 18:00:00;-15.765765;312.12;28.354095
2024-09-29 00:00:00;-15.765765;312.12;29.32022
2024-09-29 06:00:00;-15.765765;312.12;21.644012
2024-09-29 12:00:00;-15.765765;312.12;20.370575
2024-09-29 18:00:00;-15.765765;312.12;24.794617
2024-09-30 00:00:00;-15.765765;312.12;25.40509
2024-09-30 06:00:00;-15.765765;312.12;20.266205
2024-09-30 12:00:00;-15.765765;312.12;18.063019
2024-09-30 18:00:00;-15.765765;312.12;23.521515
2024-10-01 00:00:00;-15.765765;312.12;23.970886
2024-10-01 06:00:00;-15.765765;312.12;19.64972
2024-10-01 12:00:00;-15.765765;312.12;17.645416
2024-10-01 18:00:00;-15.765765;312.12;24.600433
2024-10-02 00:00:00;-15.765765;312.12;24.813812
2024-10-02 06:00:00;-15.765765;312.12;24.755402
2024-10-02 12:00:00;-15.765765;312.12;20.943787
2024-10-02 18:00:00;-15.765765;312.12;26.302063
2024-10-03 00:00:00;-15.765765;312.12;26.802643
2024-10-03 06:00:00;-15.765765;312.12;29.642365
2024-10-03 12:00:00;-15.765765;312.12;23.684692
2024-10-03 18:00:00;-15.765765;312.12;29.058258
2024-10-04 00:00:00;-15.765765;312.12;28.096222
2024-10-04 06:00:00;-15.765765;312.12;29.090363
2024-10-04 12:00:00;-15.765765;312.12;22.955963
2024-10-04 18:00:00;-15.765765;312.12;27.333069
2024-10-05 00:00:00;-15.765765;312.12;29.402252
2024-10-05 06:00:00;-15.765765;312.12;25.332794
2024-10-05 12:00:00;-15.765765;312.12;23.86081
2024-10-05 18:00:00;-15.765765;312.12;27.962006
2024-10-06 00:00:00;-15.765765;312.12;31.663727
2024-10-06 06:00:00;-15.765765;312.12;27.79654
2024-10-06 12:00:00;-15.765765;312.12;21.853485
2024-10-06 18:00:00;-15.765765;312.12;26.333527
2024-10-07 00:00:00;-15.765765;312.12;29.502655
2024-10-07 06:00:00;-15.765765;312.12;26.784515
2024-10-07 12:00:00;-15.765765;312.12;24.661438
2024-10-07 18:00:00;-15.765765;312.12;26.161774
2024-10-08 00:00:00;-15.765765;312.12;28.283325
2024-10-08 06:00:00;-15.765765;312.12;23.904755
2024-10-08 12:00:00;-15.765765;312.12;22.999115
2024-10-08 18:00:00;-15.765765;312.12;26.599396
2024-10-09 00:00:00;-15.765765;312.12;24.216156
2024-10-09 06:00:00;-15.765765;312.12;25.031647
2024-10-09 12:00:00;-15.765765;312.12;25.651642
2024-10-09 18:00:00;-15.765765;312.12;29.067291
2024-10-10 00:00:00;-15.765765;312.12;25.797577
2024-10-10 06:00:00;-15.765765;312.12;22.030182
2024-10-10 12:00:00;-15.765765;312.12;21.981049
2024-10-10 18:00:00;-15.765765;312.12;25.667023
2024-10-11 00:00:00;-15.765765;312.12;21.454132
2024-10-11 06:00:00;-15.765765;312.12;17.890045
2024-10-11 12:00:00;-15.765765;312.12;20.377289
2024-10-11 18:00:00;-15.765765;312.12;25.880829
2024-10-12 00:00:00;-15.765765;312.12;22.40689
2024-10-12 06:00:00;-15.765765;312.12;21.082886
2024-10-12 12:00:00;-15.765765;312.12;21.01889
2024-10-12 18:00:00;-15.765765;312.12;24.626373
2024-10-13 00:00:00;-15.765765;312.12;22.434479
2024-10-13 06:00:00;-15.765765;312.12;17.70996
2024-10-13 12:00:00;-15.765765;312.12;22.944092
2024-10-13 18:00:00;-15.765765;312.12;24.686432
2024-10-14 00:00:00;-15.765765;312.12;23.298737
2024-10-14 06:00:00;-15.765765;312.12;18.101746
2024-10-14 12:00:00;-15.765765;312.12;20.307281
2024-10-14 18:00:00;-15.765765;312.12;23.379425
2024-10-15 00:00:00;-15.765765;312.12;21.546417
2024-10-15 06:00:00;-15.765765;312.12;18.377289
2024-10-15 12:00:00;-15.765765;312.12;19.377502
2024-10-15 18:00:00;-15.765765;312.12;22.952545
2024-10-16 00:00:00;-15.765765;312.12;18.970184
2024-10-16 06:00:00;-15.765765;312.12;17.12857
2024-10-16 12:00:00;-15.765765;312.12;17.986572
2024-10-16 18:00:00;-15.765765;312.12;21.67691
2024-10-17 00:00:00;-15.765765;312.12;20.587646
2024-10-17 06:00:00;-15.765765;312.12;18.176483
2024-10-17 12:00:00;-15.765765;312.12;20.135895
2024-10-17 18:00:00;-15.765765;312.12;25.878754
2024-10-18 00:00:00;-15.765765;312.12;21.951447
2024-10-18 06:00:00;-15.765765;312.12;17.980927
2024-10-18 12:00:00;-15.765765;312.12;19.628418
2024-10-18 18:00:00;-15.765765;312.12;25.062317
2024-10-19 00:00:00;-15.765765;312.12;21.19217
2024-10-19 06:00:00;-15.765765;312.12;19.792114
2024-10-19 12:00:00;-15.765765;312.12;19.166382
2024-10-19 18:00:00;-15.765765;312.12;22.568695
2024-10-20 00:00:00;-15.765765;312.12;19.797821
2024-10-20 06:00:00;-15.765765;312.12;18.122894
2024-10-20 12:00:00;-15.765765;312.12;20.246216
2024-10-20 18:00:00;-15.765765;312.12;25.914124
2024-10-21 00:00:00;-15.765765;312.12;20.914948
2024-10-21 06:00:00;-15.765765;312.12;20.203766
2024-10-21 12:00:00;-15.765765;312.12;18.847809
2024-10-21 18:00:00;-15.765765;312.12;21.786102
2024-10-22 00:00:00;-15.765765;312.12;20.510101
2024-10-22 06:00:00;-15.765765;312.12;17.558502
2024-10-22 12:00:00;-15.765765;312.12;19.366058
2024-10-22 18:00:00;-15.765765;312.12;22.993927
2024-10-23 00:00:00;-15.765765;312.12;20.014862
2024-10-23 06:00:00;-15.765765;312.12;18.461395
2024-10-23 12:00:00;-15.765765;312.12;19.747314
2024-10-23 18:00:00;-15.765765;312.12;27.15921
2024-10-24 00:00:00;-15.765765;312.12;22.35373
2024-10-24 06:00:00;-15.765765;312.12;21.463501
2024-10-24 12:00:00;-15.765765;312.12;22.914337
2024-10-24 18:00:00;-15.765765;312.12;25.161255
2024-10-25 00:00:00;-15.765765;312.12;21.447327
2024-10-25 06:00:00;-15.765765;312.12;19.57785
2024-10-25 12:00:00;-15.765765;312.12;21.069855
2024-10-25 18:00:00;-15.765765;312.12;25.375946
2024-10-26 00:00:00;-15.765765;312.12;22.603516
2024-10-26 06:00:00;-15.765765;312.12;22.48825
2024-10-26 12:00:00;-15.765765;312.12;22.026886
2024-10-26 18:00:00;-15.765765;312.12;28.71878
2024-10-27 00:00:00;-15.765765;312.12;22.299133
2024-10-27 06:00:00;-15.765765;312.12;22.095612
2024-10-27 12:00:00;-15.765765;312.12;21.26529
2024-10-27 18:00:00;-15.765765;312.12;22.611176
2024-10-28 00:00:00;-15.765765;312.12;22.874664
2024-10-28 06:00:00;-15.765765;312.12;19.487335
2024-10-28 12:00:00;-15.765765;312.12;18.559784
2024-10-28 18:00:00;-15.765765;312.12;29.118622
2024-10-29 00:00:00;-15.765765;312.12;23.366913
2024-10-29 06:00:00;-15.765765;312.12;17.562653
2024-10-29 12:00:00;-15.765765;312.12;18.577728
2024-10-29 18:00:00;-15.765765;312.12;25.08786
2024-10-30 00:00:00;-15.765765;312.12;20.738434
2024-10-30 06:00:00;-15.765765;312.12;17.67569
2024-10-30 12:00:00;-15.765765;312.12;18.907074
2024-10-30 18:00:00;-15.765765;312.12;22.34079
2024-10-31 00:00:00;-15.765765;312.12;18.468842
2024-10-31 06:00:00;-15.765765;312.12;17.715363
2024-10-31 12:00:00;-15.765765;312.12;17.587494
2024-10-31 18:00:00;-15.765765;312.12;22.004608
2024-11-01 00:00:00;-15.765765;312.12;17.795563
2024-11-01 06:00:00;-15.765765;312.12;15.168762
2024-11-01 12:00:00;-15.765765;312.12;16.945312
2024-11-01 18:00:00;-15.765765;312.12;22.417084
2024-11-02 00:00:00;-15.765765;312.12;19.913513
2024-11-02 06:00:00;-15.765765;312.12;18.08957
2024-11-02 12:00:00;-15.765765;312.12;19.008545
2024-11-02 18:00:00;-15.765765;312.12;25.42398
2024-11-03 00:00:00;-15.765765;312.12;22.013824
2024-11-03 06:00:00;-15.765765;312.12;18.031097
2024-11-03 12:00:00;-15.765765;312.12;19.186615
2024-11-03 18:00:00;-15.765765;312.12;22.29953
2024-11-04 00:00:00;-15.765765;312.12;20.89389
2024-11-04 06:00:00;-15.765765;312.12;18.72705
2024-11-04 12:00:00;-15.765765;312.12;20.436676
2024-11-04 18:00:00;-15.765765;312.12;24.549225
2024-11-05 00:00:00;-15.765765;312.12;20.251373
2024-11-05 06:00:00;-15.765765;312.12;18.45044
2024-11-05 12:00:00;-15.765765;312.12;18.349884
2024-11-05 18:00:00;-15.765765;312.12;20.795807
2024-11-06 00:00:00;-15.765765;312.12;18.208313
2024-11-06 06:00:00;-15.765765;312.12;16.841858
2024-11-06 12:00:00;-15.765765;312.12;17.065948
2024-11-06 18:00:00;-15.765765;312.12;23.267365
2024-11-07 00:00:00;-15.765765;312.12;20.80252
2024-11-07 06:00:00;-15.765765;312.12;18.734558
2024-11-07 12:00:00;-15.765765;312.12;19.02768
2024-11-07 18:00:00;-15.765765;312.12;23.564545
2024-11-08 00:00:00;-15.765765;312.12;20.656952
2024-11-08 06:00:00;-15.765765;312.12;17.913391
2024-11-08 12:00:00;-15.765765;312.12;19.40271
2024-11-08 18:00:00;-15.765765;312.12;22.37436
2024-11-09 00:00:00;-15.765765;312.12;20.356506
2024-11-09 06:00:00;-15.765765;312.12;19.194122
2024-11-09 12:00:00;-15.765765;312.12;19.185577
2024-11-09 18:00:00;-15.765765;312.12;24.138214
2024-11-10 00:00:00;-15.765765;312.12;19.996613
2024-11-10 06:00:00;-15.765765;312.12;18.965607
2024-11-10 12:00:00;-15.765765;312.12;20.90152
2024-11-10 18:00:00;-15.765765;312.12;26.528778
2024-11-11 00:00:00;-15.765765;312.12;21.480865
2024-11-11 06:00:00;-15.765765;312.12;20.266998
2024-11-11 12:00:00;-15.765765;312.12;21.15158
2024-11-11 18:00:00;-15.765765;312.12;24.39981
2024-11-12 00:00:00;-15.765765;312.12;21.334259
2024-11-12 06:00:00;-15.765765;312.12;17.610992
2024-11-12 12:00:00;-15.765765;312.12;18.880829
2024-11-12 18:00:00;-15.765765;312.12;24.414215
2024-11-13 00:00:00;-15.765765;312.12;22.898865
2024-11-13 06:00:00;-15.765765;312.12;18.696411
2024-11-13 12:00:00;-15.765765;312.12;18.414825
2024-11-13 18:00:00;-15.765765;312.12;22.955536
2024-11-14 00:00:00;-15.765765;312.12;18.617554
2024-11-14 06:00:00;-15.765765;312.12;18.00821
2024-11-14 12:00:00;-15.765765;312.12;18.922089
2024-11-14 18:00:00;-15.765765;312.12;20.98294
2024-11-15 00:00:00;-15.765765;312.12;19.335327
2024-11-15 06:00:00;-15.765765;312.12;18.03476
2024-11-15 12:00:00;-15.765765;312.12;17.212555
2024-11-15 18:00:00;-15.765765;312.12;17.576508
2024-11-16 00:00:00;-15.765765;312.12;17.558075
2024-11-16 06:00:00;-15.765765;312.12;16.917633
2024-11-16 12:00:00;-15.765765;312.12;17.22754
2024-11-16 18:00:00;-15.765765;312.12;19.672028
2024-11-17 00:00:00;-15.765765;312.12;20.224518
2024-11-17 06:00:00;-15.765765;312.12;17.93155
2024-11-17 12:00:00;-15.765765;312.12;18.92978
2024-11-17 18:00:00;-15.765765;312.12;24.921478
2024-11-18 00:00:00;-15.765765;312.12;18.924835
2024-11-18 06:00:00;-15.765765;312.12;17.265778
2024-11-18 12:00:00;-15.765765;312.12;18.701202
2024-11-18 18:00:00;-15.765765;312.12;25.442596
2024-11-19 00:00:00;-15.765765;312.12;19.673615
2024-11-19 06:00:00;-15.765765;312.12;19.700043
2024-11-19 12:00:00;-15.765765;312.12;22.378326
2024-11-19 18:00:00;-15.765765;312.12;26.516754
2024-11-20 00:00:00;-15.765765;312.12;21.953644
2024-11-20 06:00:00;-15.765765;312.12;19.672516
2024-11-20 12:00:00;-15.765765;312.12;21.44339
2024-11-20 18:00:00;-15.765765;312.12;23.879456
2024-11-21 00:00:00;-15.765765;312.12;21.089386
2024-11-21 06:00:00;-15.765765;312.12;19.890533
2024-11-21 12:00:00;-15.765765;312.12;22.401428
2024-11-21 18:00:00;-15.765765;312.12;26.91745
2024-11-22 00:00:00;-15.765765;312.12;21.97232
2024-11-22 06:00:00;-15.765765;312.12;18.423737
2024-11-22 12:00:00;-15.765765;312.12;22.546356
2024-11-22 18:00:00;-15.765765;312.12;26.982391
2024-11-23 00:00:00;-15.765765;312.12;21.011139
2024-11-23 06:00:00;-15.765765;312.12;18.61023
2024-11-23 12:00:00;-15.765765;312.12;22.02597
2024-11-23 18:00:00;-15.765765;312.12;24.222565
2024-11-24 00:00:00;-15.765765;312.12;21.313995
2024-11-24 06:00:00;-15.765765;312.12;18.347382
2024-11-24 12:00:00;-15.765765;312.12;20.685303
2024-11-24 18:00:00;-15.765765;312.12;21.717438
2024-11-25 00:00:00;-15.765765;312.12;18.740204
2024-11-25 06:00:00;-15.765765;312.12;16.92685
2024-11-25 12:00:00;-15.765765;312.12;16.717377
2024-11-25 18:00:00;-15.765765;312.12;23.100006
2024-11-26 00:00:00;-15.765765;312.12;18.872528
2024-11-26 06:00:00;-15.765765;312.12;18.042206
2024-11-26 12:00:00;-15.765765;312.12;18.990509
2024-11-26 18:00:00;-15.765765;312.12;24.153229
2024-11-27 00:00:00;-15.765765;312.12;19.231293
2024-11-27 06:00:00;-15.765765;312.12;18.314362
2024-11-27 12:00:00;-15.765765;312.12;21.042816
2024-11-27 18:00:00;-15.765765;312.12;26.095856
2024-11-28 00:00:00;-15.765765;312.12;20.099457
2024-11-28 06:00:00;-15.765765;312.12;20.720673
2024-11-28 12:00:00;-15.765765;312.12;22.494537
2024-11-28 18:00:00;-15.765765;312.12;26.369629
2024-11-29 00:00:00;-15.765765;312.12;21.294159
2024-11-29 06:00:00;-15.765765;312.12;20.552338
2024-11-29 12:00:00;-15.765765;312.12;23.968536
2024-11-29 18:00:00;-15.765765;312.12;29.986176
2024-11-30 00:00:00;-15.765765;312.12;21.301178
2024-11-30 06:00:00;-15.765765;312.12;20.434235
2024-11-30 12:00:00;-15.765765;312.12;22.847809
2024-11-30 18:00:00;-15.765765;312.12;25.847504
2024-12-01 00:00:00;-15.765765;312.12;22.130829
2024-12-01 06:00:00;-15.765765;312.12;22.32492
2024-12-01 12:00:00;-15.765765;312.12;21.513947
2024-12-01 18:00:00;-15.765765;312.12;23.787354
2024-12-02 00:00:00;-15.765765;312.12;21.54132
2024-12-02 06:00:00;-15.765765;312.12;19.402374
2024-12-02 12:00:00;-15.765765;312.12;21.754303
2024-12-02 18:00:00;-15.765765;312.12;24.980377
2024-12-03 00:00:00;-15.765765;312.12;20.50064
2024-12-03 06:00:00;-15.765765;312.12;20.06131
2024-12-03 12:00:00;-15.765765;312.12;20.422516
2024-12-03 18:00:00;-15.765765;312.12;27.826263
2024-12-04 00:00:00;-15.765765;312.12;20.76474
2024-12-04 06:00:00;-15.765765;312.12;19.995361
2024-12-04 12:00:00;-15.765765;312.12;20.263336
2024-12-04 18:00:00;-15.765765;312.12;26.245697
2024-12-05 00:00:00;-15.765765;312.12;21.11972
2024-12-05 06:00:00;-15.765765;312.12;18.971832
2024-12-05 12:00:00;-15.765765;312.12;21.705597
2024-12-05 18:00:00;-15.765765;312.12;22.466095
2024-12-06 00:00:00;-15.765765;312.12;22.90158
2024-12-06 06:00:00;-15.765765;312.12;22.65097
2024-12-06 12:00:00;-15.765765;312.12;21.978058
2024-12-06 18:00:00;-15.765765;312.12;29.67099
2024-12-07 00:00:00;-15.765765;312.12;22.477875
2024-12-07 06:00:00;-15.765765;312.12;24.11847
2024-12-07 12:00:00;-15.765765;312.12;23.12674
2024-12-07 18:00:00;-15.765765;312.12;30.02713
2024-12-08 00:00:00;-15.765765;312.12;24.205658
2024-12-08 06:00:00;-15.765765;312.12;28.040741
2024-12-08 12:00:00;-15.765765;312.12;23.45819
2024-12-08 18:00:00;-15.765765;312.12;30.251251
2024-12-09 00:00:00;-15.765765;312.12;23.375946
2024-12-09 06:00:00;-15.765765;312.12;22.887115
2024-12-09 12:00:00;-15.765765;312.12;24.128387
2024-12-09 18:00:00;-15.765765;312.12;30.715424
2024-12-10 00:00:00;-15.765765;312.12;23.083588
2024-12-10 06:00:00;-15.765765;312.12;21.841888
2024-12-10 12:00:00;-15.765765;312.12;23.10788
2024-12-10 18:00:00;-15.765765;312.12;24.896942
2024-12-11 00:00:00;-15.765765;312.12;21.047821
2024-12-11 06:00:00;-15.765765;312.12;21.333496
2024-12-11 12:00:00;-15.765765;312.12;21.513733
2024-12-11 18:00:00;-15.765765;312.12;23.319305
2024-12-12 00:00:00;-15.765765;312.12;22.055664
2024-12-12 06:00:00;-15.765765;312.12;20.065094
2024-12-12 12:00:00;-15.765765;312.12;22.67868
2024-12-12 18:00:00;-15.765765;312.12;24.07663
2024-12-13 00:00:00;-15.765765;312.12;22.086761
2024-12-13 06:00:00;-15.765765;312.12;19.010864
2024-12-13 12:00:00;-15.765765;312.12;19.78128
2024-12-13 18:00:00;-15.765765;312.12;24.034637
2024-12-14 00:00:00;-15.765765;312.12;22.63681
2024-12-14 06:00:00;-15.765765;312.12;20.216095
2024-12-14 12:00:00;-15.765765;312.12;21.340118
2024-12-14 18:00:00;-15.765765;312.12;26.747406
2024-12-15 00:00:00;-15.765765;312.12;19.974823
2024-12-15 06:00:00;-15.765765;312.12;17.597198
2024-12-15 12:00:00;-15.765765;312.12;18.959564
2024-12-15 18:00:00;-15.765765;312.12;23.502441
2024-12-16 00:00:00;-15.765765;312.12;20.27179
2024-12-16 06:00:00;-15.765765;312.12;18.915497
2024-12-16 12:00:00;-15.765765;312.12;22.568695
2024-12-16 18:00:00;-15.765765;312.12;27.776703
2024-12-17 00:00:00;-15.765765;312.12;21.058624
2024-12-17 06:00:00;-15.765765;312.12;20.401947
2024-12-17 12:00:00;-15.765765;312.12;22.086945
2024-12-17 18:00:00;-15.765765;312.12;26.990936
2024-12-18 00:00:00;-15.765765;312.12;22.036469
2024-12-18 06:00:00;-15.765765;312.12;20.284729
2024-12-18 12:00:00;-15.765765;312.12;21.434967
2024-12-18 18:00:00;-15.765765;312.12;27.33786
2024-12-19 00:00:00;-15.765765;312.12;21.498505
2024-12-19 06:00:00;-15.765765;312.12;20.222198
2024-12-19 12:00:00;-15.765765;312.12;21.065369
2024-12-19 18:00:00;-15.765765;312.12;26.01947
2024-12-20 00:00:00;-15.765765;312.12;21.668732
2024-12-20 06:00:00;-15.765765;312.12;20.683197
2024-12-20 12:00:00;-15.765765;312.12;23.006104
2024-12-20 18:00:00;-15.765765;312.12;24.261688
2024-12-21 00:00:00;-15.765765;312.12;21.378906
2024-12-21 06:00:00;-15.765765;312.12;19.315338
2024-12-21 12:00:00;-15.765765;312.12;20.277435
2024-12-21 18:00:00;-15.765765;312.12;24.251862
2024-12-22 00:00:00;-15.765765;312.12;20.835297
2024-12-22 06:00:00;-15.765765;312.12;19.18335
2024-12-22 12:00:00;-15.765765;312.12;18.91043
2024-12-22 18:00:00;-15.765765;312.12;24.112518
2024-12-23 00:00:00;-15.765765;312.12;21.33078
2024-12-23 06:00:00;-15.765765;312.12;20.68808
2024-12-23 12:00:00;-15.765765;312.12;23.702301
2024-12-23 18:00:00;-15.765765;312.12;25.976227
2024-12-24 00:00:00;-15.765765;312.12;22.239899
2024-12-24 06:00:00;-15.765765;312.12;21.067017
2024-12-24 12:00:00;-15.765765;312.12;21.346802
2024-12-24 18:00:00;-15.765765;312.12;24.25058
2024-12-25 00:00:00;-15.765765;312.12;19.296692
2024-12-25 06:00:00;-15.765765;312.12;17.69162
2024-12-25 12:00:00;-15.765765;312.12;19.126465
2024-12-25 18:00:00;-15.765765;312.12;21.903534
2024-12-26 00:00:00;-15.765765;312.12;20.333557
2024-12-26 06:00:00;-15.765765;312.12;18.359222
2024-12-26 12:00:00;-15.765765;312.12;19.570831
2024-12-26 18:00:00;-15.765765;312.12;22.102386
2024-12-27 00:00:00;-15.765765;312.12;20.172028
2024-12-27 06:00:00;-15.765765;312.12;19.229279
2024-12-27 12:00:00;-15.765765;312.12;19.532745
2024-12-27 18:00:00;-15.765765;312.12;25.234772
2024-12-28 00:00:00;-15.765765;312.12;19.811829
2024-12-28 06:00:00;-15.765765;312.12;19.30954
2024-12-28 12:00:00;-15.765765;312.12;18.400604
2024-12-28 18:00:00;-15.765765;312.12;23.877472
2024-12-29 00:00:00;-15.765765;312.12;19.661102
2024-12-29 06:00:00;-15.765765;312.12;18.507904
2024-12-29 12:00:00;-15.765765;312.12;18.647552
2024-12-29 18:00:00;-15.765765;312.12;24.353882
2024-12-30 00:00:00;-15.765765;312.12;21.56424
2024-12-30 06:00:00;-15.765765;312.12;19.65268
2024-12-30 12:00:00;-15.765765;312.12;19.265167
2024-12-30 18:00:00;-15.765765;312.12;22.59018
2024-12-31 00:00:00;-15.765765;312.12;20.432953
2024-12-31 06:00:00;-15.765765;312.12;19.670624
2024-12-31 12:00:00;-15.765765;312.12;21.61499
2024-12-31 18:00:00;-15.765765;312.12;24.243622
